"Step","env: CHICKENBANANA - lambdas/Objective","env: CHICKENBANANA - lambdas/Objective__MIN","env: CHICKENBANANA - lambdas/Objective__MAX"
"1","0.33333333333333337","0.3333333333333333","0.3333333333333333"
"2","0.33333333333333337","0.3333333333333333","0.3333333333333333"
"3","0.33333333333333337","0.3333333333333333","0.3333333333333333"
"4","0.33333333333333337","0.3333333333333333","0.3333333333333333"
"5","0.33333333333333337","0.3333333333333333","0.3333333333333333"
"6","0.33333333333333337","0.3333333333333333","0.3333333333333333"
"7","0.33333333333333337","0.3333333333333333","0.3333333333333333"
"8","0.33333333333333337","0.3333333333333333","0.3333333333333333"
"9","0.33333333333333337","0.3333333333333333","0.3333333333333333"
"10","0.48071428537368777","0","1"
"11","0.48069503009319303","0","1"
"12","0.4806592032313347","0","1"
"13","0.4802776828408241","0","1"
"14","0.47944388538599014","0","1"
"15","0.47873632311820985","0","1"
"16","0.4784971818327904","0","1"
"17","0.47879650443792343","0","1"
"18","0.4797986626625061","0","1"
"19","0.4804528787732124","0","1"
"20","0.48126926422119143","0","1"
"21","0.4824003979563713","0","1"
"22","0.48386459052562714","0","1"
"23","0.4857034280896187","0","1"
"24","0.48836182057857513","0","1"
"25","0.49157549291849134","0","1"
"26","0.4947859138250351","0","1"
"27","0.4979871571063995","0","1"
"28","0.5009239763021469","0","1"
"29","0.5044065773487091","0","1"
"30","0.5079723268747329","0","1"
"31","0.5115274310111999","0","1"
"32","0.5149734139442443","0","1"
"33","0.5184014171361924","0","1"
"34","0.5217212617397309","0","1"
"35","0.5248671621084213","0","1"
"36","0.527971675992012","0","1"
"37","0.5311554908752442","0","1"
"38","0.5346120744943619","0","1"
"39","0.5378347247838974","0","1"
"40","0.5411013215780258","0","1"
"41","0.5444401890039444","0","1"
"42","0.5477598011493683","0","1"
"43","0.5511559098958969","0","1"
"44","0.5544134318828583","0","1"
"45","0.5575797080993652","0","1"
"46","0.5608139485120773","0","1"
"47","0.5640338629484176","0","1"
"48","0.5669958591461182","0","1"
"49","0.5698584914207458","0","1"
"50","0.5725690305233002","0","1"
"51","0.5748548775911331","0","1"
"52","0.577199187874794","0","1"
"53","0.5791532069444656","0","1"
"54","0.581138762831688","0","1"
"55","0.583319503068924","0","1"
"56","0.585413184762001","0","1"
"57","0.58744598031044","0","1"
"58","0.5894916504621506","0","1"
"59","0.5917593836784363","0","1"
"60","0.5939447194337845","0","1"
"61","0.5965287685394287","0","1"
"62","0.5989286959171295","0","1"
"63","0.6015355229377747","0","1"
"64","0.6041566759347916","0","1"
"65","0.6066825270652771","0","1"
"66","0.6090244323015213","0","1"
"67","0.6112369239330292","0","1"
"68","0.6134540230035782","0","1"
"69","0.6155139237642289","0","1"
"70","0.6177051067352295","0","1"
"71","0.6198679238557816","0","1"
"72","0.6221187293529511","0","1"
"73","0.6242700338363647","0","1"
"74","0.6264799386262894","0","1"
"75","0.6285114347934723","0","1"
"76","0.6306213945150375","0","1"
"77","0.6327565222978592","0","1"
"78","0.6350044935941697","0","1"
"79","0.6373100072145462","0","1"
"80","0.6395900845527649","0","1"
"81","0.6417709410190582","0","1"
"82","0.6438811182975769","0","1"
"83","0.6460415184497833","0","1"
"84","0.6480472207069397","0","1"
"85","0.6501806199550628","0","1"
"86","0.6522907853126526","0","1"
"87","0.6542857587337494","0","1"
"88","0.6563600599765778","0","1"
"89","0.6584120273590088","0","1"
"90","0.6604420363903045","0","1"
"91","0.6623875141143799","0","1"
"92","0.6643439590930938","0","1"
"93","0.6661961317062378","0","1"
"94","0.6680667281150818","0","1"
"95","0.6698897778987885","0","1"
"96","0.6715783894062042","0","1"
"97","0.6734301626682282","0","1"
"98","0.6751178085803986","0","1"
"99","0.6769017457962037","0","1"
"100","0.6785717785358429","0","1"
"101","0.680356228351593","0","1"
"102","0.6820849716663361","0","1"
"103","0.6839388847351074","0","1"
"104","0.6858259856700897","0","1"
"105","0.6877248823642731","0","1"
"106","0.6897203683853149","0","1"
"107","0.6916223585605621","0","1"
"108","0.6935072064399719","0","1"
"109","0.6953194320201874","0","1"
"110","0.6972125470638275","0","1"
"111","0.6990385532379151","0","1"
"112","0.7008479714393616","0","1"
"113","0.7025433361530304","0","1"
"114","0.7042717278003693","0","1"
"115","0.7059708297252655","0","1"
"116","0.7076548039913177","0","1"
"117","0.7093113958835602","0","1"
"118","0.7109536588191986","0","1"
"119","0.7126650154590607","0","1"
"120","0.7144390046596527","0","1"
"121","0.7164109230041504","0","1"
"122","0.7184518933296203","0","1"
"123","0.7204367995262146","0","1"
"124","0.7222640693187714","0","1"
"125","0.7240831673145294","0","1"
"126","0.7259922862052918","0","1"
"127","0.7278559267520904","0","1"
"128","0.7297453820705414","0","1"
"129","0.7314710795879364","0","1"
"130","0.7331024706363678","0","1"
"131","0.7345033943653106","0","1"
"132","0.73584845662117","0","1"
"133","0.7371822416782379","0","1"
"134","0.7386125385761261","0","1"
"135","0.7400317430496216","0","1"
"136","0.7413317680358886","0","1"
"137","0.7426587045192719","0","1"
"138","0.7439321219921112","0","1"
"139","0.7453087210655213","0","1"
"140","0.7466739118099213","0","1"
"141","0.7481053471565247","0","1"
"142","0.749409657716751","0","1"
"143","0.7507652282714844","0","1"
"144","0.7519999027252198","0","1"
"145","0.7532806694507599","0","1"
"146","0.7545505166053772","0","1"
"147","0.755809611082077","0","1"
"148","0.7572164356708526","0","1"
"149","0.7585735023021698","0","1"
"150","0.7599197149276733","0","1"
"151","0.7611779510974884","0","1"
"152","0.7625414788722992","0","1"
"153","0.7638944208621978","0","1"
"154","0.7652426958084106","0","1"
"155","0.7665231108665467","0","1"
"156","0.7677935123443603","0","1"
"157","0.7690985918045044","0","1"
"158","0.7702333390712738","0","1"
"159","0.7712824404239654","0","1"
"160","0.772245717048645","0","1"
"161","0.7732777714729309","0","1"
"162","0.7742563605308532","0","1"
"163","0.7751634061336518","0","1"
"164","0.7760566413402558","0","1"
"165","0.7769424498081208","0","1"
"166","0.7778209865093231","0","1"
"167","0.7787229478359222","0","1"
"168","0.779617190361023","0","1"
"169","0.78063405752182","0","1"
"170","0.7817181766033172","0","1"
"171","0.7827179074287415","0","1"
"172","0.7837616741657257","0","1"
"173","0.7847973108291626","0","1"
"174","0.7858248770236969","0","1"
"175","0.7869021952152252","0","1"
"176","0.7879713475704193","0","1"
"177","0.7889554679393769","0","1"
"178","0.7899320781230926","0","1"
"179","0.7907703340053558","0","1"
"180","0.7917255103588104","0","1"
"181","0.7928117513656616","0","1"
"182","0.7937578856945038","0","1"
"183","0.7947734355926513","0","1"
"184","0.7957816004753113","0","1"
"185","0.796724385023117","0","1"
"186","0.7977187514305115","0","1"
"187","0.7988182067871094","0","1"
"188","0.799910032749176","0","1"
"189","0.8009943723678589","0","1"
"190","0.8019461154937744","0","1"
"191","0.8027520418167114","0","1"
"192","0.803629744052887","0","1"
"193","0.8044241011142731","0","1"
"194","0.8052126824855804","0","1"
"195","0.8059953808784485","0","1"
"196","0.8067134022712708","0","1"
"197","0.8072518110275269","0","1"
"198","0.8078405022621155","0","1"
"199","0.8084246337413787","0","1"
"200","0.809004271030426","0","1"
"201","0.809502798318863","0","1"
"202","0.8099976301193237","0","1"
"203","0.8104887425899505","0","1"
"204","0.8110921859741211","0","1"
"205","0.8116750836372375","0","1"
"206","0.8123284161090851","0","1"
"207","0.8131085574626923","0","1"
"208","0.8138279557228089","0","1"
"209","0.8145422995090484","0","1"
"210","0.8152996957302093","0","1"
"211","0.8161833226680756","0","1"
"212","0.817061048746109","0","1"
"213","0.8179814398288727","0","1"
"214","0.8188348829746246","0","1"
"215","0.8197568178176879","0","1"
"216","0.8206602752208709","0","1"
"217","0.8214878439903259","0","1"
"218","0.8223392069339752","0","1"
"219","0.823186194896698","0","1"
"220","0.823979252576828","0","1"
"221","0.8247609376907349","0","1"
"222","0.8255995810031891","0","1"
"223","0.8263837933540344","0","1"
"224","0.8271069526672363","0","1"
"225","0.8278387725353241","0","1"
"226","0.8285662114620209","0","1"
"227","0.8293612480163575","0","1"
"228","0.8301195859909057","0","1"
"229","0.830872905254364","0","1"
"230","0.8316212296485901","0","1"
"231","0.8322997152805328","0","1"
"232","0.8328433871269226","0","1"
"233","0.8333833515644073","0","1"
"234","0.8339195728302002","0","1"
"235","0.834509688615799","0","1"
"236","0.8350333988666534","0","1"
"237","0.8356210887432098","0","1"
"238","0.8362046718597412","0","1"
"239","0.8368350207805634","0","1"
"240","0.8374611079692841","0","1"
"241","0.8380206048488616","0","1"
"242","0.8385763227939605","0","1"
"243","0.839128291606903","0","1"
"244","0.8396765410900116","0","1"
"245","0.8401632368564605","0","1"
"246","0.8406465768814086","0","1"
"247","0.8410591602325439","0","1"
"248","0.8414689481258393","0","1"
"249","0.8418244600296021","0","1"
"250","0.8422391355037689","0","1"
"251","0.8427127063274383","0","1"
"252","0.8432451725006104","0","1"
"253","0.8437744319438935","0","1"
"254","0.8443006336688995","0","1"
"255","0.8448236882686615","0","1"
"256","0.845343679189682","0","1"
"257","0.8458605885505677","0","1"
"258","0.8463744759559632","0","1"
"259","0.8469514489173889","0","1"
"260","0.8475131630897522","0","1"
"261","0.8480635702610015","0","1"
"262","0.8485989034175873","0","1"
"263","0.849131065607071","0","1"
"264","0.8496600389480591","0","1"
"265","0.850185889005661","0","1"
"266","0.8507086098194122","0","1"
"267","0.8512282371520996","0","1"
"268","0.8517448246479035","0","1"
"269","0.8521923542022705","0","1"
"270","0.8526416838169097","0","1"
"271","0.8530323803424835","0","1"
"272","0.8533679664134979","0","1"
"273","0.8537033259868622","0","1"
"274","0.8540364503860474","0","1"
"275","0.8544231235980988","0","1"
"276","0.8548728466033936","0","1"
"277","0.8553198337554931","0","1"
"278","0.8558167099952698","0","1"
"279","0.8563107013702392","0","1"
"280","0.8567972838878631","0","1"
"281","0.8572812139987945","0","1"
"282","0.857762485742569","0","1"
"283","0.8582385361194611","0","1"
"284","0.8587118148803711","0","1"
"285","0.8591263055801391","0","1"
"286","0.8595259308815002","0","1"
"287","0.8599235951900482","0","1"
"288","0.8602655112743378","0","1"
"289","0.8606710851192474","0","1"
"290","0.861020302772522","0","1"
"291","0.8613031804561615","0","1"
"292","0.8615842521190643","0","1"
"293","0.861919367313385","0","1"
"294","0.8621870994567871","0","1"
"295","0.862453031539917","0","1"
"296","0.8626632392406464","0","1"
"297","0.8628721177577973","0","1"
"298","0.863079696893692","0","1"
"299","0.8632859647274017","0","1"
"300","0.8634909570217133","0","1"
"301","0.8637586832046509","0","1"
"302","0.8640247106552124","0","1"
"303","0.8642329216003418","0","1"
"304","0.864439731836319","0","1"
"305","0.8646451950073242","0","1"
"306","0.8648493111133575","0","1"
"307","0.8650520443916321","0","1"
"308","0.865253460407257","0","1"
"309","0.8654535591602326","0","1"
"310","0.865652346611023","0","1"
"311","0.8658498287200928","0","1"
"312","0.866046005487442","0","1"
"313","0.8662409245967865","0","1"
"314","0.8664345681667328","0","1"
"315","0.8666269302368164","0","1"
"316","0.8668180644512177","0","1"
"317","0.8670079469680786","0","1"
"318","0.8671965837478638","0","1"
"319","0.8673840284347534","0","1"
"320","0.8675702452659607","0","1"
"321","0.8677552461624145","0","1"
"322","0.8679390668869018","0","1"
"323","0.86816885471344","0","1"
"324","0.8683972477912902","0","1"
"325","0.8686243414878845","0","1"
"326","0.8688501358032227","0","1"
"327","0.8690746128559113","0","1"
"328","0.8693566381931305","0","1"
"329","0.869637006521225","0","1"
"330","0.8699158072471619","0","1"
"331","0.8701929986476898","0","1"
"332","0.8704686045646668","0","1"
"333","0.8707501411437988","0","1"
"334","0.8710300028324127","0","1"
"335","0.8713082253932953","0","1"
"336","0.8715847849845886","0","1"
"337","0.8718597292900085","0","1"
"338","0.872074031829834","0","1"
"339","0.8722870588302613","0","1"
"340","0.8724988460540771","0","1"
"341","0.872709333896637","0","1"
"342","0.8729185998439789","0","1"
"343","0.8731266319751739","0","1"
"344","0.8733334124088288","0","1"
"345","0.8735389530658721","0","1"
"346","0.8737432837486268","0","1"
"347","0.8739464223384857","0","1"
"348","0.8741483509540557","0","1"
"349","0.8743490815162659","0","1"
"350","0.8745486259460449","0","1"
"351","0.8747470080852509","0","1"
"352","0.8749973595142364","0","1"
"353","0.8751904547214509","0","1"
"354","0.8753824234008789","0","1"
"355","0.8755733072757721","0","1"
"356","0.875763076543808","0","1"
"357","0.8760075211524964","0","1"
"358","0.8763064622879029","0","1"
"359","0.876603877544403","0","1"
"360","0.8768997848033905","0","1"
"361","0.8771942257881165","0","1"
"362","0.8774336218833924","0","1"
"363","0.8777263581752777","0","1"
"364","0.8780176341533661","0","1"
"365","0.878307443857193","0","1"
"366","0.8786493062973022","0","1"
"367","0.8789327681064606","0","1"
"368","0.8791580736637116","0","1"
"369","0.8793821573257447","0","1"
"370","0.8796050250530243","0","1"
"371","0.879826694726944","0","1"
"372","0.8800471425056458","0","1"
"373","0.8802114307880402","0","1"
"374","0.8803747951984405","0","1"
"375","0.8805372595787049","0","1"
"376","0.8806448757648468","0","1"
"377","0.8807518184185028","0","1"
"378","0.8808581352233886","0","1"
"379","0.8809638142585754","0","1"
"380","0.8810688316822052","0","1"
"381","0.8811732292175293","0","1"
"382","0.8812770009040832","0","1"
"383","0.8813801229000091","0","1"
"384","0.8814826488494873","0","1"
"385","0.8815845370292663","0","1"
"386","0.8816857993602752","0","1"
"387","0.8817864716053009","0","1"
"388","0.8818865299224854","0","1"
"389","0.881985992193222","0","1"
"390","0.8820848643779755","0","1"
"391","0.8821831285953522","0","1"
"392","0.8823374032974243","0","1"
"393","0.8824908018112183","0","1"
"394","0.882643336057663","0","1"
"395","0.882794988155365","0","1"
"396","0.8829457879066467","0","1"
"397","0.8830957293510437","0","1"
"398","0.8832157492637634","0","1"
"399","0.8833073794841766","0","1"
"400","0.8833984732627869","0","1"
"401","0.8834890365600586","0","1"
"402","0.883579033613205","0","1"
"403","0.8836685240268707","0","1"
"404","0.8837574779987335","0","1"
"405","0.8838459074497222","0","1"
"406","0.8839337944984436","0","1"
"407","0.8840211868286133","0","1"
"408","0.88410804271698","0","1"
"409","0.8841944217681885","0","1"
"410","0.8842802584171295","0","1"
"411","0.8843656122684479","0","1"
"412","0.8844504535198212","0","1"
"413","0.8845348000526428","0","1"
"414","0.8846186518669128","0","1"
"415","0.8847020089626312","0","1"
"416","0.8847848773002625","0","1"
"417","0.8848672568798065","0","1"
"418","0.8850041925907135","0","1"
"419","0.8851403832435608","0","1"
"420","0.8852758228778839","0","1"
"421","0.8854105174541473","0","1"
"422","0.8855444908142089","0","1"
"423","0.8856777131557465","0","1"
"424","0.88581023812294","0","1"
"425","0.885942029953003","0","1"
"426","0.8860339522361755","0","1"
"427","0.8861092150211334","0","1"
"428","0.8861840307712555","0","1"
"429","0.8862584233283997","0","1"
"430","0.886332368850708","0","1"
"431","0.8864059090614319","0","1"
"432","0.8864790141582489","0","1"
"433","0.8865516960620881","0","1"
"434","0.8866239666938782","0","1"
"435","0.8866958141326904","0","1"
"436","0.8867672622203827","0","1"
"437","0.8868382811546326","0","1"
"438","0.8869088888168335","0","1"
"439","0.8870322167873382","0","1"
"440","0.8872077226638794","0","1"
"441","0.8873823344707489","0","1"
"442","0.8875560998916626","0","1"
"443","0.8877289831638336","0","1"
"444","0.8879010200500488","0","1"
"445","0.8880721867084503","0","1"
"446","0.888242495059967","0","1"
"447","0.8884119629859925","0","1"
"448","0.8886337995529174","0","1"
"449","0.8888011455535889","0","1"
"450","0.8889143645763398","0","1"
"451","0.8890246093273163","0","1"
"452","0.889134305715561","0","1"
"453","0.8892434418201447","0","1"
"454","0.8893520474433899","0","1"
"455","0.8894601106643677","0","1"
"456","0.8895676493644714","0","1"
"457","0.8896746397018432","0","1"
"458","0.8897274374961853","0","1"
"459","0.8897799551486969","0","1"
"460","0.8898855149745941","0","1"
"461","0.8899928748607635","0","1"
"462","0.8900996685028076","0","1"
"463","0.8902059376239777","0","1"
"464","0.8903116345405578","0","1"
"465","0.890416806936264","0","1"
"466","0.8905214190483093","0","1"
"467","0.8906255066394806","0","1"
"468","0.8907290637493134","0","1"
"469","0.890832108259201","0","1"
"470","0.8908808767795563","0","1"
"471","0.8909293591976166","0","1"
"472","0.8909775793552399","0","1"
"473","0.8910255134105682","0","1"
"474","0.8910732090473175","0","1"
"475","0.8911206126213074","0","1"
"476","0.8911677479743958","0","1"
"477","0.8912146329879761","0","1"
"478","0.8912612318992614","0","1"
"479","0.8913075864315033","0","1"
"480","0.8913536787033081","0","1"
"481","0.8913995206356049","0","1"
"482","0.8914450764656067","0","1"
"483","0.8914903938770294","0","1"
"484","0.8915354549884796","0","1"
"485","0.8915802717208863","0","1"
"486","0.8916248321533203","0","1"
"487","0.8916691243648529","0","1"
"488","0.8917131960391999","0","1"
"489","0.8917570114135742","0","1"
"490","0.8918005943298339","0","1"
"491","0.8918439269065856","0","1"
"492","0.8918869972229004","0","1"
"493","0.8919298589229584","0","1"
"494","0.8919724643230438","0","1"
"495","0.8920148253440857","0","1"
"496","0.8920569598674775","0","1"
"497","0.89209885597229","0","1"
"498","0.8921405375003815","0","1"
"499","0.8921819627285004","0","1"
"500","0.8922231733798981","0","1"
"501","0.8922641456127167","0","1"
"502","0.8923048853874207","0","1"
"503","0.892345416545868","0","1"
"504","0.892385733127594","0","1"
"505","0.8924789011478425","0","1"
"506","0.892571610212326","0","1"
"507","0.8926638543605805","0","1"
"508","0.8927556574344635","0","1"
"509","0.8928469955921173","0","1"
"510","0.8929378867149353","0","1"
"511","0.893028324842453","0","1"
"512","0.8931710600852967","0","1"
"513","0.8933131337165833","0","1"
"514","0.893454521894455","0","1"
"515","0.8935417234897614","0","1"
"516","0.8936285018920899","0","1"
"517","0.8937148571014404","0","1"
"518","0.8938007950782776","0","1"
"519","0.8938863039016723","0","1"
"520","0.8939714074134827","0","1"
"521","0.8940560579299927","0","1"
"522","0.8940871477127075","0","1"
"523","0.894118070602417","0","1"
"524","0.8941488265991211","0","1"
"525","0.8941794097423553","0","1"
"526","0.8942098140716552","0","1"
"527","0.8942400634288787","0","1"
"528","0.8942701518535614","0","1"
"529","0.8943000733852386","0","1"
"530","0.894329822063446","0","1"
"531","0.8943594217300415","0","1"
"532","0.8943888485431671","0","1"
"533","0.8944181203842163","0","1"
"534","0.8944472253322602","0","1"
"535","0.8944761991500855","0","1"
"536","0.894554203748703","0","1"
"537","0.8946318805217743","0","1"
"538","0.8947092056274414","0","1"
"539","0.8947861909866333","0","1"
"540","0.89486283659935","0","1"
"541","0.8949391424655915","0","1"
"542","0.8950151085853577","0","1"
"543","0.895143574476242","0","1"
"544","0.8952714741230011","0","1"
"545","0.8953987896442414","0","1"
"546","0.8954758167266845","0","1"
"547","0.8955524444580079","0","1"
"548","0.8956287384033204","0","1"
"549","0.8957046210765839","0","1"
"550","0.8957801520824432","0","1"
"551","0.8958553314208985","0","1"
"552","0.8959301352500916","0","1"
"553","0.8959513425827026","0","1"
"554","0.8959724247455597","0","1"
"555","0.8959933996200562","0","1"
"556","0.8960142612457276","0","1"
"557","0.8960350155830383","0","1"
"558","0.8960556507110595","0","1"
"559","0.8960761785507202","0","1"
"560","0.8960965812206269","0","1"
"561","0.8961169004440308","0","1"
"562","0.8961370825767517","0","1"
"563","0.896157169342041","0","1"
"564","0.8962302088737488","0","1"
"565","0.8963028848171234","0","1"
"566","0.8963612258434296","0","1"
"567","0.8963801145553589","0","1"
"568","0.8963989019393921","0","1"
"569","0.8964175701141357","0","1"
"570","0.8964349269866944","0","1"
"571","0.8964521944522857","0","1"
"572","0.8964693903923034","0","1"
"573","0.8964864909648895","0","1"
"574","0.8965035140514374","0","1"
"575","0.896520447731018","0","1"
"576","0.8965373158454895","0","1"
"577","0.8965540885925293","0","1"
"578","0.8965707957744599","0","1"
"579","0.8965874075889587","0","1"
"580","0.8966051399707794","0","1"
"581","0.8966227769851685","0","1"
"582","0.8966403186321259","0","1"
"583","0.8966577649116516","0","1"
"584","0.8966751217842102","0","1"
"585","0.8966923773288726","0","1"
"586","0.8967095375061035","0","1"
"587","0.8967266082763672","0","1"
"588","0.8967436015605926","0","1"
"589","0.8967604875564575","0","1"
"590","0.8967772781848907","0","1"
"591","0.8967939853668213","0","1"
"592","0.8968106150627136","0","1"
"593","0.8968271315097809","0","1"
"594","0.8968435883522033","0","1"
"595","0.8968599259853363","0","1"
"596","0.8968761980533599","0","1"
"597","0.8968923807144165","0","1"
"598","0.8969084739685058","0","1"
"599","0.896924477815628","0","1"
"600","0.8969403803348541","0","1"
"601","0.8969562232494355","0","1"
"602","0.896971982717514","0","1"
"603","0.8969876348972321","0","1"
"604","0.8970032215118409","0","1"
"605","0.8970187127590179","0","1"
"606","0.8970341384410858","0","1"
"607","0.897049468755722","0","1"
"608","0.8970647156238556","0","1"
"609","0.8970798969268798","0","1"
"610","0.897094976902008","0","1"
"611","0.897109979391098","0","1"
"612","0.8971249103546143","0","1"
"613","0.8971397578716278","0","1"
"614","0.8971545338630676","0","1"
"615","0.8971692204475403","0","1"
"616","0.8971838295459748","0","1"
"617","0.8971983551979065","0","1"
"618","0.897212815284729","0","1"
"619","0.8972271859645844","0","1"
"620","0.8972414970397949","0","1"
"621","0.8972557306289672","0","1"
"622","0.8972698807716369","0","1"
"623","0.897283959388733","0","1"
"624","0.8972979426383972","0","1"
"625","0.8973118841648102","0","1"
"626","0.8973257303237915","0","1"
"627","0.8973395109176636","0","1"
"628","0.8973532259464264","0","1"
"629","0.8973668456077576","0","1"
"630","0.8973804116249084","0","1"
"631","0.8973939061164856","0","1"
"632","0.8974073231220245","0","1"
"633","0.8974206745624542","0","1"
"634","0.8974339425563812","0","1"
"635","0.897447144985199","0","1"
"636","0.8974602878093719","0","1"
"637","0.8974733591079712","0","1"
"638","0.8974863469600678","0","1"
"639","0.897499269247055","0","1"
"640","0.8975121259689331","0","1"
"641","0.8975249171257019","0","1"
"642","0.8975376486778259","0","1"
"643","0.8975503087043762","0","1"
"644","0.8975628972053528","0","1"
"645","0.89757542014122","0","1"
"646","0.8975878775119781","0","1"
"647","0.8976002752780914","0","1"
"648","0.8976125895977021","0","1"
"649","0.8976248562335968","0","1"
"650","0.8976370573043824","0","1"
"651","0.8976491808891296","0","1"
"652","0.8976612508296966","0","1"
"653","0.8976732552051544","0","1"
"654","0.8976851999759674","0","1"
"655","0.8976970791816712","0","1"
"656","0.8977088987827301","0","1"
"657","0.8977206528186799","0","1"
"658","0.8977323472499847","0","1"
"659","0.8977439761161804","0","1"
"660","0.8977555334568024","0","1"
"661","0.8977670550346375","0","1"
"662","0.8977784991264344","0","1"
"663","0.8977898836135865","0","1"
"664","0.8978012144565582","0","1"
"665","0.8978124856948853","0","1"
"666","0.897823691368103","0","1"
"667","0.897834837436676","0","1"
"668","0.8978459417819977","0","1"
"669","0.8978569686412812","0","1"
"670","0.8978679299354553","0","1"
"671","0.8978788554668427","0","1"
"672","0.8978897273540497","0","1"
"673","0.897900527715683","0","1"
"674","0.8979112684726716","0","1"
"675","0.8979219734668732","0","1"
"676","0.8979326069355011","0","1"
"677","0.8979431807994842","0","1"
"678","0.8979537010192871","0","1"
"679","0.8979641735553742","0","1"
"680","0.8979745924472808","0","1"
"681","0.8979849398136139","0","1"
"682","0.8979952514171601","0","1"
"683","0.8980054974555969","0","1"
"684","0.898015707731247","0","1"
"685","0.8980258524417877","0","1"
"686","0.8980359315872193","0","1"
"687","0.8980459749698639","0","1"
"688","0.8980559587478638","0","1"
"689","0.8980659008026123","0","1"
"690","0.8980757832527161","0","1"
"691","0.898085606098175","0","1"
"692","0.8980953812599182","0","1"
"693","0.8981051087379456","0","1"
"694","0.8981147944927216","0","1"
"695","0.8981244266033173","0","1"
"696","0.8981340110301972","0","1"
"697","0.8981435239315033","0","1"
"698","0.8981530129909515","0","1"
"699","0.8981624364852905","0","1"
"700","0.8981718182563782","0","1"
"701","0.8981811463832855","0","1"
"702","0.8981904149055481","0","1"
"703","0.8981996595859527","0","1"
"704","0.8982088506221771","0","1"
"705","0.8982179820537567","0","1"
"706","0.8982270717620849","0","1"
"707","0.8982361137866974","0","1"
"708","0.8982451140880585","0","1"
"709","0.8982540547847748","0","1"
"710","0.8982629656791687","0","1"
"711","0.8982718169689179","0","1"
"712","0.8982806205749512","0","1"
"713","0.8982894003391266","0","1"
"714","0.8982981145381927","0","1"
"715","0.8983067810535431","0","1"
"716","0.8983154118061065","0","1"
"717","0.8983239948749542","0","1"
"718","0.8983325362205505","0","1"
"719","0.8983410239219666","0","1"
"720","0.8983494699001312","0","1"
"721","0.8983578860759736","0","1"
"722","0.898366242647171","0","1"
"723","0.8983745634555816","0","1"
"724","0.898382842540741","0","1"
"725","0.89839106798172","0","1"
"726","0.8983992576599121","0","1"
"727","0.8984074056148529","0","1"
"728","0.8984155237674714","0","1"
"729","0.8984235882759094","0","1"
"730","0.8984316051006317","0","1"
"731","0.8984395861625671","0","1"
"732","0.8984475314617157","0","1"
"733","0.8984554171562195","0","1"
"734","0.8984632909297943","0","1"
"735","0.8984710991382598","0","1"
"736","0.8984788715839386","0","1"
"737","0.8984866142272949","0","1"
"738","0.8984943091869354","0","1"
"739","0.898501968383789","0","1"
"740","0.8985095798969269","0","1"
"741","0.8985171556472779","0","1"
"742","0.8985247015953064","0","1"
"743","0.8985321938991546","0","1"
"744","0.8985396504402161","0","1"
"745","0.898547089099884","0","1"
"746","0.8985544621944428","0","1"
"747","0.8985618114471435","0","1"
"748","0.898569118976593","0","1"
"749","0.8985763907432556","0","1"
"750","0.8985836267471313","0","1"
"751","0.8985908150672912","0","1"
"752","0.8985979735851288","0","1"
"753","0.8986050963401795","0","1"
"754","0.8986121773719787","0","1"
"755","0.8986192226409913","0","1"
"756","0.8986262381076813","0","1"
"757","0.8986332237720489","0","1"
"758","0.8986401557922363","0","1"
"759","0.8986470460891723","0","1"
"760","0.8986539125442505","0","1"
"761","0.8986607551574707","0","1"
"762","0.8986675560474395","0","1"
"763","0.8986743092536926","0","1"
"764","0.8986810445785522","0","1"
"765","0.898687744140625","0","1"
"766","0.8986943900585175","0","1"
"767","0.8987010300159455","0","1"
"768","0.8987076163291932","0","1"
"769","0.8987141728401185","0","1"
"770","0.8987206935882568","0","1"
"771","0.8987271785736084","0","1"
"772","0.898733627796173","0","1"
"773","0.8987400472164154","0","1"
"774","0.8987464487552643","0","1"
"775","0.8987528026103974","0","1"
"776","0.8987591207027436","0","1"
"777","0.8987654149532318","0","1"
"778","0.8987716674804688","0","1"
"779","0.8987778961658478","0","1"
"780","0.8987840831279754","0","1"
"781","0.8987902641296387","0","1"
"782","0.8987963855266571","0","1"
"783","0.8988024950027466","0","1"
"784","0.8988085627555847","0","1"
"785","0.898814594745636","0","1"
"786","0.8988205969333649","0","1"
"787","0.8988265752792358","0","1"
"788","0.8988325119018554","0","1"
"789","0.8988384366035461","0","1"
"790","0.8988443076610565","0","1"
"791","0.898850166797638","0","1"
"792","0.8988559961318969","0","1"
"793","0.8988617837429047","0","1"
"794","0.8988675475120544","0","1"
"795","0.8988732814788818","0","1"
"796","0.8988789796829224","0","1"
"797","0.8988846600055694","0","1"
"798","0.8988903045654297","0","1"
"799","0.898895925283432","0","1"
"800","0.898901516199112","0","1"
"801","0.898907083272934","0","1"
"802","0.8989126145839691","0","1"
"803","0.8989181101322175","0","1"
"804","0.8989235937595368","0","1"
"805","0.8989290356636047","0","1"
"806","0.8989344477653504","0","1"
"807","0.898939847946167","0","1"
"808","0.8989452064037323","0","1"
"809","0.8989505410194397","0","1"
"810","0.8989558517932892","0","1"
"811","0.8989611387252807","0","1"
"812","0.8989664018154144","0","1"
"813","0.8989716231822967","0","1"
"814","0.8989768266677857","0","1"
"815","0.8989820003509521","0","1"
"816","0.8989871323108674","0","1"
"817","0.898992270231247","0","1"
"818","0.8989973664283752","0","1"
"819","0.8990024268627167","0","1"
"820","0.8990074753761291","0","1"
"821","0.8990124881267547","0","1"
"822","0.8990174770355225","0","1"
"823","0.8990224540233612","0","1"
"824","0.8990273892879486","0","1"
"825","0.8990323066711425","0","1"
"826","0.8990372061729431","0","1"
"827","0.8990420639514923","0","1"
"828","0.899046903848648","0","1"
"829","0.8990517318248749","0","1"
"830","0.8990565180778504","0","1"
"831","0.8990612864494324","0","1"
"832","0.8990660309791565","0","1"
"833","0.8990707516670227","0","1"
"834","0.8990754365921021","0","1"
"835","0.8990801036357879","0","1"
"836","0.8990847587585449","0","1"
"837","0.899089378118515","0","1"
"838","0.8990939855575562","0","1"
"839","0.8990985572338104","0","1"
"840","0.8991031050682068","0","1"
"841","0.8991076469421386","0","1"
"842","0.8991121470928192","0","1"
"843","0.8991166293621063","0","1"
"844","0.8991210877895355","0","1"
"845","0.8991255283355712","0","1"
"846","0.8991299450397492","0","1"
"847","0.899134349822998","0","1"
"848","0.8991387128829956","0","1"
"849","0.8991430521011352","0","1"
"850","0.8991473913192749","0","1"
"851","0.8991516768932343","0","1"
"852","0.8991559743881226","0","1"
"853","0.8991602241992951","0","1"
"854","0.899164468050003","0","1"
"855","0.8991686820983886","0","1"
"856","0.8991728842258453","0","1"
"857","0.8991770505905151","0","1"
"858","0.8991812109947205","0","1"
"859","0.8991853296756744","0","1"
"860","0.8991894364356995","0","1"
"861","0.89919353723526","0","1"
"862","0.8991976082324982","0","1"
"863","0.8992016553878784","0","1"
"864","0.8992056906223297","0","1"
"865","0.8992096841335296","0","1"
"866","0.899213683605194","0","1"
"867","0.8992176353931427","0","1"
"868","0.8992215871810914","0","1"
"869","0.8992255091667175","0","1"
"870","0.8992294192314148","0","1"
"871","0.8992333114147186","0","1"
"872","0.8992371678352356","0","1"
"873","0.8992410182952881","0","1"
"874","0.8992448449134827","0","1"
"875","0.8992486596107483","0","1"
"876","0.899252450466156","0","1"
"877","0.8992562115192413","0","1"
"878","0.8992599666118621","0","1"
"879","0.8992636919021606","0","1"
"880","0.8992674052715302","0","1"
"881","0.8992710947990418","0","1"
"882","0.8992747724056244","0","1"
"883","0.899278438091278","0","1"
"884","0.8992820620536804","0","1"
"885","0.8992856860160827","0","1"
"886","0.8992892920970916","0","1"
"887","0.8992928624153137","0","1"
"888","0.8992964327335358","0","1"
"889","0.8992999732494354","0","1"
"890","0.8993035078048706","0","1"
"891","0.8993070185184479","0","1"
"892","0.8993104994297028","0","1"
"893","0.8993139863014221","0","1"
"894","0.8993174314498902","0","1"
"895","0.8993208706378937","0","1"
"896","0.8993242919445038","0","1"
"897","0.8993276953697205","0","1"
"898","0.8993310868740082","0","1"
"899","0.8993344604969025","0","1"
"900","0.8993378043174743","0","1"
"901","0.8993411421775818","0","1"
"902","0.8993444621562958","0","1"
"903","0.8993477642536163","0","1"
"904","0.8993510484695435","0","1"
"905","0.8993543148040771","0","1"
"906","0.8993575632572174","0","1"
"907","0.8993607997894287","0","1"
"908","0.8993640184402466","0","1"
"909","0.8993672370910645","0","1"
"910","0.8993704140186309","0","1"
"911","0.8993735790252686","0","1"
"912","0.8993767321109771","0","1"
"913","0.8993798673152924","0","1"
"914","0.8993829965591431","0","1"
"915","0.8993860960006714","0","1"
"916","0.8993891894817352","0","1"
"917","0.8993922770023346","0","1"
"918","0.8993953227996826","0","1"
"919","0.8993983805179596","0","1"
"920","0.8994014024734497","0","1"
"921","0.8994044125080108","0","1"
"922","0.8994074106216431","0","1"
"923","0.8994103789329528","0","1"
"924","0.8994133710861206","0","1"
"925","0.899416309595108","0","1"
"926","0.8994192481040955","0","1"
"927","0.8994221746921539","0","1"
"928","0.899425083398819","0","1"
"929","0.8994279742240906","0","1"
"930","0.8994308531284332","0","1"
"931","0.8994337141513824","0","1"
"932","0.8994365632534027","0","1"
"933","0.899439400434494","0","1"
"934","0.8994422256946564","0","1"
"935","0.8994450211524964","0","1"
"936","0.8994478285312653","0","1"
"937","0.8994506061077118","0","1"
"938","0.8994533658027649","0","1"
"939","0.899456113576889","0","1"
"940","0.8994588494300843","0","1"
"941","0.8994615614414215","0","1"
"942","0.8994642734527588","0","1"
"943","0.8994669735431671","0","1"
"944","0.899469655752182","0","1"
"945","0.899472314119339","0","1"
"946","0.8994749784469604","0","1"
"947","0.8994776129722595","0","1"
"948","0.8994802415370942","0","1"
"949","0.8994828641414643","0","1"
"950","0.899485456943512","0","1"
"951","0.8994880497455597","0","1"
"952","0.8994906127452851","0","1"
"953","0.8994931817054749","0","1"
"954","0.8994957387447358","0","1"
"955","0.8994982659816741","0","1"
"956","0.8995007872581482","0","1"
"957","0.8995033025741577","0","1"
"958","0.8995057940483093","0","1"
"959","0.8995082795619964","0","1"
"960","0.8995107471942901","0","1"
"961","0.8995132148265839","0","1"
"962","0.8995156586170197","0","1"
"963","0.899518096446991","0","1"
"964","0.8995205223560333","0","1"
"965","0.8995229244232178","0","1"
"966","0.8995253205299377","0","1"
"967","0.8995277047157287","0","1"
"968","0.8995300948619842","0","1"
"969","0.8995324492454528","0","1"
"970","0.899534797668457","0","1"
"971","0.8995371282100677","0","1"
"972","0.8995394587516785","0","1"
"973","0.8995417773723602","0","1"
"974","0.8995440840721131","0","1"
"975","0.8995463669300079","0","1"
"976","0.8995486438274384","0","1"
"977","0.8995509088039398","0","1"
"978","0.8995531678199769","0","1"
"979","0.8995554208755493","0","1"
"980","0.8995576560497284","0","1"
"981","0.8995598733425141","0","1"
"982","0.8995620846748352","0","1"
"983","0.8995642840862275","0","1"
"984","0.8995664715766907","0","1"
"985","0.8995686531066894","0","1"
"986","0.8995708286762237","0","1"
"987","0.8995729684829712","0","1"
"988","0.8995751321315766","0","1"
"989","0.8995772659778595","0","1"
"990","0.899579381942749","0","1"
"991","0.8995814979076385","0","1"
"992","0.8995836019515991","0","1"
"993","0.8995856881141663","0","1"
"994","0.8995877623558044","0","1"
"995","0.8995898425579071","0","1"
"996","0.8995918989181518","0","1"
"997","0.8995939493179321","0","1"
"998","0.899595993757248","0","1"
"999","0.8995980143547058","0","1"
"1000","0.8996000349521637","0","1"
"1001","0.8996020436286927","0","1"
"1002","0.8996040403842926","0","1"
"1003","0.8996060371398926","0","1"
"1004","0.8996080160140991","0","1"
"1005","0.8996099770069123","0","1"
"1006","0.8996119379997254","0","1"
"1007","0.899613893032074","0","1"
"1008","0.8996158242225647","0","1"
"1009","0.899617749452591","0","1"
"1010","0.8996196746826172","0","1"
"1011","0.89962158203125","0","1"
"1012","0.8996234893798828","0","1"
"1013","0.8996253728866577","0","1"
"1014","0.8996272563934327","0","1"
"1015","0.8996291220188141","0","1"
"1016","0.8996309876441956","0","1"
"1017","0.8996328413486481","0","1"
"1018","0.8996346890926361","0","1"
"1019","0.8996365129947662","0","1"
"1020","0.8996383488178253","0","1"
"1021","0.8996401607990265","0","1"
"1022","0.8996419668197632","0","1"
"1023","0.8996437609195709","0","1"
"1024","0.8996455550193787","0","1"
"1025","0.899647331237793","0","1"
"1026","0.8996490955352783","0","1"
"1027","0.8996508598327637","0","1"
"1028","0.8996526062488556","0","1"
"1029","0.899654358625412","0","1"
"1030","0.8996560990810394","0","1"
"1031","0.8996578216552734","0","1"
"1032","0.899659538269043","0","1"
"1033","0.899661248922348","0","1"
"1034","0.8996629416942596","0","1"
"1035","0.8996646344661713","0","1"
"1036","0.8996663153171539","0","1"
"1037","0.8996679902076721","0","1"
"1038","0.8996696591377258","0","1"
"1039","0.899671322107315","0","1"
"1040","0.8996729671955108","0","1"
"1041","0.8996746122837067","0","1"
"1042","0.8996762454509735","0","1"
"1043","0.8996778726577759","0","1"
"1044","0.8996794939041137","0","1"
"1045","0.8996810913085938","0","1"
"1046","0.8996826827526092","0","1"
"1047","0.8996842861175537","0","1"
"1048","0.8996858656406402","0","1"
"1049","0.8996874511241912","0","1"
"1050","0.89968900680542","0","1"
"1051","0.899690568447113","0","1"
"1052","0.8996921360492707","0","1"
"1053","0.8996936738491058","0","1"
"1054","0.8996952116489411","0","1"
"1055","0.8996967375278473","0","1"
"1056","0.8996982514858246","0","1"
"1057","0.8996997773647308","0","1"
"1058","0.8997012853622437","0","1"
"1059","0.8997027754783631","0","1"
"1060","0.8997042655944825","0","1"
"1061","0.8997057497501373","0","1"
"1062","0.8997072219848633","0","1"
"1063","0.8997087001800537","0","1"
"1064","0.8997101545333862","0","1"
"1065","0.8997116088867188","0","1"
"1066","0.8997130453586578","0","1"
"1067","0.8997144997119904","0","1"
"1068","0.899715930223465","0","1"
"1069","0.8997173488140107","0","1"
"1070","0.8997187733650207","0","1"
"1071","0.8997201800346375","0","1"
"1072","0.8997215807437897","0","1"
"1073","0.8997229754924774","0","1"
"1074","0.8997243702411651","0","1"
"1075","0.8997257590293884","0","1"
"1076","0.8997271358966827","0","1"
"1077","0.8997285008430481","0","1"
"1078","0.8997298538684845","0","1"
"1079","0.8997312188148499","0","1"
"1080","0.8997325479984284","0","1"
"1081","0.8997339069843292","0","1"
"1082","0.8997352361679077","0","1"
"1083","0.8997365713119507","0","1"
"1084","0.8997378885746002","0","1"
"1085","0.8997894108295441","0","1"
"1086","0.899824470281601","0","1"
"1087","0.8998253464698791","0","1"
"1088","0.8998262166976929","0","1"
"1089","0.8998270988464355","0","1"
"1090","0.8998279571533203","0","1"
"1091","0.8998288154602051","0","1"
"1092","0.8998296797275543","0","1"
"1093","0.8998305320739746","0","1"
"1094","0.8998313844203949","0","1"
"1095","0.8998322248458862","0","1"
"1096","0.8998330712318421","0","1"
"1097","0.8998339116573334","0","1"
"1098","0.8998347342014312","0","1"
"1099","0.8998355686664581","0","1"
"1100","0.8998363852500916","0","1"
"1101","0.8998372077941894","0","1"
"1102","0.8998380184173584","0","1"
"1103","0.8998388350009918","0","1"
"1104","0.8998396396636963","0","1"
"1105","0.8998404443264008","0","1"
"1106","0.8998412430286408","0","1"
"1107","0.8998420357704162","0","1"
"1108","0.8998428344726562","0","1"
"1109","0.8998436212539673","0","1"
"1110","0.8998443961143494","0","1"
"1111","0.899845176935196","0","1"
"1112","0.8998459577560425","0","1"
"1113","0.8998467266559601","0","1"
"1114","0.8998474955558777","0","1"
"1115","0.8998482584953308","0","1"
"1116","0.8998490273952484","0","1"
"1117","0.8998497724533081","0","1"
"1118","0.8998505234718323","0","1"
"1119","0.8998512744903564","0","1"
"1120","0.8998520195484161","0","1"
"1121","0.8998527586460113","0","1"
"1122","0.899853503704071","0","1"
"1123","0.8998542249202728","0","1"
"1124","0.899854964017868","0","1"
"1125","0.8998556971549988","0","1"
"1126","0.8998564183712006","0","1"
"1127","0.8998571276664734","0","1"
"1128","0.8998578548431396","0","1"
"1129","0.8998585641384125","0","1"
"1130","0.8998592674732209","0","1"
"1131","0.8998599767684936","0","1"
"1132","0.8998606681823731","0","1"
"1133","0.8998613655567169","0","1"
"1134","0.8998620629310607","0","1"
"1135","0.8998627603054047","0","1"
"1136","0.8998634457588196","0","1"
"1137","0.8998641252517701","0","1"
"1138","0.899864810705185","0","1"
"1139","0.8998654842376709","0","1"
"1140","0.8998661577701569","0","1"
"1141","0.8998668313026428","0","1"
"1142","0.8998674929141999","0","1"
"1143","0.8998681604862213","0","1"
"1144","0.8998688161373138","0","1"
"1145","0.8998694777488708","0","1"
"1146","0.8998701274394989","0","1"
"1147","0.8998707830905914","0","1"
"1148","0.899871426820755","0","1"
"1149","0.8998720824718476","0","1"
"1150","0.8998727083206177","0","1"
"1151","0.8998733520507812","0","1"
"1152","0.8998739778995514","0","1"
"1153","0.899874621629715","0","1"
"1154","0.8998752355575561","0","1"
"1155","0.8998758673667908","0","1"
"1156","0.8998764872550964","0","1"
"1157","0.8998771131038665","0","1"
"1158","0.8998777270317078","0","1"
"1159","0.8998783349990844","0","1"
"1160","0.8998789429664612","0","1"
"1161","0.8998795509338379","0","1"
"1162","0.8998801589012146","0","1"
"1163","0.8998807549476624","0","1"
"1164","0.8998813509941102","0","1"
"1165","0.8998819470405579","0","1"
"1166","0.8998825371265411","0","1"
"1167","0.8998831272125244","0","1"
"1168","0.8998837053775788","0","1"
"1169","0.8998842895030975","0","1"
"1170","0.8998848736286164","0","1"
"1171","0.8998854517936706","0","1"
"1172","0.8998860239982605","0","1"
"1173","0.8998865962028504","0","1"
"1174","0.8998871564865112","0","1"
"1175","0.8998877227306366","0","1"
"1176","0.8998882830142975","0","1"
"1177","0.8998888432979584","0","1"
"1178","0.8998894035816193","0","1"
"1179","0.8998899579048156","0","1"
"1180","0.8998905062675476","0","1"
"1181","0.899891060590744","0","1"
"1182","0.8998916029930115","0","1"
"1183","0.899892145395279","0","1"
"1184","0.8998926877975464","0","1"
"1185","0.8998932242393494","0","1"
"1186","0.8998937606811523","0","1"
"1187","0.8998942852020264","0","1"
"1188","0.8998948216438294","0","1"
"1189","0.8998953402042389","0","1"
"1190","0.899895864725113","0","1"
"1191","0.8998963832855225","0","1"
"1192","0.899896901845932","0","1"
"1193","0.8998974204063416","0","1"
"1194","0.8998979389667511","0","1"
"1195","0.8998984515666961","0","1"
"1196","0.8998989462852478","0","1"
"1197","0.8998994588851928","0","1"
"1198","0.8998999655246734","0","1"
"1199","0.899900472164154","0","1"
"1200","0.8999009668827057","0","1"
"1201","0.8999014556407928","0","1"
"1202","0.899901956319809","0","1"
"1203","0.8999024450778961","0","1"
"1204","0.8999029338359833","0","1"
"1205","0.899903416633606","0","1"
"1206","0.8999038994312286","0","1"
"1207","0.8999043822288513","0","1"
"1208","0.899904865026474","0","1"
"1209","0.8999053359031677","0","1"
"1210","0.8999058127403259","0","1"
"1211","0.8999062776565552","0","1"
"1212","0.8999067544937134","0","1"
"1213","0.8999072194099427","0","1"
"1214","0.8999076783657074","0","1"
"1215","0.8999081492424011","0","1"
"1216","0.8999086081981659","0","1"
"1217","0.8999090611934661","0","1"
"1218","0.8999095141887665","0","1"
"1219","0.8999099671840668","0","1"
"1220","0.8999104201793671","0","1"
"1221","0.8999108731746673","0","1"
"1222","0.8999113142490387","0","1"
"1223","0.899911767244339","0","1"
"1224","0.8999122083187103","0","1"
"1225","0.8999126434326172","0","1"
"1226","0.8999130725860596","0","1"
"1227","0.8999135076999665","0","1"
"1228","0.8999139428138733","0","1"
"1229","0.8999143838882446","0","1"
"1230","0.899914813041687","0","1"
"1231","0.899915236234665","0","1"
"1232","0.8999156594276428","0","1"
"1233","0.8999160766601563","0","1"
"1234","0.8999164938926697","0","1"
"1235","0.8999169170856476","0","1"
"1236","0.8999173283576966","0","1"
"1237","0.89991774559021","0","1"
"1238","0.899918156862259","0","1"
"1239","0.8999185681343078","0","1"
"1240","0.8999189734458923","0","1"
"1241","0.8999193787574769","0","1"
"1242","0.8999197840690613","0","1"
"1243","0.8999201834201813","0","1"
"1244","0.8999205827713013","0","1"
"1245","0.8999209821224212","0","1"
"1246","0.8999213755130768","0","1"
"1247","0.8999217629432679","0","1"
"1248","0.8999221622943878","0","1"
"1249","0.8999225497245789","0","1"
"1250","0.8999229431152344","0","1"
"1251","0.8999233186244965","0","1"
"1252","0.899923712015152","0","1"
"1253","0.8999240875244141","0","1"
"1254","0.8999244689941406","0","1"
"1255","0.8999248445034027","0","1"
"1256","0.8999252200126648","0","1"
"1257","0.8999256014823913","0","1"
"1258","0.899925971031189","0","1"
"1259","0.899926346540451","0","1"
"1260","0.8999267101287842","0","1"
"1261","0.8999270796775818","0","1"
"1262","0.8999274492263794","0","1"
"1263","0.899927806854248","0","1"
"1264","0.8999281644821167","0","1"
"1265","0.8999285280704499","0","1"
"1266","0.8999288856983185","0","1"
"1267","0.8999292433261872","0","1"
"1268","0.8999295949935913","0","1"
"1269","0.8999299466609955","0","1"
"1270","0.8999302923679352","0","1"
"1271","0.8999306440353394","0","1"
"1272","0.8999309957027435","0","1"
"1273","0.8999313414096832","0","1"
"1274","0.8999316811561584","0","1"
"1275","0.8999320268630981","0","1"
"1276","0.8999323606491089","0","1"
"1277","0.8999327063560486","0","1"
"1278","0.8999330341815949","0","1"
"1279","0.8999333798885345","0","1"
"1280","0.8999337077140808","0","1"
"1281","0.8999340415000916","0","1"
"1282","0.8999343693256379","0","1"
"1283","0.8999346911907196","0","1"
"1284","0.8999350190162658","0","1"
"1285","0.8999353528022767","0","1"
"1286","0.8999356687068939","0","1"
"1287","0.8999359965324402","0","1"
"1288","0.899936318397522","0","1"
"1289","0.8999366283416748","0","1"
"1290","0.8999369502067566","0","1"
"1291","0.8999372661113739","0","1"
"1292","0.8999375820159912","0","1"
"1293","0.8999378919601441","0","1"
"1294","0.8999381959438324","0","1"
"1295","0.8999385118484498","0","1"
"1296","0.8999388158321381","0","1"
"1297","0.8999391198158264","0","1"
"1298","0.8999394297599792","0","1"
"1299","0.8999397337436676","0","1"
"1300","0.899940037727356","0","1"
"1301","0.8999403297901154","0","1"
"1302","0.8999406337738037","0","1"
"1303","0.8999409258365632","0","1"
"1304","0.899941223859787","0","1"
"1305","0.8999415218830109","0","1"
"1306","0.8999418079853058","0","1"
"1307","0.8999421000480652","0","1"
"1308","0.8999423980712891","0","1"
"1309","0.899942684173584","0","1"
"1310","0.8999429762363433","0","1"
"1311","0.8999432623386383","0","1"
"1312","0.8999435365200043","0","1"
"1313","0.8999438226222992","0","1"
"1314","0.8999441027641296","0","1"
"1315","0.8999443829059601","0","1"
"1316","0.8999446630477905","0","1"
"1317","0.8999449431896209","0","1"
"1318","0.899945217370987","0","1"
"1319","0.8999454855918885","0","1"
"1320","0.8999457597732544","0","1"
"1321","0.8999460279941559","0","1"
"1322","0.8999463021755219","0","1"
"1323","0.8999465763568878","0","1"
"1324","0.8999468386173248","0","1"
"1325","0.8999471068382263","0","1"
"1326","0.8999473690986634","0","1"
"1327","0.8999476313591004","0","1"
"1328","0.8999478995800019","0","1"
"1329","0.8999481558799743","0","1"
"1330","0.8999484181404114","0","1"
"1331","0.899948674440384","0","1"
"1332","0.899948924779892","0","1"
"1333","0.8999491810798645","0","1"
"1334","0.8999494433403015","0","1"
"1335","0.8999496877193451","0","1"
"1336","0.8999499320983887","0","1"
"1337","0.8999501943588257","0","1"
"1338","0.8999504387378693","0","1"
"1339","0.8999506890773773","0","1"
"1340","0.8999509334564209","0","1"
"1341","0.8999511778354645","0","1"
"1342","0.8999514222145081","0","1"
"1343","0.8999516725540161","0","1"
"1344","0.8999519169330596","0","1"
"1345","0.8999521493911743","0","1"
"1346","0.8999523878097534","0","1"
"1347","0.899952632188797","0","1"
"1348","0.899952870607376","0","1"
"1349","0.8999531090259552","0","1"
"1350","0.8999533355236053","0","1"
"1351","0.8999535739421844","0","1"
"1352","0.8999538004398346","0","1"
"1353","0.8999540328979492","0","1"
"1354","0.8999542653560638","0","1"
"1355","0.899954491853714","0","1"
"1356","0.8999547183513641","0","1"
"1357","0.8999549448490143","0","1"
"1358","0.8999551713466645","0","1"
"1359","0.8999553978443146","0","1"
"1360","0.8999556183815003","0","1"
"1361","0.8999558448791504","0","1"
"1362","0.8999560654163361","0","1"
"1363","0.8999562799930573","0","1"
"1364","0.8999565005302429","0","1"
"1365","0.8999567091464996","0","1"
"1366","0.8999569356441498","0","1"
"1367","0.899957150220871","0","1"
"1368","0.8999573588371277","0","1"
"1369","0.8999575734138489","0","1"
"1370","0.89995778799057","0","1"
"1371","0.8999579966068267","0","1"
"1372","0.8999582052230835","0","1"
"1373","0.8999584138393402","0","1"
"1374","0.8999586284160614","0","1"
"1375","0.8999588310718536","0","1"
"1376","0.8999590396881103","0","1"
"1377","0.8999592423439026","0","1"
"1378","0.8999594449996948","0","1"
"1379","0.8999596476554871","0","1"
"1380","0.8999598503112793","0","1"
"1381","0.899960058927536","0","1"
"1382","0.8999602496623993","0","1"
"1383","0.8999604463577271","0","1"
"1384","0.8999606490135192","0","1"
"1385","0.8999608516693115","0","1"
"1386","0.8999610483646393","0","1"
"1387","0.8999612331390381","0","1"
"1388","0.8999614357948303","0","1"
"1389","0.8999616265296936","0","1"
"1390","0.8999618113040924","0","1"
"1391","0.8999620139598846","0","1"
"1392","0.8999621987342834","0","1"
"1393","0.8999623894691468","0","1"
"1394","0.8999625742435455","0","1"
"1395","0.8999627590179443","0","1"
"1396","0.8999629437923431","0","1"
"1397","0.8999631345272064","0","1"
"1398","0.8999633193016052","0","1"
"1399","0.8999634921550751","0","1"
"1400","0.8999636828899383","0","1"
"1401","0.8999638617038727","0","1"
"1402","0.8999640464782714","0","1"
"1403","0.8999642252922058","0","1"
"1404","0.8999644041061401","0","1"
"1405","0.8999645829200744","0","1"
"1406","0.8999647617340087","0","1"
"1407","0.8999649345874786","0","1"
"1408","0.8999651074409485","0","1"
"1409","0.8999652862548828","0","1"
"1410","0.8999654591083527","0","1"
"1411","0.899965637922287","0","1"
"1412","0.8999657988548279","0","1"
"1413","0.8999659776687622","0","1"
"1414","0.8999661445617676","0","1"
"1415","0.8999663114547729","0","1"
"1416","0.8999664843082428","0","1"
"1417","0.8999666512012482","0","1"
"1418","0.8999668180942535","0","1"
"1419","0.8999669909477234","0","1"
"1420","0.8999671518802643","0","1"
"1421","0.8999673128128052","0","1"
"1422","0.8999674797058106","0","1"
"1423","0.8999676406383514","0","1"
"1424","0.8999678075313569","0","1"
"1425","0.8999679625034332","0","1"
"1426","0.8999681234359741","0","1"
"1427","0.8999682903289795","0","1"
"1428","0.8999684393405915","0","1"
"1429","0.8999686002731323","0","1"
"1430","0.8999687552452087","0","1"
"1431","0.8999689102172852","0","1"
"1432","0.899969083070755","0","1"
"1433","0.8999692261219024","0","1"
"1434","0.8999693810939788","0","1"
"1435","0.8999695301055908","0","1"
"1436","0.8999696969985962","0","1"
"1437","0.8999698400497437","0","1"
"1438","0.8999699950218201","0","1"
"1439","0.8999701380729676","0","1"
"1440","0.899970293045044","0","1"
"1441","0.8999704420566559","0","1"
"1442","0.8999705851078034","0","1"
"1443","0.8999707281589509","0","1"
"1444","0.8999708712100982","0","1"
"1445","0.8999710261821747","0","1"
"1446","0.8999711632728576","0","1"
"1447","0.8999713122844696","0","1"
"1448","0.8999714553356171","0","1"
"1449","0.899971604347229","0","1"
"1450","0.899971741437912","0","1"
"1451","0.8999718844890594","0","1"
"1452","0.8999720215797424","0","1"
"1453","0.8999721586704255","0","1"
"1454","0.8999723017215728","0","1"
"1455","0.8999724388122559","0","1"
"1456","0.8999725759029389","0","1"
"1457","0.8999727129936218","0","1"
"1458","0.8999728560447693","0","1"
"1459","0.8999729871749877","0","1"
"1460","0.8999731242656708","0","1"
"1461","0.8999732553958892","0","1"
"1462","0.8999733865261078","0","1"
"1463","0.8999735236167907","0","1"
"1464","0.8999736607074738","0","1"
"1465","0.8999737858772278","0","1"
"1466","0.8999739170074463","0","1"
"1467","0.8999740540981293","0","1"
"1468","0.8999741852283478","0","1"
"1469","0.8999743044376374","0","1"
"1470","0.8999744355678558","0","1"
"1471","0.8999745607376098","0","1"
"1472","0.8999746918678284","0","1"
"1473","0.8999748170375824","0","1"
"1474","0.8999749481678009","0","1"
"1475","0.8999750673770904","0","1"
"1476","0.8999751925468444","0","1"
"1477","0.8999753177165986","0","1"
"1478","0.8999754369258881","0","1"
"1479","0.8999755620956421","0","1"
"1480","0.8999756813049317","0","1"
"1481","0.8999758064746857","0","1"
"1482","0.8999759316444397","0","1"
"1483","0.8999760508537292","0","1"
"1484","0.8999761700630188","0","1"
"1485","0.8999762892723083","0","1"
"1486","0.8999764084815979","0","1"
"1487","0.899976521730423","0","1"
"1488","0.8999766409397125","0","1"
"1489","0.8999767541885376","0","1"
"1490","0.8999768793582916","0","1"
"1491","0.8999769866466523","0","1"
"1492","0.8999770998954773","0","1"
"1493","0.8999772191047668","0","1"
"1494","0.8999773323535919","0","1"
"1495","0.8999774515628814","0","1"
"1496","0.8999775528907776","0","1"
"1497","0.8999776780605316","0","1"
"1498","0.8999777853488922","0","1"
"1499","0.8999778985977173","0","1"
"1500","0.8999780058860779","0","1"
"1501","0.8999781131744384","0","1"
"1502","0.8999782264232635","0","1"
"1503","0.8999783337116242","0","1"
"1504","0.8999784350395202","0","1"
"1505","0.8999785482883453","0","1"
"1506","0.899978655576706","0","1"
"1507","0.8999787628650665","0","1"
"1508","0.8999788761138916","0","1"
"1509","0.8999789774417877","0","1"
"1510","0.8999790787696839","0","1"
"1511","0.8999791860580444","0","1"
"1512","0.8999792873859406","0","1"
"1513","0.8999793946743011","0","1"
"1514","0.8999794900417328","0","1"
"1515","0.8999796032905578","0","1"
"1516","0.899979692697525","0","1"
"1517","0.8999797999858856","0","1"
"1518","0.8999799013137817","0","1"
"1519","0.8999800086021423","0","1"
"1520","0.899980103969574","0","1"
"1521","0.8999801993370056","0","1"
"1522","0.8999803066253662","0","1"
"1523","0.8999803960323334","0","1"
"1524","0.8999804973602294","0","1"
"1525","0.8999805927276612","0","1"
"1526","0.8999806940555573","0","1"
"1527","0.8999807834625244","0","1"
"1528","0.8999808847904205","0","1"
"1529","0.8999809861183167","0","1"
"1530","0.8999810755252838","0","1"
"1531","0.8999811708927155","0","1"
"1532","0.8999812602996826","0","1"
"1533","0.8999813616275787","0","1"
"1534","0.8999814510345459","0","1"
"1535","0.899981540441513","0","1"
"1536","0.8999816298484802","0","1"
"1537","0.8999817252159119","0","1"
"1538","0.8999818205833435","0","1"
"1539","0.8999819099903107","0","1"
"1540","0.8999820053577423","0","1"
"1541","0.8999821007251739","0","1"
"1542","0.8999821901321411","0","1"
"1543","0.8999822676181793","0","1"
"1544","0.899982362985611","0","1"
"1545","0.8999824523925781","0","1"
"1546","0.8999825417995453","0","1"
"1547","0.8999826312065125","0","1"
"1548","0.8999827146530152","0","1"
"1549","0.8999828040599823","0","1"
"1550","0.8999828815460205","0","1"
"1551","0.8999829709529876","0","1"
"1552","0.8999830543994903","0","1"
"1553","0.899983137845993","0","1"
"1554","0.8999832332134247","0","1"
"1555","0.8999833106994629","0","1"
"1556","0.8999833941459656","0","1"
"1557","0.8999834775924682","0","1"
"1558","0.8999835610389709","0","1"
"1559","0.8999836444854736","0","1"
"1560","0.8999837219715119","0","1"
"1561","0.8999838054180145","0","1"
"1562","0.8999838829040527","0","1"
"1563","0.899983960390091","0","1"
"1564","0.8999840497970581","0","1"
"1565","0.8999841272830963","0","1"
"1566","0.8999842047691345","0","1"
"1567","0.8999842822551727","0","1"
"1568","0.8999843597412109","0","1"
"1569","0.8999844431877136","0","1"
"1570","0.8999845206737518","0","1"
"1571","0.89998459815979","0","1"
"1572","0.8999846756458283","0","1"
"1573","0.899984747171402","0","1"
"1574","0.8999848246574402","0","1"
"1575","0.8999849021434784","0","1"
"1576","0.8999849796295166","0","1"
"1577","0.8999850511550903","0","1"
"1578","0.8999851286411286","0","1"
"1579","0.8999852001667022","0","1"
"1580","0.8999852657318115","0","1"
"1581","0.8999853491783142","0","1"
"1582","0.8999854266643524","0","1"
"1583","0.8999854922294617","0","1"
"1584","0.8999855697154999","0","1"
"1585","0.8999856412410736","0","1"
"1586","0.8999857068061828","0","1"
"1587","0.8999857842922211","0","1"
"1588","0.8999858558177948","0","1"
"1589","0.8999859273433686","0","1"
"1590","0.8999859929084778","0","1"
"1591","0.8999860644340515","0","1"
"1592","0.8999861299991607","0","1"
"1593","0.899986207485199","0","1"
"1594","0.8999862730503082","0","1"
"1595","0.8999863386154174","0","1"
"1596","0.8999864101409912","0","1"
"1597","0.899986469745636","0","1"
"1598","0.8999865472316741","0","1"
"1599","0.8999866068363189","0","1"
"1600","0.8999866843223572","0","1"
"1601","0.899986743927002","0","1"
"1602","0.8999868154525756","0","1"
"1603","0.899986881017685","0","1"
"1604","0.8999869406223298","0","1"
"1605","0.8999870121479034","0","1"
"1606","0.8999870777130127","0","1"
"1607","0.8999871373176574","0","1"
"1608","0.8999872028827667","0","1"
"1609","0.899987268447876","0","1"
"1610","0.8999873340129853","0","1"
"1611","0.89998739361763","0","1"
"1612","0.8999874591827393","0","1"
"1613","0.8999875247478485","0","1"
"1614","0.8999875783920288","0","1"
"1615","0.899987643957138","0","1"
"1616","0.8999877154827118","0","1"
"1617","0.899987769126892","0","1"
"1618","0.8999878346920014","0","1"
"1619","0.8999878823757171","0","1"
"1620","0.8999879539012909","0","1"
"1621","0.8999880075454711","0","1"
"1622","0.8999880671501159","0","1"
"1623","0.8999881267547607","0","1"
"1624","0.8999881982803345","0","1"
"1625","0.8999882519245148","0","1"
"1626","0.8999883115291596","0","1"
"1627","0.8999883711338044","0","1"
"1628","0.8999884247779846","0","1"
"1629","0.8999884784221649","0","1"
"1630","0.8999885439872741","0","1"
"1631","0.8999885976314544","0","1"
"1632","0.8999886631965637","0","1"
"1633","0.8999887108802795","0","1"
"1634","0.8999887645244599","0","1"
"1635","0.8999888241291046","0","1"
"1636","0.8999888837337494","0","1"
"1637","0.8999889373779297","0","1"
"1638","0.8999889850616455","0","1"
"1639","0.8999890506267547","0","1"
"1640","0.8999890983104706","0","1"
"1641","0.8999891519546509","0","1"
"1642","0.8999892115592957","0","1"
"1643","0.8999892592430114","0","1"
"1644","0.8999893188476562","0","1"
"1645","0.8999893724918365","0","1"
"1646","0.8999894261360168","0","1"
"1647","0.8999894738197327","0","1"
"1648","0.8999895274639129","0","1"
"1649","0.8999895811080932","0","1"
"1650","0.8999896347522736","0","1"
"1651","0.8999896824359894","0","1"
"1652","0.8999897360801696","0","1"
"1653","0.8999897837638855","0","1"
"1654","0.8999898374080658","0","1"
"1655","0.8999898910522461","0","1"
"1656","0.8999899387359619","0","1"
"1657","0.8999899923801422","0","1"
"1658","0.8999900341033935","0","1"
"1659","0.8999900937080383","0","1"
"1660","0.8999901413917542","0","1"
"1661","0.8999901950359345","0","1"
"1662","0.8999902367591858","0","1"
"1663","0.8999902844429016","0","1"
"1664","0.899990338087082","0","1"
"1665","0.8999903857707977","0","1"
"1666","0.8999904274940491","0","1"
"1667","0.8999904811382293","0","1"
"1668","0.8999905288219452","0","1"
"1669","0.899990576505661","0","1"
"1670","0.8999906241893768","0","1"
"1671","0.8999906718730927","0","1"
"1672","0.8999907195568084","0","1"
"1673","0.8999907612800598","0","1"
"1674","0.8999908089637756","0","1"
"1675","0.8999908566474915","0","1"
"1676","0.8999909043312073","0","1"
"1677","0.8999909460544586","0","1"
"1678","0.8999909877777099","0","1"
"1679","0.8999910354614258","0","1"
"1680","0.8999910771846771","0","1"
"1681","0.8999911248683929","0","1"
"1682","0.8999911665916442","0","1"
"1683","0.8999912142753601","0","1"
"1684","0.899991250038147","0","1"
"1685","0.8999913036823273","0","1"
"1686","0.8999913394451141","0","1"
"1687","0.89999138712883","0","1"
"1688","0.8999914288520813","0","1"
"1689","0.8999914705753327","0","1"
"1690","0.8999915182590484","0","1"
"1691","0.8999915540218353","0","1"
"1692","0.8999916017055511","0","1"
"1693","0.8999916434288024","0","1"
"1694","0.8999916851520539","0","1"
"1695","0.8999917268753052","0","1"
"1696","0.8999917685985566","0","1"
"1697","0.8999918043613434","0","1"
"1698","0.8999918520450592","0","1"
"1699","0.8999918878078461","0","1"
"1700","0.8999919354915619","0","1"
"1701","0.8999919712543487","0","1"
"1702","0.8999920070171357","0","1"
"1703","0.8999920547008514","0","1"
"1704","0.8999920904636383","0","1"
"1705","0.8999921321868897","0","1"
"1706","0.899992173910141","0","1"
"1707","0.8999922096729278","0","1"
"1708","0.8999922513961792","0","1"
"1709","0.8999922871589661","0","1"
"1710","0.8999923229217529","0","1"
"1711","0.8999923646450043","0","1"
"1712","0.8999924004077912","0","1"
"1713","0.8999924421310425","0","1"
"1714","0.8999924778938293","0","1"
"1715","0.8999925196170807","0","1"
"1716","0.8999925553798676","0","1"
"1717","0.8999925911426544","0","1"
"1718","0.8999926269054412","0","1"
"1719","0.8999926626682282","0","1"
"1720","0.899992698431015","0","1"
"1721","0.8999927341938019","0","1"
"1722","0.8999927759170532","0","1"
"1723","0.8999928057193756","0","1"
"1724","0.8999928414821625","0","1"
"1725","0.8999928772449494","0","1"
"1726","0.8999929189682007","0","1"
"1727","0.8999929547309875","0","1"
"1728","0.8999929904937745","0","1"
"1729","0.8999930262565613","0","1"
"1730","0.8999930560588837","0","1"
"1731","0.8999930918216705","0","1"
"1732","0.8999931275844574","0","1"
"1733","0.8999931633472442","0","1"
"1734","0.8999931991100312","0","1"
"1735","0.8999932289123536","0","1"
"1736","0.899993258714676","0","1"
"1737","0.8999933004379272","0","1"
"1738","0.8999933362007141","0","1"
"1739","0.8999933660030365","0","1"
"1740","0.8999933898448944","0","1"
"1741","0.8999934315681457","0","1"
"1742","0.8999934673309327","0","1"
"1743","0.899993497133255","0","1"
"1744","0.8999935269355774","0","1"
"1745","0.8999935567378998","0","1"
"1746","0.8999935865402222","0","1"
"1747","0.899993622303009","0","1"
"1748","0.8999936580657959","0","1"
"1749","0.8999936878681183","0","1"
"1750","0.8999937236309051","0","1"
"1751","0.8999937534332275","0","1"
"1752","0.8999937832355499","0","1"
"1753","0.8999938130378723","0","1"
"1754","0.8999938368797302","0","1"
"1755","0.8999938726425171","0","1"
"1756","0.8999939084053039","0","1"
"1757","0.8999939322471618","0","1"
"1758","0.8999939620494842","0","1"
"1759","0.8999939918518066","0","1"
"1760","0.8999940276145935","0","1"
"1761","0.8999940514564514","0","1"
"1762","0.8999940812587738","0","1"
"1763","0.8999941110610962","0","1"
"1764","0.8999941408634186","0","1"
"1765","0.899994170665741","0","1"
"1766","0.8999942004680633","0","1"
"1767","0.8999942362308502","0","1"
"1768","0.8999942660331726","0","1"
"1769","0.8999942898750305","0","1"
"1770","0.8999943196773529","0","1"
"1771","0.8999943494796753","0","1"
"1772","0.8999943792819977","0","1"
"1773","0.8999943971633911","0","1"
"1774","0.8999944269657135","0","1"
"1775","0.8999944627285004","0","1"
"1776","0.8999944925308228","0","1"
"1777","0.8999945163726807","0","1"
"1778","0.8999945402145386","0","1"
"1779","0.899994570016861","0","1"
"1780","0.8999945938587188","0","1"
"1781","0.8999946236610412","0","1"
"1782","0.8999946534633636","0","1"
"1783","0.899994683265686","0","1"
"1784","0.8999947011470795","0","1"
"1785","0.8999947249889374","0","1"
"1786","0.8999947547912598","0","1"
"1787","0.8999947845935822","0","1"
"1788","0.8999948024749755","0","1"
"1789","0.8999948382377625","0","1"
"1790","0.8999948561191559","0","1"
"1791","0.8999948859214782","0","1"
"1792","0.8999949097633362","0","1"
"1793","0.8999949395656586","0","1"
"1794","0.8999949634075165","0","1"
"1795","0.8999949872493744","0","1"
"1796","0.8999950170516968","0","1"
"1797","0.8999950408935546","0","1"
"1798","0.8999950647354126","0","1"
"1799","0.8999950885772705","0","1"
"1800","0.8999951124191284","0","1"
"1801","0.8999951303005218","0","1"
"1802","0.8999951660633088","0","1"
"1803","0.8999951839447021","0","1"
"1804","0.8999952137470245","0","1"
"1805","0.8999952375888824","0","1"
"1806","0.8999952495098114","0","1"
"1807","0.8999952793121337","0","1"
"1808","0.8999953031539917","0","1"
"1809","0.8999953269958496","0","1"
"1810","0.8999953448772431","0","1"
"1811","0.8999953746795655","0","1"
"1812","0.8999953925609588","0","1"
"1813","0.8999954223632812","0","1"
"1814","0.8999954402446747","0","1"
"1815","0.8999954640865326","0","1"
"1816","0.8999954879283905","0","1"
"1817","0.8999955117702484","0","1"
"1818","0.8999955356121063","0","1"
"1819","0.8999955594539643","0","1"
"1820","0.8999955773353576","0","1"
"1821","0.8999956011772156","0","1"
"1822","0.899995619058609","0","1"
"1823","0.8999956488609314","0","1"
"1824","0.8999956667423248","0","1"
"1825","0.8999956846237183","0","1"
"1826","0.8999957084655762","0","1"
"1827","0.8999957323074341","0","1"
"1828","0.899995756149292","0","1"
"1829","0.899995768070221","0","1"
"1830","0.8999957978725434","0","1"
"1831","0.8999958097934723","0","1"
"1832","0.8999958395957947","0","1"
"1833","0.8999958574771881","0","1"
"1834","0.8999958753585815","0","1"
"1835","0.8999959051609039","0","1"
"1836","0.8999959170818329","0","1"
"1837","0.8999959409236908","0","1"
"1838","0.8999959588050842","0","1"
"1839","0.8999959826469421","0","1"
"1840","0.8999960005283356","0","1"
"1841","0.899996018409729","0","1"
"1842","0.8999960422515869","0","1"
"1843","0.8999960601329804","0","1"
"1844","0.8999960839748382","0","1"
"1845","0.8999960958957672","0","1"
"1846","0.8999961197376252","0","1"
"1847","0.899996143579483","0","1"
"1848","0.8999961614608765","0","1"
"1849","0.8999961733818054","0","1"
"1850","0.8999961972236633","0","1"
"1851","0.8999962151050568","0","1"
"1852","0.8999962329864502","0","1"
"1853","0.8999962508678436","0","1"
"1854","0.8999962747097016","0","1"
"1855","0.8999962925910949","0","1"
"1856","0.8999963164329529","0","1"
"1857","0.8999963223934173","0","1"
"1858","0.8999963402748108","0","1"
"1859","0.8999963700771332","0","1"
"1860","0.8999963819980621","0","1"
"1861","0.8999963998794556","0","1"
"1862","0.899996417760849","0","1"
"1863","0.8999964356422424","0","1"
"1864","0.8999964535236359","0","1"
"1865","0.8999964714050293","0","1"
"1866","0.8999964892864227","0","1"
"1867","0.8999965012073516","0","1"
"1868","0.8999965250492096","0","1"
"1869","0.8999965369701386","0","1"
"1870","0.8999965608119964","0","1"
"1871","0.8999965786933899","0","1"
"1872","0.8999965906143188","0","1"
"1873","0.8999966084957123","0","1"
"1874","0.8999966263771058","0","1"
"1875","0.8999966442584991","0","1"
"1876","0.8999966621398926","0","1"
"1877","0.8999966740608215","0","1"
"1878","0.899996691942215","0","1"
"1879","0.8999967157840729","0","1"
"1880","0.8999967336654663","0","1"
"1881","0.8999967515468598","0","1"
"1882","0.8999967694282531","0","1"
"1883","0.8999967753887177","0","1"
"1884","0.8999967932701111","0","1"
"1885","0.8999968051910401","0","1"
"1886","0.8999968230724334","0","1"
"1887","0.8999968349933625","0","1"
"1888","0.8999968528747558","0","1"
"1889","0.8999968707561493","0","1"
"1890","0.8999968945980072","0","1"
"1891","0.8999969005584717","0","1"
"1892","0.8999969184398651","0","1"
"1893","0.8999969363212585","0","1"
"1894","0.8999969482421875","0","1"
"1895","0.8999969661235809","0","1"
"1896","0.8999969780445098","0","1"
"1897","0.8999969959259033","0","1"
"1898","0.8999970138072968","0","1"
"1899","0.8999970257282257","0","1"
"1900","0.8999970436096192","0","1"
"1901","0.8999970495700836","0","1"
"1902","0.899997067451477","0","1"
"1903","0.899997079372406","0","1"
"1904","0.8999970972537994","0","1"
"1905","0.8999971151351929","0","1"
"1906","0.8999971270561218","0","1"
"1907","0.8999971389770508","0","1"
"1908","0.8999971508979797","0","1"
"1909","0.8999971687793732","0","1"
"1910","0.8999971866607666","0","1"
"1911","0.8999971926212311","0","1"
"1912","0.89999720454216","0","1"
"1913","0.899997228384018","0","1"
"1914","0.8999972403049469","0","1"
"1915","0.8999972581863404","0","1"
"1916","0.8999972701072693","0","1"
"1917","0.8999972820281983","0","1"
"1918","0.8999972999095917","0","1"
"1919","0.8999973118305207","0","1"
"1920","0.8999973237514496","0","1"
"1921","0.8999973356723785","0","1"
"1922","0.8999973416328431","0","1"
"1923","0.899997353553772","0","1"
"1924","0.8999973714351654","0","1"
"1925","0.8999973893165588","0","1"
"1926","0.8999974012374878","0","1"
"1927","0.8999974131584167","0","1"
"1928","0.8999974191188812","0","1"
"1929","0.8999974370002747","0","1"
"1930","0.8999974489212036","0","1"
"1931","0.8999974727630615","0","1"
"1932","0.899997478723526","0","1"
"1933","0.899997490644455","0","1"
"1934","0.8999975025653839","0","1"
"1935","0.8999975144863128","0","1"
"1936","0.8999975264072418","0","1"
"1937","0.8999975442886352","0","1"
"1938","0.8999975562095642","0","1"
"1939","0.8999975621700287","0","1"
"1940","0.8999975740909576","0","1"
"1941","0.8999975860118866","0","1"
"1942","0.89999760389328","0","1"
"1943","0.8999976098537446","0","1"
"1944","0.8999976277351379","0","1"
"1945","0.8999976396560669","0","1"
"1946","0.8999976456165314","0","1"
"1947","0.8999976634979248","0","1"
"1948","0.8999976754188538","0","1"
"1949","0.8999976873397827","0","1"
"1950","0.8999976933002471","0","1"
"1951","0.8999977171421051","0","1"
"1952","0.8999977231025695","0","1"
"1953","0.8999977350234986","0","1"
"1954","0.8999977350234986","0","1"
"1955","0.8999977469444275","0","1"
"1956","0.8999977588653565","0","1"
"1957","0.8999977767467499","0","1"
"1958","0.8999977827072143","0","1"
"1959","0.8999978005886078","0","1"
"1960","0.8999978125095367","0","1"
"1961","0.8999978184700013","0","1"
"1962","0.8999978303909302","0","1"
"1963","0.8999978482723237","0","1"
"1964","0.8999978482723237","0","1"
"1965","0.8999978601932526","0","1"
"1966","0.8999978721141815","0","1"
"1967","0.899997889995575","0","1"
"1968","0.8999978959560394","0","1"
"1969","0.8999979019165039","0","1"
"1970","0.8999979138374329","0","1"
"1971","0.8999979257583618","0","1"
"1972","0.8999979376792908","0","1"
"1973","0.8999979496002197","0","1"
"1974","0.8999979615211486","0","1"
"1975","0.8999979615211486","0","1"
"1976","0.8999979794025421","0","1"
"1977","0.899997991323471","0","1"
"1978","0.8999979972839356","0","1"
"1979","0.8999980092048645","0","1"
"1980","0.8999980211257934","0","1"
"1981","0.899998027086258","0","1"
"1982","0.8999980390071869","0","1"
"1983","0.8999980509281158","0","1"
"1984","0.8999980568885804","0","1"
"1985","0.8999980688095093","0","1"
"1986","0.8999980747699737","0","1"
"1987","0.8999980866909028","0","1"
"1988","0.8999980986118317","0","1"
"1989","0.8999981045722961","0","1"
"1990","0.8999981164932251","0","1"
"1991","0.8999981224536896","0","1"
"1992","0.899998128414154","0","1"
"1993","0.899998140335083","0","1"
"1994","0.899998152256012","0","1"
"1995","0.8999981641769409","0","1"
"1996","0.8999981701374054","0","1"
"1997","0.8999981760978699","0","1"
"1998","0.8999981880187988","0","1"
"1999","0.8999981999397277","0","1"
"2000","0.8999981999397277","0","1"
"2001","0.8999982178211212","0","1"