obj1,obj2,obj3,wall_time_min,seed,point_index
0.0,0.0,-0.2809271905571222,422.14922776222227,9,0
0.0,0.0,-0.286679770424962,422.14922776222227,9,1
0.0,0.0,-0.2838034804910421,422.14922776222227,9,2
0.0,0.0,-0.2809271905571222,422.14922776222227,9,3
0.0,0.0,-0.2809271905571222,422.14922776222227,9,4
0.0,0.0,-0.2809271905571222,422.14922776222227,9,5
0.0,0.0,-0.2809271905571222,422.14922776222227,9,6
0.443371957540512,0.5011918365955352,-0.7080939317122101,422.14922776222227,9,7
0.5308923840522766,0.4428789913654327,-0.7261162040755152,422.14922776222227,9,8
0.5272981643676757,0.4799844801425934,-0.7420225819572807,422.14922776222227,9,9
0.5106425166130066,0.5599977850914002,-0.8224822785705328,422.14922776222227,9,10
0.5012187957763672,0.5754466652870178,-0.821787779033184,422.14922776222227,9,11
0.5379458367824554,0.559354841709137,-0.9160658478736876,422.14922776222227,9,12
0.5586713671684265,0.5491822481155395,-1.3419495478272438,422.14922776222227,9,13
0.5010443508625031,0.5177977621555329,-0.7581611283123493,422.14922776222227,9,14
0.5951941013336182,0.4860852062702179,-0.8224822785705328,422.14922776222227,9,15
0.5454594850540161,0.5195134997367858,-0.8935613565146923,422.14922776222227,9,16
0.5068890154361725,0.4673892259597778,-0.7327400203794241,422.14922776222227,9,17
0.5652777552604675,0.5381444811820983,-0.916732845455408,422.14922776222227,9,18
0.464506459236145,0.4760883212089538,-0.718877736106515,422.14922776222227,9,19
0.0,0.0,-0.2809271905571222,422.14922776222227,9,20
0.5361705422401428,0.5672516703605652,-1.4573122061789037,422.14922776222227,9,21
0.0,0.0,-0.2809271905571222,422.14922776222227,9,22
0.0,0.0,-0.2809271905571222,422.14922776222227,9,23
0.0,0.0,-0.2809271905571222,422.14922776222227,9,24
0.0,0.0,-0.2809271905571222,422.14922776222227,9,25
0.0,0.0,-0.2809271905571222,422.14922776222227,9,26
0.5091455280780792,0.5122044563293457,-0.7903193041682244,422.14922776222227,9,27
0.5304561853408813,0.5296689629554748,-0.8203987799584865,422.14922776222227,9,28
0.5499369978904725,0.5298951745033265,-0.8224822785705328,422.14922776222227,9,29
0.48202565908432,0.4726761937141418,-0.7214743996039032,422.14922776222227,9,30
0.5361548960208893,0.5672673225402832,-0.916732845455408,422.14922776222227,9,31
0.5385881900787354,0.5604026317596436,-1.4061067953705788,422.14922776222227,9,32
0.4424136102199554,0.4690558314323425,-0.7139529695734381,422.14922776222227,9,33
0.0,0.0,-0.2809271905571222,422.14922776222227,9,34
0.0,0.0,-0.2809271905571222,422.14922776222227,9,35
0.0,0.0,-0.2809271905571222,422.14922776222227,9,36
0.0,0.0,-0.2809271905571222,422.14922776222227,9,37
0.0,0.0,-0.2809271905571222,422.14922776222227,9,38
0.5318022668361664,0.4779082655906677,-0.7393086919561028,422.14922776222227,9,39
0.5321576774120331,0.524037915468216,-0.8207190729677677,422.14922776222227,9,40
0.5582584977149964,0.5274381220340729,-0.8224822785705328,422.14922776222227,9,41
0.5369506061077118,0.5709030032157898,-0.8821564573794604,422.14922776222227,9,42
0.4920978963375091,0.4987124919891357,-0.7508035775274038,422.14922776222227,9,43
0.5617472887039184,0.5416749238967895,-1.4534209102392197,422.14922776222227,9,44
0.0,0.0,-0.2838034804910421,422.14922776222227,9,45
0.0,0.0,-0.2809271905571222,422.14922776222227,9,46
0.0,0.0,-0.2838034804910421,422.14922776222227,9,47
0.0,0.0,-0.2809271905571222,422.14922776222227,9,48
0.5279752969741821,0.4440106689929962,-0.7236028149724006,422.14922776222227,9,49
0.5771923899650574,0.5085042357444763,-0.821787779033184,422.14922776222227,9,50
0.5644142270088196,0.4569111883640289,-0.7548004988580942,422.14922776222227,9,51
0.5320024132728577,0.5536941766738892,-0.8210932794958353,422.14922776222227,9,52
0.5549466967582702,0.5529069542884827,-0.8825313452631235,422.14922776222227,9,53
0.5210489273071289,0.582373297214508,-1.394392266497016,422.14922776222227,9,54
0.0,0.0,-0.2809271905571222,422.14922776222227,9,55
0.4283021867275238,0.5004762053489685,-0.709375106729567,422.14922776222227,9,56
0.0,0.0,-0.2838034804910421,422.14922776222227,9,57
0.4771190583705902,0.4764383494853973,-0.7232508704066276,422.14922776222227,9,58
0.4955829799175262,0.5262659609317779,-0.7390010820701718,422.14922776222227,9,59
0.5521236658096313,0.5177767515182495,-0.8224822785705328,422.14922776222227,9,60
0.5404497921466828,0.5409039974212646,-0.8566397622227668,422.14922776222227,9,61
0.5744668483734131,0.5289553523063659,-0.9181218445301056,422.14922776222227,9,62
0.5717216730117798,0.527269160747528,-1.3501842133700848,422.14922776222227,9,63
0.4879887580871582,0.4487135171890258,-0.7120426703244448,422.14922776222227,9,64
0.4751827657222748,0.5042850613594055,-0.7335367741063237,422.14922776222227,9,65
0.0,0.0,-0.2809271905571222,422.14922776222227,9,66
0.4470058500766754,0.5748431086540222,-0.7380590366199613,422.14922776222227,9,67
0.5206775665283203,0.543632709980011,-0.8064124351367354,422.14922776222227,9,68
0.5220416903495788,0.5593121170997619,-0.8580287612974644,422.14922776222227,9,69
0.5021068930625916,0.6035715222358704,-0.8821305681020022,422.14922776222227,9,70
0.5485347270965576,0.5593188881874085,-1.385121650993824,422.14922776222227,9,71
0.5145981729030609,0.4685169100761414,-0.7287630109116435,422.14922776222227,9,72
0.4383790493011474,0.4985298871994018,-0.7252794152125717,422.14922776222227,9,73
0.5596958994865417,0.4615098297595977,-0.7383604945614934,422.14922776222227,9,74
0.519416481256485,0.5326157629489898,-0.820024573430419,422.14922776222227,9,75
0.5293242275714874,0.5376544833183289,-0.822802571579814,422.14922776222227,9,76
0.580612862110138,0.5228093504905701,-0.9160797353833914,422.14922776222227,9,77
0.573417317867279,0.5300048947334289,-1.37134364284575,422.14922776222227,9,78
0.5250311732292176,0.462939840555191,-0.7487414550036192,422.14922776222227,9,79
0.4880066156387329,0.5132742106914521,-0.7383604945614934,422.14922776222227,9,80
0.5644070863723755,0.5137835383415222,-0.8197042804211379,422.14922776222227,9,81
0.5038647890090943,0.5554543375968933,-0.8545837655663491,422.14922776222227,9,82
0.5279179275035858,0.5799356818199157,-0.8828250676393509,422.14922776222227,9,83
0.5216315805912017,0.5773592412471771,-1.4519735611975193,422.14922776222227,9,84
0.5039925694465637,0.5306259095668793,-0.7544866133481264,422.14922776222227,9,85
0.5417193591594696,0.5295377731323242,-0.8210932794958353,422.14922776222227,9,86
0.5307053923606873,0.5500565826892853,-0.8190236683934927,422.14922776222227,9,87
0.5582682967185975,0.5389851689338684,-0.918613925948739,422.14922776222227,9,88
0.5683281660079956,0.5350940644741058,-1.408112159743905,422.14922776222227,9,89
0.562187772989273,0.5161326825618744,-0.8197042804211379,422.14922776222227,9,90
0.531321918964386,0.5308412611484528,-0.8186633493751287,422.14922776222227,9,91
0.5645485043525695,0.5388737320899963,-0.9167467329651118,422.14922776222227,9,92
0.5423461675643921,0.559935200214386,-1.4205043271183968,422.14922776222227,9,93
0.5479876875877381,0.5187836050987243,-0.8203987799584865,422.14922776222227,9,94
0.5599023878574372,0.5479512155056,-0.8821564573794604,422.14922776222227,9,95
0.5375463604927063,0.5658758401870727,-1.4091865137219428,422.14922776222227,9,96
0.581083607673645,0.5267700135707856,-0.8821432512253523,422.14922776222227,9,97
0.6013726353645324,0.506481009721756,-1.3344020772725345,422.14922776222227,9,98
0.5471492648124695,0.5562729477882385,-1.4154906783252954,422.14922776222227,9,99
0.0,0.0,-0.2838034804910421,422.7649028976758,7,0
0.0,0.0,-0.2809271905571222,422.7649028976758,7,1
0.0,0.0,-0.2809271905571222,422.7649028976758,7,2
0.0,0.0,-0.2809271905571222,422.7649028976758,7,3
0.0,0.0,-0.2809271905571222,422.7649028976758,7,4
0.0,0.0,-0.2838034804910421,422.7649028976758,7,5
0.0,0.0,-0.2809271905571222,422.7649028976758,7,6
0.5308683753013611,0.4470520257949829,-0.7430489350110292,422.7649028976758,7,7
0.4234278202056885,0.5779841065406799,-0.8385055946186185,422.7649028976758,7,8
0.4255755245685577,0.6129566788673401,-0.888634186796844,422.7649028976758,7,9
0.3672457218170166,0.7361765027046203,-0.9789566107094289,422.7649028976758,7,10
0.486648690700531,0.6392923951148987,-1.07400869615376,422.7649028976758,7,11
0.483327841758728,0.6471351027488709,-1.0737865809351206,422.7649028976758,7,12
0.4609837830066681,0.6694791555404663,-1.196969525516033,422.7649028976758,7,13
0.4029424548149108,0.6300679326057435,-0.8669120825827121,422.7649028976758,7,14
0.4792725503444671,0.6285810708999634,-0.9714466359466314,422.7649028976758,7,15
0.4498560428619385,0.6760850191116333,-1.056162602454424,422.7649028976758,7,16
0.45274458527565,0.5406269073486328,-0.8033561047166586,422.7649028976758,7,17
0.4705966830253601,0.6598662614822388,-1.0906102687120438,422.7649028976758,7,18
0.4872169435024261,0.4828723669052124,-0.7420426273718477,422.7649028976758,7,19
0.0,0.0,-0.2809271905571222,422.7649028976758,7,20
0.4386011719703674,0.6918617725372315,-1.166516238451004,422.7649028976758,7,21
0.0,0.0,-0.2809271905571222,422.7649028976758,7,22
0.0,0.0,-0.2809271905571222,422.7649028976758,7,23
0.0,0.0,-0.2809271905571222,422.7649028976758,7,24
0.0,0.0,-0.2838034804910421,422.7649028976758,7,25
0.0,0.0,-0.2809271905571222,422.7649028976758,7,26
0.5335541903972626,0.527939647436142,-0.8577019330114126,422.7649028976758,7,27
0.3762229442596435,0.7316306829452515,-0.9703437324613332,422.7649028976758,7,28
0.4291099846363068,0.6968310832977295,-1.0519099846482276,422.7649028976758,7,29
0.5085480630397796,0.5009933948516846,-0.7733114575967193,422.7649028976758,7,30
0.4383831262588501,0.6875579476356506,-1.0767672695219517,422.7649028976758,7,31
0.4621916234493256,0.6682713270187378,-1.1531198769807816,422.7649028976758,7,32
0.4794055461883545,0.5145947873592377,-0.748131075128913,422.7649028976758,7,33
0.0,0.0,-0.2838034804910421,422.7649028976758,7,34
0.0,0.0,-0.2809271905571222,422.7649028976758,7,35
0.0,0.0,-0.2809271905571222,422.7649028976758,7,36
0.0,0.0,-0.2809271905571222,422.7649028976758,7,37
0.0,0.0,-0.2809271905571222,422.7649028976758,7,38
0.5000431835651398,0.5707711338996887,-0.8193432800471783,422.7649028976758,7,39
0.5115778505802154,0.5874129831790924,-0.911115950345993,422.7649028976758,7,40
0.4555564582347869,0.6703846216201782,-1.051895809173584,422.7649028976758,7,41
0.4321938097476959,0.6982691407203674,-1.0752039309591055,422.7649028976758,7,42
0.4952239274978637,0.5284311771392822,-0.7741054831072688,422.7649028976758,7,43
0.4620885193347931,0.6683744192123413,-1.197658188641071,422.7649028976758,7,44
0.0,0.0,-0.2809271905571222,422.7649028976758,7,45
0.0,0.0,-0.2809271905571222,422.7649028976758,7,46
0.0,0.0,-0.2809271905571222,422.7649028976758,7,47
0.0,0.0,-0.2809271905571222,422.7649028976758,7,48
0.4720431268215179,0.4895338952541351,-0.743327803723514,422.7649028976758,7,49
0.5273531556129456,0.5437780141830444,-0.8616461906582117,422.7649028976758,7,50
0.5427560806274414,0.5342549264431,-0.8573498353362083,422.7649028976758,7,51
0.4555632293224335,0.6748997092247009,-1.0667121853679418,422.7649028976758,7,52
0.4103645205497742,0.7200984120368957,-1.0737721215933562,422.7649028976758,7,53
0.4679420471191406,0.6625208973884582,-1.1821878012269735,422.7649028976758,7,54
0.0,0.0,-0.2809271905571222,422.7649028976758,7,55
0.0,0.0,-0.2838034804910421,422.7649028976758,7,56
0.0,0.0,-0.2809271905571222,422.7649028976758,7,57
0.5073914706707001,0.5031898319721222,-0.7414989542216063,422.7649028976758,7,58
0.5244246482849121,0.5329234898090363,-0.8036384811624885,422.7649028976758,7,59
0.5410377383232117,0.5307462334632873,-0.8576472025364638,422.7649028976758,7,60
0.5494096398353576,0.5107680320739746,-0.8562655556946993,422.7649028976758,7,61
0.4973515748977661,0.6331113576889038,-1.0744391199201346,422.7649028976758,7,62
0.4356694161891937,0.6947935342788696,-1.1983251865953206,422.7649028976758,7,63
0.4631404101848602,0.4631977558135986,-0.7182305170223117,422.7649028976758,7,64
0.4939140081405639,0.5120693445205688,-0.732981707341969,422.7649028976758,7,65
0.0,0.0,-0.2838034804910421,422.7649028976758,7,66
0.4678033292293548,0.5943908929824829,-0.8193913396447897,422.7649028976758,7,67
0.5015033423900604,0.5673363089561463,-0.8455307731404901,422.7649028976758,7,68
0.519315379858017,0.5663812220096588,-0.8200377795845271,422.7649028976758,7,69
0.5443320989608764,0.5541329741477966,-0.9569658633321524,422.7649028976758,7,70
0.4731314659118652,0.6573314785957336,-1.242909923568368,422.7649028976758,7,71
0.539519053697586,0.4782425105571747,-0.7407294685021043,422.7649028976758,7,72
0.4640114605426788,0.4686642587184906,-0.714667196944356,422.7649028976758,7,73
0.5008985280990601,0.5628012537956237,-0.8062215948477387,422.7649028976758,7,74
0.5617649853229523,0.5134019076824188,-0.8548765566200018,422.7649028976758,7,75
0.6463833451271057,0.4526960790157318,-0.978937179595232,422.7649028976758,7,76
0.675198245048523,0.4507428407669067,-1.0871947843581438,422.7649028976758,7,77
0.6499391913414001,0.4805237531661987,-1.3031004920601843,422.7649028976758,7,78
0.5759069085121155,0.4340902924537658,-0.8632419176399708,422.7649028976758,7,79
0.629689359664917,0.3922429919242859,-0.8843625988811255,422.7649028976758,7,80
0.6659682631492615,0.4202530205249786,-0.960562933050096,422.7649028976758,7,81
0.6197902083396911,0.4836320281028747,-0.9761536784470082,422.7649028976758,7,82
0.7107880115509033,0.4106311917304993,-1.0580879107117651,422.7649028976758,7,83
0.6677075386047363,0.4627553880214691,-1.2740428920835256,422.7649028976758,7,84
0.5913572788238526,0.4430041193962097,-0.8922495011240243,422.7649028976758,7,85
0.6729699492454528,0.4304522693157196,-0.9761871688067912,422.7649028976758,7,86
0.6850929737091065,0.4227606475353241,-0.978092497214675,422.7649028976758,7,87
0.6345254421234131,0.4914156377315521,-1.0554803397506476,422.7649028976758,7,88
0.6893155455589295,0.4366255462169647,-1.3097469471395016,422.7649028976758,7,89
0.6880948424339295,0.4067286610603332,-0.9606623277068138,422.7649028976758,7,90
0.6437480211257934,0.464105612039566,-0.9791150577366352,422.7649028976758,7,91
0.6452219963073731,0.4852409362792969,-1.0737997870892286,422.7649028976758,7,92
0.6876112818717957,0.4428516626358032,-1.317506332695484,422.7649028976758,7,93
0.6740521550178528,0.4383233428001404,-0.9963859241455794,422.7649028976758,7,94
0.6961985111236573,0.4297425508499145,-1.055092927068472,422.7649028976758,7,95
0.7246975421905517,0.4057654082775116,-1.27199341095984,422.7649028976758,7,96
0.7142330050468445,0.4162299454212189,-1.0724378816783429,422.7649028976758,7,97
0.671354103088379,0.4500651121139526,-1.3101269129663706,422.7649028976758,7,98
0.629795491695404,0.5006674468517304,-1.2874541126191617,422.7649028976758,7,99
0.0,0.0,-0.2838034804910421,438.79829740921656,6,0
0.0,0.0,-0.2809271905571222,438.79829740921656,6,1
0.0,0.0,-0.2838034804910421,438.79829740921656,6,2
0.0,0.0,-0.2838034804910421,438.79829740921656,6,3
0.0,0.0,-0.2809271905571222,438.79829740921656,6,4
0.0,0.0,-0.2979424502700567,438.79829740921656,6,5
0.0,0.0,-0.2841954816132784,438.79829740921656,6,6
0.4503918528556824,0.4795257568359375,-0.7247608529403806,438.79829740921656,6,7
0.4821054995059967,0.5232053279876709,-0.7400573613122106,438.79829740921656,6,8
0.5329453527927399,0.5240265548229217,-0.8187097828835249,438.79829740921656,6,9
0.4979173183441162,0.5814248561859131,-0.8203987799584865,438.79829740921656,6,10
0.5449880719184875,0.5269068002700805,-0.8185005869716406,438.79829740921656,6,11
0.5340601146221161,0.5828325510025024,-0.9488417554646732,438.79829740921656,6,12
0.5374460995197297,0.5884949803352356,-1.0066033363342286,438.79829740921656,6,13
0.5391789317131043,0.526261430978775,-0.8190300758928061,438.79829740921656,6,14
0.5117244601249695,0.5433155357837677,-0.820024573430419,438.79829740921656,6,15
0.5427733778953552,0.5429232299327851,-0.821787779033184,438.79829740921656,6,16
0.4775911509990692,0.532809853553772,-0.737719907052815,438.79829740921656,6,17
0.525843721628189,0.5850786447525025,-0.9163753092288972,438.79829740921656,6,18
0.4775589287281036,0.5223472952842713,-0.7317366782575846,438.79829740921656,6,19
0.0,0.0,-0.2809271905571222,438.79829740921656,6,20
0.5493130326271057,0.5721061706542969,-1.0567239083349704,438.79829740921656,6,21
0.0,0.0,-0.2809271905571222,438.79829740921656,6,22
0.0,0.0,-0.2809271905571222,438.79829740921656,6,23
0.0,0.0,-0.2809271905571222,438.79829740921656,6,24
0.0,0.0,-0.2809271905571222,438.79829740921656,6,25
0.0,0.0,-0.2809271905571222,438.79829740921656,6,26
0.51048903465271,0.5225110828876496,-0.8042866801843047,438.79829740921656,6,27
0.5099383056163788,0.5710762023925782,-0.8200377795845271,438.79829740921656,6,28
0.5507902503013611,0.5315729975700378,-0.821787779033184,438.79829740921656,6,29
0.4511595904827118,0.5432597577571869,-0.7391219789162278,438.79829740921656,6,30
0.560531735420227,0.5467184543609619,-0.9031529847532512,438.79829740921656,6,31
0.5631221055984497,0.562818968296051,-1.0210158474743367,438.79829740921656,6,32
0.4835164189338684,0.5104483425617218,-0.7263450760394334,438.79829740921656,6,33
0.0,0.0,-0.2809271905571222,438.79829740921656,6,34
0.0,0.0,-0.2809271905571222,438.79829740921656,6,35
0.0,0.0,-0.2809271905571222,438.79829740921656,6,36
0.0,0.0,-0.2841954816132784,438.79829740921656,6,37
0.0,0.0,-0.2809271905571222,438.79829740921656,6,38
0.5509881258010865,0.5298393964767456,-0.8183291688561439,438.79829740921656,6,39
0.5036201894283294,0.5772671818733215,-0.8197042804211379,438.79829740921656,6,40
0.5089844167232513,0.585574996471405,-0.8447540752589703,438.79829740921656,6,41
0.5290374040603638,0.5743848264217377,-0.9372873973101378,438.79829740921656,6,42
0.4916954755783081,0.4629976451396942,-0.7388205209746956,438.79829740921656,6,43
0.5381198048591613,0.5788680076599121,-1.091700392216444,438.79829740921656,6,44
0.0,0.0,-0.2893846362829208,438.79829740921656,6,45
0.0,0.0,-0.2809271905571222,438.79829740921656,6,46
0.4471506178379059,0.4992173194885254,-0.7133860219269991,438.79829740921656,6,47
0.0,0.0,-0.2809271905571222,438.79829740921656,6,48
0.5172774374485016,0.5004841148853302,-0.7391715889796615,438.79829740921656,6,49
0.5666111707687378,0.5034085035324096,-0.8186494618654251,438.79829740921656,6,50
0.4990867853164673,0.5453737139701843,-0.8019430765882134,438.79829740921656,6,51
0.5236277937889099,0.5586802542209626,-0.8674284107983112,438.79829740921656,6,52
0.5327633798122406,0.5664296627044678,-0.9518958624452352,438.79829740921656,6,53
0.5456560313701629,0.5667194604873658,-1.1135445028543471,438.79829740921656,6,54
0.0,0.0,-0.2838034804910421,438.79829740921656,6,55
0.3629487454891205,0.4158791959285736,-0.6393505360931158,438.79829740921656,6,56
0.0,0.0,-0.2809271905571222,438.79829740921656,6,57
0.5009995460510254,0.4848849833011627,-0.734537023305893,438.79829740921656,6,58
0.4967751562595367,0.5250738024711609,-0.737719907052815,438.79829740921656,6,59
0.5507123708724976,0.5349842369556427,-0.8197042804211379,438.79829740921656,6,60
0.5321663320064545,0.5579616844654083,-0.8305068165063858,438.79829740921656,6,61
0.5804528832435608,0.5306957483291626,-0.9014052726328372,438.79829740921656,6,62
0.5885899066925049,0.5283979058265686,-1.1101788070052865,438.79829740921656,6,63
0.4621585786342621,0.4580875337123871,-0.7163680773228407,438.79829740921656,6,64
0.5440633893013,0.4736981511116028,-0.7381438171491027,438.79829740921656,6,65
0.0,0.0,-0.2982897005975246,438.79829740921656,6,66
0.5231377005577087,0.4912512421607971,-0.7364515470340848,438.79829740921656,6,67
0.5699957370758056,0.5157008528709411,-0.8190097808837891,438.79829740921656,6,68
0.5280109524726868,0.549306970834732,-0.8190236683934927,438.79829740921656,6,69
0.6576369047164917,0.468304181098938,-1.0290265120565891,438.79829740921656,6,70
0.7020147442817688,0.4284482181072235,-1.1499656889587642,438.79829740921656,6,71
0.4722508251667022,0.4738705575466156,-0.7323539348319172,438.79829740921656,6,72
0.4880122542381286,0.4858880758285522,-0.7219144862145186,438.79829740921656,6,73
0.4879187047481537,0.5140662670135498,-0.7391219789162278,438.79829740921656,6,74
0.5399460315704345,0.5162244856357574,-0.817982055991888,438.79829740921656,6,75
0.6706072449684143,0.4598556935787201,-1.0655862096697093,438.79829740921656,6,76
0.629127311706543,0.4744758248329163,-1.1256407137960196,438.79829740921656,6,77
0.6717727780342102,0.4497369050979614,-1.2577259853482246,438.79829740921656,6,78
0.568925654888153,0.4159583806991577,-0.8391298078000545,438.79829740921656,6,79
0.6026981353759766,0.4193176507949829,-0.8907881142571569,438.79829740921656,6,80
0.6856476187705993,0.4222059965133667,-0.968995178118348,438.79829740921656,6,81
0.599827516078949,0.5230688571929931,-1.0296323519200086,438.79829740921656,6,82
0.6452019929885864,0.4852609515190124,-1.0691015176475047,438.79829740921656,6,83
0.6870899796485901,0.4433729708194732,-1.2344250950962306,438.79829740921656,6,84
0.620770001411438,0.3972401320934295,-0.8823114113882184,438.79829740921656,6,85
0.6484273791313171,0.4463961243629455,-0.973126570135355,438.79829740921656,6,86
0.6890861630439759,0.441376793384552,-1.063890805095434,438.79829740921656,6,87
0.694154679775238,0.4273549854755402,-1.0879758544266225,438.79829740921656,6,88
0.6557245016098022,0.4747384428977966,-1.2800479426980018,438.79829740921656,6,89
0.7300927519798279,0.3650817990303039,-0.9901451194658876,438.79829740921656,6,90
0.693236243724823,0.4034853279590606,-1.0811200143769384,438.79829740921656,6,91
0.6322298884391785,0.4892797946929931,-1.0889961052685977,438.79829740921656,6,92
0.7820112466812134,0.3305451393127441,-1.3057908952236177,438.79829740921656,6,93
0.6460534811019898,0.4844094634056091,-1.0639481842517853,438.79829740921656,6,94
0.648928451538086,0.4815344929695129,-1.0660325426608324,438.79829740921656,6,95
0.6208810806274414,0.5006286025047302,-1.3156328193843363,438.79829740921656,6,96
0.6688171863555908,0.4526925027370453,-1.0862248685210942,438.79829740921656,6,97
0.5933238625526428,0.5148897469043732,-1.416141089051962,438.79829740921656,6,98
0.6599780321121216,0.4525783598423004,-1.346903982013464,438.79829740921656,6,99
0.0,0.0,-0.2838034804910421,412.92119087775546,8,0
0.0,0.0,-0.2809271905571222,412.92119087775546,8,1
0.0,0.0,-0.3066230159252882,412.92119087775546,8,2
0.0,0.0,-0.2874637726694345,412.92119087775546,8,3
0.0,0.0,-0.2838034804910421,412.92119087775546,8,4
0.0971851259469986,0.9455179095268248,-0.8328071977943182,412.92119087775546,8,5
0.0438597250729799,0.9988433241844176,-0.8341411929577589,412.92119087775546,8,6
0.0842559941112995,0.9214869618415832,-0.8847918760031461,412.92119087775546,8,7
0.055478117801249,0.5130936056375504,-0.9783827041974292,412.92119087775546,8,8
0.0971737429499626,0.9064281225204468,-0.972136382199824,412.92119087775546,8,9
0.0701921106083318,0.6372991502285004,-0.9736393742728978,412.92119087775546,8,10
0.0408686831593513,0.4685416966676712,-1.0065627702511848,412.92119087775546,8,11
0.0424446900375187,0.5624843716621399,-1.044138482771814,412.92119087775546,8,12
0.0472540378570556,0.5737573951482773,-3.866933046048507,412.92119087775546,8,13
0.0398095702752471,0.5191066920757293,-0.9795489951968191,412.92119087775546,8,14
0.0431497815065085,0.4405092746019363,-0.982717265142128,412.92119087775546,8,15
0.0877022244036197,0.7117454528808593,-0.9964649114757776,412.92119087775546,8,16
0.0526402674615383,0.9000260233879089,-0.9595105053856968,412.92119087775546,8,17
0.1273259803652763,0.7684349060058594,-0.9817874420434236,412.92119087775546,8,18
0.1063413590192794,0.9363616943359376,-0.8311990678310395,412.92119087775546,8,19
0.0,0.0,-0.3011659905314445,412.92119087775546,8,20
0.0528786508366465,0.4052633993327618,-5.8076410726527685,412.92119087775546,8,21
0.0,0.0,-0.2809271905571222,412.92119087775546,8,22
0.0842380613088607,0.8805840253829956,-0.8020888978615404,412.92119087775546,8,23
0.0,0.0,-0.2845954809337854,412.92119087775546,8,24
0.0,0.0,-0.2809271905571222,412.92119087775546,8,25
0.0,0.0,-0.2809271905571222,412.92119087775546,8,26
0.0656243534758687,0.7803222298622131,-0.9581672201864422,412.92119087775546,8,27
0.0957122795283794,0.8302731394767762,-0.9733659669756888,412.92119087775546,8,28
0.0513271056115627,0.6257663249969483,-0.9795871252194048,412.92119087775546,8,29
0.0445167623460292,0.9895410418510436,-0.8647491849958897,412.92119087775546,8,30
0.0617074757814407,0.7535040438175201,-1.0434580247849226,412.92119087775546,8,31
0.0766245745122432,0.6702027201652527,-4.06980718113482,412.92119087775546,8,32
0.0808464460074901,0.9483455657958983,-0.8392659954726696,412.92119087775546,8,33
0.0,0.0,-0.3036950301378965,412.92119087775546,8,34
0.0,0.0,-0.3066813249140978,412.92119087775546,8,35
0.0,0.0,-0.2809271905571222,412.92119087775546,8,36
0.0,0.0,-0.2982897005975246,412.92119087775546,8,37
0.0975250244140625,0.830290162563324,-0.7618802908807993,412.92119087775546,8,38
0.0584542118012905,0.8810778021812439,-0.958510698378086,412.92119087775546,8,39
0.1157638676464557,0.853917407989502,-0.9037201160565018,412.92119087775546,8,40
0.0705719791352748,0.8012351036071778,-0.9911543730646372,412.92119087775546,8,41
0.1152157619595527,0.6910888969898223,-0.9732246221974492,412.92119087775546,8,42
0.0659500639885664,0.9811808824539184,-0.8435926416888833,412.92119087775546,8,43
0.0725126177072525,0.7095677733421326,-3.838028474897146,412.92119087775546,8,44
0.0,0.0,-0.2809271905571222,412.92119087775546,8,45
0.0,0.0,-0.2838034804910421,412.92119087775546,8,46
0.4737836360931396,0.4487553298473358,-0.7187565559521317,412.92119087775546,8,47
0.0,0.0,-0.2809271905571222,412.92119087775546,8,48
0.468261569738388,0.4901249468326568,-0.7225593732669949,412.92119087775546,8,49
0.0777875006198883,0.8011558771133422,-0.932646636106074,412.92119087775546,8,50
0.143334324657917,0.9383740425109864,-0.8965345948934555,412.92119087775546,8,51
0.074163684155792,0.9240578770637512,-0.9632231429219246,412.92119087775546,8,52
0.0846232809126377,0.8491300940513611,-0.9695660427212716,412.92119087775546,8,53
0.0509336538612842,0.66937415599823,-4.459270289354026,412.92119087775546,8,54
0.0,0.0,-0.3152382604777813,412.92119087775546,8,55
0.9149263620376586,0.0799861619714647,-0.7947700364515186,412.92119087775546,8,56
0.8792219638824463,0.0936005681753158,-0.792309788055718,412.92119087775546,8,57
0.9049872636795044,0.121281100064516,-0.8315747056156397,412.92119087775546,8,58
0.7101027846336365,0.3498827546834945,-0.8543866785243154,412.92119087775546,8,59
0.5334104657173157,0.5307199418544769,-0.8204126674681902,412.92119087775546,8,60
0.1231677509844303,0.9158474564552308,-0.9729157391935588,412.92119087775546,8,61
0.0819111013785004,0.8298609256744385,-0.9937334807589652,412.92119087775546,8,62
0.0893884554505348,0.8463765859603882,-2.510748029127717,412.92119087775546,8,63
0.9592358231544494,0.0782137632369995,-0.8271862214431167,412.92119087775546,8,64
0.948530387878418,0.0900018483400344,-0.8294411456212402,412.92119087775546,8,65
0.9619037628173828,0.0766284517943859,-0.8291605329141021,412.92119087775546,8,66
0.9970581412315368,0.0670982474461197,-0.8722055107355118,412.92119087775546,8,67
0.9914628267288208,0.08989098072052,-0.8769341178238392,412.92119087775546,8,68
1.0409321784973145,0.089530761539936,-0.9603573903441428,412.92119087775546,8,69
1.038918399810791,0.0915445633232593,-0.9648092798888684,412.92119087775546,8,70
0.1216995567083358,0.8899584293365479,-1.6925528476014733,412.92119087775546,8,71
0.9669263482093812,0.1015728771686554,-0.8568018998950719,412.92119087775546,8,72
0.9384115695953368,0.1085474014282226,-0.8420572973787784,412.92119087775546,8,73
0.9636746406555176,0.109252443909645,-0.8693888628855347,412.92119087775546,8,74
1.0198212385177612,0.0927351675927639,-0.9311118964105844,412.92119087775546,8,75
1.0107181549072266,0.1197447746992111,-0.9641147803515197,412.92119087775546,8,76
1.0429529070854189,0.087510035187006,-0.9620590567588806,412.92119087775546,8,77
1.0300975918769837,0.0913216210901737,-1.1695422630757093,412.92119087775546,8,78
0.9502963185310364,0.1096041589975357,-0.8507227208465338,412.92119087775546,8,79
0.9812822580337524,0.1044143352657556,-0.8814162444323301,412.92119087775546,8,80
1.0045485854148866,0.1169610567390918,-0.9484575010836124,412.92119087775546,8,81
0.9954265117645263,0.1350364103913307,-0.9637609966099262,412.92119087775546,8,82
0.9853211641311646,0.1348002180457115,-0.96513610817492,412.92119087775546,8,83
1.0482250332832337,0.082237883657217,-1.0610055293887857,412.92119087775546,8,84
1.0148322224617004,0.1021556057035923,-0.984494234994054,412.92119087775546,8,85
0.9557471632957458,0.1657625049352646,-0.9464136127382516,412.92119087775546,8,86
1.035475754737854,0.0949872247874736,-0.9641147803515197,412.92119087775546,8,87
1.0231146454811095,0.1073483020067214,-0.9634341683238744,412.92119087775546,8,88
0.9776770949363708,0.1527858704328537,-1.2417718533426525,412.92119087775546,8,89
0.997346603870392,0.1331163391470909,-0.9648092798888684,412.92119087775546,8,90
1.0032667517662048,0.1226743310689926,-1.0004653997719288,412.92119087775546,8,91
1.0032540559768677,0.1236440449953079,-0.9648092798888684,412.92119087775546,8,92
1.0059760093688963,0.1244869366288185,-1.2598392661660909,412.92119087775546,8,93
1.0462454199790954,0.0842175126075744,-0.96513610817492,412.92119087775546,8,94
0.9681152462959288,0.1623477295041084,-0.9648092798888684,412.92119087775546,8,95
1.06341495513916,0.0670479536056518,-1.258580804243684,412.92119087775546,8,96
1.0351092219352722,0.0901916489005088,-0.9648092798888684,412.92119087775546,8,97
1.0113484382629394,0.1191145084798336,-1.1376759968698025,412.92119087775546,8,98
1.0231224060058597,0.1028186615556478,-1.2820966131985188,412.92119087775546,8,99
0.0,0.0,-0.2809271905571222,473.09092093308766,3,0
0.0,0.0,-0.2809271905571222,473.09092093308766,3,1
0.0,0.0,-0.2809271905571222,473.09092093308766,3,2
0.0,0.0,-0.2809271905571222,473.09092093308766,3,3
0.0,0.0,-0.2809271905571222,473.09092093308766,3,4
0.0,0.0,-0.2809271905571222,473.09092093308766,3,5
0.0,0.0,-0.2809271905571222,473.09092093308766,3,6
0.0,0.0,-0.2809271905571222,473.09092093308766,3,7
0.0,0.0,-0.2809271905571222,473.09092093308766,3,8
0.0,0.0,-0.2809271905571222,473.09092093308766,3,9
0.0,0.0,-0.2809271905571222,473.09092093308766,3,10
0.0,0.0,-0.2809271905571222,473.09092093308766,3,11
0.0,0.0,-0.2809271905571222,473.09092093308766,3,12
0.0,0.0,-10.857586732457529,473.09092093308766,3,13
0.0,0.0,-0.2809271905571222,473.09092093308766,3,14
0.0,0.0,-0.2809271905571222,473.09092093308766,3,15
0.0,0.0,-0.2809271905571222,473.09092093308766,3,16
0.0,0.0,-0.2809271905571222,473.09092093308766,3,17
0.0,0.0,-0.3309520538896322,473.09092093308766,3,18
0.0,0.0,-0.2809271905571222,473.09092093308766,3,19
0.0,0.0,-0.2809271905571222,473.09092093308766,3,20
1.206949065135632e-08,2.4235894215962615e-07,-10.62001611475946,473.09092093308766,3,21
0.0,0.0,-0.2809271905571222,473.09092093308766,3,22
0.0,0.0,-0.2809271905571222,473.09092093308766,3,23
0.0,0.0,-0.2809271905571222,473.09092093308766,3,24
0.0,0.0,-0.2809271905571222,473.09092093308766,3,25
0.0,0.0,-0.2809271905571222,473.09092093308766,3,26
0.0,0.0,-0.2845954809337854,473.09092093308766,3,27
0.0,0.0,-0.2845954809337854,473.09092093308766,3,28
0.0,0.0,-0.2809271905571222,473.09092093308766,3,29
0.0,0.0,-0.2809271905571222,473.09092093308766,3,30
0.0,0.0,-0.2845954809337854,473.09092093308766,3,31
0.0,0.0,-10.620016878425693,473.09092093308766,3,32
0.0,0.0,-0.2809271905571222,473.09092093308766,3,33
0.0,0.0,-0.2809271905571222,473.09092093308766,3,34
0.0,0.0,-0.2809271905571222,473.09092093308766,3,35
0.0,0.0,-0.2809271905571222,473.09092093308766,3,36
0.0,0.0,-0.2809271905571222,473.09092093308766,3,37
0.0,0.0,-0.2809271905571222,473.09092093308766,3,38
0.0,0.0,-0.2809271905571222,473.09092093308766,3,39
0.0,0.0,-0.2809271905571222,473.09092093308766,3,40
0.0,0.0,-0.2809271905571222,473.09092093308766,3,41
0.0,0.0,-0.2976021450012922,473.09092093308766,3,42
0.0,0.0,-0.2809271905571222,473.09092093308766,3,43
0.0,0.0,-10.516106984558249,473.09092093308766,3,44
0.0,0.0,-0.2809271905571222,473.09092093308766,3,45
0.0,0.0,-0.2809271905571222,473.09092093308766,3,46
0.0,0.0,-0.2809271905571222,473.09092093308766,3,47
0.0,0.0,-0.2809271905571222,473.09092093308766,3,48
0.0,0.0,-0.2809271905571222,473.09092093308766,3,49
0.0,0.0,-0.2809271905571222,473.09092093308766,3,50
0.0,0.0,-0.2809271905571222,473.09092093308766,3,51
0.0,0.0,-0.2809271905571222,473.09092093308766,3,52
0.0,0.0,-0.2809271905571222,473.09092093308766,3,53
0.0,0.0,-10.27029254135468,473.09092093308766,3,54
0.0,0.0,-0.2809271905571222,473.09092093308766,3,55
0.0,0.0,-0.2809271905571222,473.09092093308766,3,56
0.0,0.0,-0.2809271905571222,473.09092093308766,3,57
0.0,0.0,-0.2809271905571222,473.09092093308766,3,58
0.0,0.0,-0.2809271905571222,473.09092093308766,3,59
0.0,0.0,-0.2809271905571222,473.09092093308766,3,60
0.0,0.0,-0.2809271905571222,473.09092093308766,3,61
0.0,0.0,-0.2809271905571222,473.09092093308766,3,62
0.0,0.0,-10.376303774860364,473.09092093308766,3,63
0.0,0.0,-0.2809271905571222,473.09092093308766,3,64
0.0,0.0,-0.2845954809337854,473.09092093308766,3,65
0.0,0.0,-0.2809271905571222,473.09092093308766,3,66
0.0,0.0,-0.2809271905571222,473.09092093308766,3,67
0.0,0.0,-0.2809271905571222,473.09092093308766,3,68
0.0,0.0,-0.2809271905571222,473.09092093308766,3,69
0.0,0.0,-0.2809271905571222,473.09092093308766,3,70
0.0002203055890277,0.0002019698731601,-1.595939945052004,473.09092093308766,3,71
0.0,0.0,-0.2809271905571222,473.09092093308766,3,72
0.0,0.0,-0.2809271905571222,473.09092093308766,3,73
0.0,0.0,-0.2809271905571222,473.09092093308766,3,74
0.0,0.0,-0.2809271905571222,473.09092093308766,3,75
0.0,0.0,-0.2809271905571222,473.09092093308766,3,76
0.0,0.0,-0.2809271905571222,473.09092093308766,3,77
2.19090509290254e-08,1.7752036285401118e-08,-1.5435382746876845,473.09092093308766,3,78
0.0,0.0,-0.2809271905571222,473.09092093308766,3,79
0.0,0.0,-0.2809271905571222,473.09092093308766,3,80
0.0,0.0,-0.2809271905571222,473.09092093308766,3,81
0.0,0.0,-0.2809271905571222,473.09092093308766,3,82
0.0,0.0,-0.2809271905571222,473.09092093308766,3,83
0.0868666470050811,0.0887982010841369,-1.676985128540362,473.09092093308766,3,84
0.0,0.0,-0.2809271905571222,473.09092093308766,3,85
0.0,0.0,-0.2809271905571222,473.09092093308766,3,86
0.0,0.0,-0.2809271905571222,473.09092093308766,3,87
0.0,0.0,-0.2809271905571222,473.09092093308766,3,88
0.0,0.0,-1.671975364452441,473.09092093308766,3,89
0.0,0.0,-0.2809271905571222,473.09092093308766,3,90
0.0,0.0,-0.2809271905571222,473.09092093308766,3,91
0.0,0.0,-0.2845954809337854,473.09092093308766,3,92
0.0,0.0,-1.7311665397195917,473.09092093308766,3,93
0.0,0.0,-0.2809271905571222,473.09092093308766,3,94
0.0,0.0,-0.2809271905571222,473.09092093308766,3,95
0.0,0.0,-1.5590781213261964,473.09092093308766,3,96
0.0,0.0,-0.2809271905571222,473.09092093308766,3,97
0.0,0.0,-1.7868959970533982,473.09092093308766,3,98
0.0,0.0,-3.4512683083729465,473.09092093308766,3,99
0.0,0.0,-0.2809271905571222,447.33373369375863,2,0
0.0,0.0,-0.2809271905571222,447.33373369375863,2,1
0.0,0.0,-0.2809271905571222,447.33373369375863,2,2
0.0,0.0,-0.2809271905571222,447.33373369375863,2,3
0.0,0.0,-0.2809271905571222,447.33373369375863,2,4
0.0,0.0,-0.2809271905571222,447.33373369375863,2,5
0.0,0.0,-0.2809271905571222,447.33373369375863,2,6
0.548773992061615,0.4689875483512878,-0.7391587739810348,447.33373369375863,2,7
0.4486299395561218,0.5732190012931824,-0.8338853256776929,447.33373369375863,2,8
0.4566868543624878,0.6511667490005493,-0.9821775499731302,447.33373369375863,2,9
0.4319819390773773,0.6734666347503662,-0.982846163958311,447.33373369375863,2,10
0.4103293061256409,0.6975243091583252,-0.982872049510479,447.33373369375863,2,11
0.4711521089076996,0.6367015182971955,-0.9835406634956598,447.33373369375863,2,12
0.4583549082279205,0.64949871301651,-1.1358224023133516,447.33373369375863,2,13
0.4419336497783661,0.6659199714660644,-0.9825322784483432,447.33373369375863,2,14
0.4467847168445587,0.6610689043998719,-0.9821516644209624,447.33373369375863,2,15
0.4559992611408233,0.6518543481826782,-0.982846163958311,447.33373369375863,2,16
0.4710080385208129,0.526489895582199,-0.738531001470983,447.33373369375863,2,17
0.478995406627655,0.6333800792694092,-1.002206816151738,447.33373369375863,2,18
0.3522855281829834,0.4355009019374847,-2.3808551086221974,447.33373369375863,2,19
0.0,0.0,-0.2838034804910421,447.33373369375863,2,20
0.4883592844009399,0.6194943428039551,-1.2359247975051404,447.33373369375863,2,21
0.0,0.0,-0.2809271905571222,447.33373369375863,2,22
0.0,0.0,-0.2809271905571222,447.33373369375863,2,23
0.0,0.0,-0.2809271905571222,447.33373369375863,2,24
0.0,0.0,-0.2809271905571222,447.33373369375863,2,25
0.0,0.0,-0.2838034804910421,447.33373369375863,2,26
0.4939971208572388,0.6005622923374176,-0.8818263702094555,447.33373369375863,2,27
0.4234709799289703,0.6843826413154602,-0.982872049510479,447.33373369375863,2,28
0.4271444439888,0.6852310299873352,-1.002206816151738,447.33373369375863,2,29
0.476192045211792,0.5252288103103637,-0.7388205209746956,447.33373369375863,2,30
0.4524926602840423,0.6598828434944153,-1.000498205423355,447.33373369375863,2,31
0.4739865005016327,0.638388991355896,-1.2632694631814956,447.33373369375863,2,32
0.47618048787117,0.5204825282096863,-0.7317133473232389,447.33373369375863,2,33
0.0,0.0,-0.2838034804910421,447.33373369375863,2,34
0.0,0.0,-0.2809271905571222,447.33373369375863,2,35
0.0,0.0,-0.2809271905571222,447.33373369375863,2,36
0.0,0.0,-0.2809271905571222,447.33373369375863,2,37
0.0,0.0,-0.2809271905571222,447.33373369375863,2,38
0.5068150103092194,0.553606390953064,-0.822155450284481,447.33373369375863,2,39
0.4023017644882202,0.7055518388748169,-0.9821646071970462,447.33373369375863,2,40
0.4558465182781219,0.6565289497375488,-1.001873316988349,447.33373369375863,2,41
0.4562418401241302,0.6561336517333984,-1.001886259764433,447.33373369375863,2,42
0.5158513903617858,0.4951827347278595,-0.7351960020139814,447.33373369375863,2,43
0.4309670865535736,0.6814084053039551,-1.1809323627501729,447.33373369375863,2,44
0.0,0.0,-0.2809271905571222,447.33373369375863,2,45
0.0,0.0,-0.2809271905571222,447.33373369375863,2,46
0.3044957816600799,0.2927479743957519,-0.5498802682384849,447.33373369375863,2,47
0.0,0.0,-0.2809271905571222,447.33373369375863,2,48
0.5387134552001953,0.4831354916095733,-0.7364515470340848,447.33373369375863,2,49
0.5798218727111817,0.5026946842670441,-0.8221212781965732,447.33373369375863,2,50
0.5214102447032929,0.5515168309211731,-0.8033849151805044,447.33373369375863,2,51
0.4615605056285858,0.6462931275367737,-0.9821516644209624,447.33373369375863,2,52
0.4715894222259521,0.640786075592041,-1.0011646419763565,447.33373369375863,2,53
0.4018531262874603,0.7060005068778992,-1.0662583760917186,447.33373369375863,2,54
0.0,0.0,-0.2809271905571222,447.33373369375863,2,55
0.5087618350982666,0.4830359935760498,-0.7304683182388544,447.33373369375863,2,56
0.0,0.0,-0.2809271905571222,447.33373369375863,2,57
0.4617457866668701,0.5243909418582916,-0.7414909528568387,447.33373369375863,2,58
0.4935943961143493,0.514795845746994,-0.735823774524033,447.33373369375863,2,59
0.5617709398269654,0.5227985799312591,-0.8210932794958353,447.33373369375863,2,60
0.5136050462722779,0.56316779255867,-0.8225117396563292,447.33373369375863,2,61
0.4921153366565704,0.6338257312774658,-1.0554681029170752,447.33373369375863,2,62
0.440218049287796,0.6857230424880981,-1.276094365492463,447.33373369375863,2,63
0.4776009857654572,0.5245533287525177,-0.7387844046577812,447.33373369375863,2,64
0.5274270057678223,0.4655835747718811,-0.7412253441289067,447.33373369375863,2,65
0.0,0.0,-0.2895560603588819,447.33373369375863,2,66
0.5163820207118988,0.5013795256614685,-0.735718453489244,447.33373369375863,2,67
0.5501925706863403,0.5355040550231933,-0.8197042804211379,447.33373369375863,2,68
0.5238902032375335,0.5618063926696777,-0.8189660657197237,447.33373369375863,2,69
0.6955387473106385,0.434924179315567,-1.0752039309591055,447.33373369375863,2,70
0.4505180716514587,0.6709011554718017,-1.233566502854228,447.33373369375863,2,71
0.4847204089164734,0.485715651512146,-0.7441501371562481,447.33373369375863,2,72
0.4979511559009552,0.5093299686908722,-0.7369497584179043,447.33373369375863,2,73
0.5012564301490784,0.5331900537014007,-0.7837076442316174,447.33373369375863,2,74
0.6684890866279602,0.423811012506485,-0.9511889688670636,447.33373369375863,2,75
0.7038768410682679,0.4039767682552337,-0.9807623773813248,447.33373369375863,2,76
0.6317926645278931,0.4941484093666076,-1.0568842202425004,447.33373369375863,2,77
0.6663455724716186,0.4641173660755157,-1.2278238765895366,447.33373369375863,2,78
0.5783782720565795,0.398427152633667,-0.8499978989362716,447.33373369375863,2,79
0.6392186760902405,0.4034843683242798,-0.8961916003376246,447.33373369375863,2,80
0.6610116958618164,0.4468419373035431,-0.9835406634956598,447.33373369375863,2,81
0.6422799229621887,0.4655736923217773,-0.9793592028319836,447.33373369375863,2,82
0.656293535232544,0.4741694033145904,-1.0730634465813638,447.33373369375863,2,83
0.6642968058586121,0.4661661386489868,-1.1507822789251805,447.33373369375863,2,84
0.6473208785057067,0.3870405316352844,-0.9125106435269116,447.33373369375863,2,85
0.638038945198059,0.4698146820068359,-0.9765950921922922,447.33373369375863,2,86
0.6605473041534424,0.4385321140289306,-0.9822678443044424,447.33373369375863,2,87
0.7011545062065124,0.4293084323406219,-1.0723535183817148,447.33373369375863,2,88
0.6994847536087037,0.4309781968593597,-1.1648243714123965,447.33373369375863,2,89
0.6651793003082276,0.442674309015274,-0.9793733783066272,447.33373369375863,2,90
0.6504057288169861,0.45744788646698,-0.9814568769186736,447.33373369375863,2,91
0.6987623929977417,0.4271786868572235,-1.0749031152576207,447.33373369375863,2,92
0.6751079797744751,0.4417893767356872,-1.1482400197535754,447.33373369375863,2,93
0.6446264505386352,0.4677490353584289,-0.9990383330732584,447.33373369375863,2,94
0.7231125116348267,0.4073504149913788,-1.0741056207567454,447.33373369375863,2,95
0.6697574615478515,0.4607054948806762,-1.1056572180241346,447.33373369375863,2,96
0.6485603332519532,0.4819026112556457,-1.0752039309591055,447.33373369375863,2,97
0.6434096097946167,0.4780096113681793,-1.103357745334506,447.33373369375863,2,98
0.6855716586112977,0.4448912799358367,-1.1053369250148537,447.33373369375863,2,99
0.0,0.0,-0.2809271905571222,437.4377199411392,4,0
0.0,0.0,-0.2809271905571222,437.4377199411392,4,1
0.0,0.0,-0.2809271905571222,437.4377199411392,4,2
0.0,0.0,-0.2809271905571222,437.4377199411392,4,3
0.0,0.0,-0.2809271905571222,437.4377199411392,4,4
0.0,0.0,-0.2838034804910421,437.4377199411392,4,5
0.0,0.0,-0.286679770424962,437.4377199411392,4,6
0.4332780301570892,0.5163040637969971,-0.74473223593086,437.4377199411392,4,7
0.4892709374427795,0.4924525439739227,-0.7424201833084225,437.4377199411392,4,8
0.5208422780036926,0.4866189002990723,-0.7448200626298785,437.4377199411392,4,9
0.5577891945838929,0.5127920866012573,-0.8239304386079311,437.4377199411392,4,10
0.5731095671653748,0.517018461227417,-0.8345394160598516,437.4377199411392,4,11
0.5645161151885987,0.5308298945426941,-0.8841423228383064,437.4377199411392,4,12
0.5485305666923523,0.5593230485916137,-1.2725693818181754,437.4377199411392,4,13
0.5406850934028625,0.4895005106925964,-0.753465411812067,437.4377199411392,4,14
0.5725791275501251,0.4972328901290893,-0.8228291865438223,437.4377199411392,4,15
0.5500607132911682,0.5031563878059387,-0.8231895055621863,437.4377199411392,4,16
0.5174709975719451,0.4618984937667846,-0.7444590440019965,437.4377199411392,4,17
0.5517276585102081,0.5429203689098359,-0.9553286787122488,437.4377199411392,4,18
0.5206246674060822,0.4507100224494934,-0.7370375974103809,437.4377199411392,4,19
0.0,0.0,-0.2809271905571222,437.4377199411392,4,20
0.5249646902084351,0.5828889012336731,-1.217770704254508,437.4377199411392,4,21
0.0,0.0,-0.286679770424962,437.4377199411392,4,22
0.0,0.0,-0.286679770424962,437.4377199411392,4,23
0.0,0.0,-0.2809271905571222,437.4377199411392,4,24
0.0,0.0,-0.2809271905571222,437.4377199411392,4,25
0.0,0.0,-0.2809271905571222,437.4377199411392,4,26
0.4725198030471801,0.5217649936676025,-0.7424201833084225,437.4377199411392,4,27
0.516792231798172,0.5689043760299682,-0.8210393659770489,437.4377199411392,4,28
0.5456311166286468,0.5489283084869385,-0.844000331312418,437.4377199411392,4,29
0.5265198171138763,0.4835558354854584,-0.7400451781228184,437.4377199411392,4,30
0.5328320264816284,0.5665374517440795,-0.8847978241741657,437.4377199411392,4,31
0.5745568752288819,0.524433946609497,-1.2871065139770508,437.4377199411392,4,32
0.5132299125194549,0.492432951927185,-0.7455976931378245,437.4377199411392,4,33
0.0,0.0,-0.2809271905571222,437.4377199411392,4,34
0.0,0.0,-0.2809271905571222,437.4377199411392,4,35
0.0,0.0,-0.2809271905571222,437.4377199411392,4,36
0.0,0.0,-0.2809271905571222,437.4377199411392,4,37
0.0,0.0,-0.2838034804910421,437.4377199411392,4,38
0.4731682181358337,0.5438036322593689,-0.7575427100062371,437.4377199411392,4,39
0.4890205502510071,0.5713525176048279,-0.8237634506076574,437.4377199411392,4,40
0.590698492527008,0.5038609266281128,-0.8457281604409218,437.4377199411392,4,41
0.5467120766639709,0.5561799645423889,-0.9174675300717354,437.4377199411392,4,42
0.4995089828968048,0.49729984998703,-0.7427593128755688,437.4377199411392,4,43
0.5277617692947387,0.5712290525436401,-1.300090304389596,437.4377199411392,4,44
0.0,0.0,-0.2809271905571222,437.4377199411392,4,45
0.0,0.0,-0.2809271905571222,437.4377199411392,4,46
0.1987925291061401,0.174598091840744,-0.4756941160187125,437.4377199411392,4,47
0.0,0.0,-0.2809271905571222,437.4377199411392,4,48
0.5376809895038605,0.4560401260852814,-0.7409863399341703,437.4377199411392,4,49
0.5581227719783783,0.527573823928833,-0.8224283650517463,437.4377199411392,4,50
0.5304095566272735,0.4794208228588104,-0.7754465356469155,437.4377199411392,4,51
0.5212109744548797,0.5557750225067138,-0.8216931581497192,437.4377199411392,4,52
0.5650600790977478,0.5427935421466827,-0.882837750762701,437.4377199411392,4,53
0.5555342078208924,0.5478879988193512,-1.2458126466721295,437.4377199411392,4,54
0.0,0.0,-0.2809271905571222,437.4377199411392,4,55
0.9525295734405518,0.0848961378447711,-0.8321265857666731,437.4377199411392,4,56
0.0,0.0,-0.2809271905571222,437.4377199411392,4,57
0.9412086009979248,0.101494463533163,-0.8328071977943182,437.4377199411392,4,58
0.5001654684543609,0.5028493940830231,-0.7396416695788502,437.4377199411392,4,59
0.5071784377098083,0.5693001270294189,-0.8579741664230823,437.4377199411392,4,60
0.5228553414344788,0.558498477935791,-0.8583351667970419,437.4377199411392,4,61
0.5354768991470337,0.5688590764999389,-0.8842267498373986,437.4377199411392,4,62
0.5112704038619995,0.5877204179763794,-1.2874995555728674,437.4377199411392,4,63
0.9756237626075744,0.0635597493499517,-0.8311726577579975,437.4377199411392,4,64
0.98583105802536,0.0654707081615924,-0.8557094603776931,437.4377199411392,4,65
0.9706944227218628,0.0678378261625766,-0.834137631393969,437.4377199411392,4,66
0.9463637351989748,0.1051951080560684,-0.8575594179332257,437.4377199411392,4,67
0.999820077419281,0.126120987534523,-0.9670140381902456,437.4377199411392,4,68
1.071341633796692,0.0538666807115078,-0.9667617063969374,437.4377199411392,4,69
1.0308454871177672,0.0974043853580951,-0.964087824895978,437.4377199411392,4,70
0.5809060335159302,0.545035046339035,-1.1664060965180396,437.4377199411392,4,71
0.948392128944397,0.1115083470940589,-0.8511018749326468,437.4377199411392,4,72
0.94676274061203,0.0959402937442064,-0.8338273074477911,437.4377199411392,4,73
0.9382192373275756,0.139318299293518,-0.8983911221846939,437.4377199411392,4,74
1.02309410572052,0.1073688529431819,-0.9648092798888684,437.4377199411392,4,75
1.016528356075287,0.1139345735311508,-0.96513610817492,437.4377199411392,4,76
1.0060381531715392,0.1210761874914169,-0.9644416086375712,437.4377199411392,4,77
1.0185020923614505,0.1094605550169944,-1.1978985145688057,437.4377199411392,4,78
0.9679198741912842,0.1181312903761863,-0.885617520287633,437.4377199411392,4,79
1.0038774847984313,0.1265854597091674,-0.9654220934957266,437.4377199411392,4,80
1.0181999802589417,0.1032192297279834,-0.9683603491634132,437.4377199411392,4,81
1.0378836870193482,0.0925792757421732,-0.9648092798888684,437.4377199411392,4,82
1.03856064081192,0.0919022746384143,-0.96513610817492,437.4377199411392,4,83
1.0733779430389403,0.0570850122720003,-1.2441383589059114,437.4377199411392,4,84
0.9932319164276124,0.1281872920691967,-0.9688914731144904,437.4377199411392,4,85
1.0459687471389771,0.0844942212104797,-0.9648092798888684,437.4377199411392,4,86
1.0212732553482056,0.1091896951198578,-0.9648092798888684,437.4377199411392,4,87
1.0370632410049438,0.0933997351676225,-0.96513610817492,437.4377199411392,4,88
1.0424532413482666,0.0880097217857837,-1.242109590396285,437.4377199411392,4,89
1.018176805973053,0.0905633382499218,-0.9849638322368264,437.4377199411392,4,90
1.0102120280265807,0.1202509045600891,-0.96513610817492,437.4377199411392,4,91
1.0882021188735962,0.0335155393928289,-0.9644416086375712,437.4377199411392,4,92
1.077140998840332,0.053321947529912,-1.19109101369977,437.4377199411392,4,93
0.9800012946128844,0.1149126634001731,-0.966217351704836,437.4377199411392,4,94
1.0327296257019043,0.0932115070521831,-0.9649165503680706,437.4377199411392,4,95
1.0136565446853638,0.1168063908815384,-1.176018175110221,437.4377199411392,4,96
1.034671187400818,0.0740689486498013,-0.9854488493874668,437.4377199411392,4,97
1.0452142238616944,0.075705773755908,-1.219963324442506,437.4377199411392,4,98
0.9585424304008484,0.1105649128556251,-1.1315809942781925,437.4377199411392,4,99
0.0,0.0,-0.2809271905571222,468.1531291802724,5,0
0.0,0.0,-0.2809271905571222,468.1531291802724,5,1
0.0,0.0,-0.2809271905571222,468.1531291802724,5,2
0.0,0.0,-0.2809271905571222,468.1531291802724,5,3
0.0,0.0,-0.2809271905571222,468.1531291802724,5,4
0.0,0.0,-0.2809271905571222,468.1531291802724,5,5
0.0,0.0,-0.2809271905571222,468.1531291802724,5,6
0.0,0.0,-0.2873984068632126,468.1531291802724,5,7
0.0,0.0,-0.2809271905571222,468.1531291802724,5,8
0.0,0.0,-0.2809271905571222,468.1531291802724,5,9
0.0,0.0,-0.2841954816132784,468.1531291802724,5,10
0.0,0.0,-0.2809271905571222,468.1531291802724,5,11
0.0,0.0,-0.2809271905571222,468.1531291802724,5,12
3.945161353158255e-09,4.948778453695013e-09,-1.1190164483750444,468.1531291802724,5,13
0.0,0.0,-0.2809271905571222,468.1531291802724,5,14
0.0,0.0,-0.2809271905571222,468.1531291802724,5,15
0.0,0.0,-0.2809271905571222,468.1531291802724,5,16
0.0,0.0,-0.2809271905571222,468.1531291802724,5,17
0.0,0.0,-0.2809271905571222,468.1531291802724,5,18
0.0,0.0,-0.2809271905571222,468.1531291802724,5,19
0.0,0.0,-0.2809271905571222,468.1531291802724,5,20
0.0,0.0,-1.0691501742362486,468.1531291802724,5,21
0.0,0.0,-0.2809271905571222,468.1531291802724,5,22
0.0,0.0,-0.2809271905571222,468.1531291802724,5,23
0.0,0.0,-0.2809271905571222,468.1531291802724,5,24
0.0,0.0,-0.2809271905571222,468.1531291802724,5,25
0.0,0.0,-0.2809271905571222,468.1531291802724,5,26
0.0,0.0,-0.2809271905571222,468.1531291802724,5,27
0.0,0.0,-0.2809271905571222,468.1531291802724,5,28
0.0,0.0,-0.2809271905571222,468.1531291802724,5,29
0.0,0.0,-0.2809271905571222,468.1531291802724,5,30
0.0,0.0,-0.2809271905571222,468.1531291802724,5,31
0.0,0.0,-1.084277084096477,468.1531291802724,5,32
0.0,0.0,-0.2809271905571222,468.1531291802724,5,33
0.0,0.0,-0.2809271905571222,468.1531291802724,5,34
0.0,0.0,-0.2809271905571222,468.1531291802724,5,35
0.0,0.0,-0.2809271905571222,468.1531291802724,5,36
0.0,0.0,-0.2809271905571222,468.1531291802724,5,37
0.0,0.0,-0.2809271905571222,468.1531291802724,5,38
0.0,0.0,-0.2809271905571222,468.1531291802724,5,39
0.0,0.0,-0.2809271905571222,468.1531291802724,5,40
0.0,0.0,-0.2809271905571222,468.1531291802724,5,41
0.0,0.0,-0.2809271905571222,468.1531291802724,5,42
0.0,0.0,-0.2841954816132784,468.1531291802724,5,43
0.0,0.0,-2.600654561800067,468.1531291802724,5,44
0.0,0.0,-0.2809271905571222,468.1531291802724,5,45
0.0,0.0,-0.2809271905571222,468.1531291802724,5,46
0.0,0.0,-0.2809271905571222,468.1531291802724,5,47
0.0,0.0,-0.2809271905571222,468.1531291802724,5,48
0.0,0.0,-0.2809271905571222,468.1531291802724,5,49
0.0,0.0,-0.2809271905571222,468.1531291802724,5,50
0.0,0.0,-0.2809271905571222,468.1531291802724,5,51
0.0,0.0,-0.2809271905571222,468.1531291802724,5,52
0.0,0.0,-0.2809271905571222,468.1531291802724,5,53
0.0,0.0,-1.300958643849649,468.1531291802724,5,54
0.0,0.0,-0.2809271905571222,468.1531291802724,5,55
0.0,0.0,-0.2809271905571222,468.1531291802724,5,56
0.0,0.0,-0.2809271905571222,468.1531291802724,5,57
0.0,0.0,-0.2809271905571222,468.1531291802724,5,58
0.0,0.0,-0.2809271905571222,468.1531291802724,5,59
0.0,0.0,-0.2809271905571222,468.1531291802724,5,60
0.0,0.0,-0.2809271905571222,468.1531291802724,5,61
0.0,0.0,-0.2809271905571222,468.1531291802724,5,62
2.9834879011758625e-10,4.961486865795451e-09,-1.444982725659753,468.1531291802724,5,63
0.0,0.0,-0.2809271905571222,468.1531291802724,5,64
0.0,0.0,-0.2809271905571222,468.1531291802724,5,65
0.0,0.0,-0.2809271905571222,468.1531291802724,5,66
0.0,0.0,-0.2809271905571222,468.1531291802724,5,67
0.0,0.0,-0.2809271905571222,468.1531291802724,5,68
0.0,0.0,-0.2809271905571222,468.1531291802724,5,69
0.0,0.0,-0.2809271905571222,468.1531291802724,5,70
7.430636906065047e-05,0.0009738412685692,-1.5722398213558428,468.1531291802724,5,71
0.0,0.0,-0.2809271905571222,468.1531291802724,5,72
0.0,0.0,-0.2809271905571222,468.1531291802724,5,73
0.0,0.0,-0.2809271905571222,468.1531291802724,5,74
0.0,0.0,-0.2809271905571222,468.1531291802724,5,75
0.0,0.0,-0.2809271905571222,468.1531291802724,5,76
0.0,0.0,-0.2809271905571222,468.1531291802724,5,77
5.105595057841582e-10,3.701155648627719e-09,-2.613132823897668,468.1531291802724,5,78
0.0,0.0,-0.2809271905571222,468.1531291802724,5,79
0.0,0.0,-0.2809271905571222,468.1531291802724,5,80
0.0,0.0,-0.2809271905571222,468.1531291802724,5,81
0.0,0.0,-0.2809271905571222,468.1531291802724,5,82
0.0,0.0,-0.2809271905571222,468.1531291802724,5,83
0.0,0.0,-9.119336755021925,468.1531291802724,5,84
0.0,0.0,-0.2809271905571222,468.1531291802724,5,85
0.0,0.0,-0.2809271905571222,468.1531291802724,5,86
0.0,0.0,-0.2809271905571222,468.1531291802724,5,87
0.0,0.0,-0.2809271905571222,468.1531291802724,5,88
0.0,0.0,-9.896982214711194,468.1531291802724,5,89
0.0,0.0,-0.2809271905571222,468.1531291802724,5,90
0.0,0.0,-0.2809271905571222,468.1531291802724,5,91
0.0,0.0,-0.2809271905571222,468.1531291802724,5,92
0.0,0.0,-10.13388905560324,468.1531291802724,5,93
0.0,0.0,-0.2809271905571222,468.1531291802724,5,94
0.0,0.0,-0.2809271905571222,468.1531291802724,5,95
0.0,0.0,-10.24571120584346,468.1531291802724,5,96
0.0,0.0,-0.2809271905571222,468.1531291802724,5,97
0.0,0.0,-10.4030693054316,468.1531291802724,5,98
0.0,0.0,-10.582631401221615,468.1531291802724,5,99
0.0,0.0,-0.2809271905571222,401.80477735598885,1,0
0.0,0.0,-0.2809271905571222,401.80477735598885,1,1
0.0,0.0,-0.2809271905571222,401.80477735598885,1,2
0.0,0.0,-0.2809271905571222,401.80477735598885,1,3
0.0,0.0,-0.2809271905571222,401.80477735598885,1,4
0.0,0.0,-0.2809271905571222,401.80477735598885,1,5
0.0,0.0,-0.2809271905571222,401.80477735598885,1,6
0.0,0.0,-0.2809271905571222,401.80477735598885,1,7
0.5542032599449158,0.3754181563854217,-0.8092005601152777,401.80477735598885,1,8
0.6043791532516479,0.4383238911628723,-0.8785403177142144,401.80477735598885,1,9
0.5810523748397827,0.4574798583984375,-0.8812652481719851,401.80477735598885,1,10
0.6858009099960327,0.4176212787628174,-0.9691094916313888,401.80477735598885,1,11
0.6960188627243042,0.4344440877437591,-1.0633501205593348,401.80477735598885,1,12
0.6811853647232056,0.4492775678634643,-1.2152244243770838,401.80477735598885,1,13
0.6281015813350678,0.3834256649017334,-0.8455891028046608,401.80477735598885,1,14
0.6190881609916687,0.4455042958259582,-0.917253470607102,401.80477735598885,1,15
0.6571619749069214,0.4506916463375091,-0.9692123737186192,401.80477735598885,1,16
0.5765315771102906,0.3824579358100891,-0.8176264848560095,401.80477735598885,1,17
0.7102565884590148,0.420206356048584,-1.0655164554715155,401.80477735598885,1,18
0.0,0.0,-0.2809271905571222,401.80477735598885,1,19
0.0,0.0,-0.2809271905571222,401.80477735598885,1,20
0.6997308731079102,0.4307320654392242,-1.1988267574459317,401.80477735598885,1,21
0.0,0.0,-0.2809271905571222,401.80477735598885,1,22
0.0,0.0,-0.2809271905571222,401.80477735598885,1,23
0.0,0.0,-0.2809271905571222,401.80477735598885,1,24
0.0,0.0,-0.2809271905571222,401.80477735598885,1,25
0.0,0.0,-0.2809271905571222,401.80477735598885,1,26
0.6205779314041138,0.4138668715953827,-0.8720223305746913,401.80477735598885,1,27
0.6350463509559632,0.416515976190567,-0.8977714063599705,401.80477735598885,1,28
0.6037139177322388,0.5041397273540497,-0.9664340876042844,401.80477735598885,1,29
0.5839263141155243,0.4095560908317566,-0.8534217236563564,401.80477735598885,1,30
0.6592222452163696,0.4712406933307648,-1.0693501319736245,401.80477735598885,1,31
0.6637531280517578,0.46670982837677,-1.2023318570107222,401.80477735598885,1,32
0.0,0.0,-0.2809271905571222,401.80477735598885,1,33
0.0,0.0,-0.2809271905571222,401.80477735598885,1,34
0.0,0.0,-0.2809271905571222,401.80477735598885,1,35
0.0,0.0,-0.2809271905571222,401.80477735598885,1,36
0.0,0.0,-0.2809271905571222,401.80477735598885,1,37
0.0,0.0,-0.2809271905571222,401.80477735598885,1,38
0.5825490832328797,0.4518957495689392,-0.8739315325394272,401.80477735598885,1,39
0.6495764851570129,0.4582771360874176,-0.964050590991974,401.80477735598885,1,40
0.6091597437858581,0.4986938893795013,-0.9721661865711212,401.80477735598885,1,41
0.7381080508232116,0.3923548996448517,-1.0836046047508716,401.80477735598885,1,42
0.6274580836296082,0.3987285137176514,-0.8616346795111894,401.80477735598885,1,43
0.6653173685073852,0.4651455879211426,-1.233077611401677,401.80477735598885,1,44
0.0,0.0,-0.2809271905571222,401.80477735598885,1,45
0.0,0.0,-0.2809271905571222,401.80477735598885,1,46
0.0,0.0,-0.2809271905571222,401.80477735598885,1,47
0.0,0.0,-0.2809271905571222,401.80477735598885,1,48
0.5438601016998291,0.3432911217212677,-0.7425900859758258,401.80477735598885,1,49
0.6194715380668641,0.4753519713878631,-0.9502306502312422,401.80477735598885,1,50
0.6006998300552369,0.4329122185707092,-0.883161380700767,401.80477735598885,1,51
0.6636252284049988,0.4442283928394318,-0.9695379838347437,401.80477735598885,1,52
0.6803698539733887,0.4500930964946746,-1.0710763838142157,401.80477735598885,1,53
0.6890410780906677,0.4414218723773956,-1.1752320498228073,401.80477735598885,1,54
0.0,0.0,-0.2809271905571222,401.80477735598885,1,55
0.0,0.0,-0.2809271905571222,401.80477735598885,1,56
0.0,0.0,-0.2809271905571222,401.80477735598885,1,57
0.6261558115482331,0.3145948976278305,-0.8127834754064679,401.80477735598885,1,58
0.6590877652168274,0.3753570556640625,-0.8707152711227536,401.80477735598885,1,59
0.6455780267715454,0.4492454528808594,-0.9513182863593102,401.80477735598885,1,60
0.6829095721244812,0.4249440610408783,-0.9774230487644672,401.80477735598885,1,61
0.7038132190704346,0.4266497135162354,-1.0686442412436008,401.80477735598885,1,62
0.7098574995994568,0.4206054449081421,-1.2082132827490568,401.80477735598885,1,63
0.5769089758396149,0.3733616948127746,-0.8122192798182368,401.80477735598885,1,64
0.6325829029083252,0.3895980358123779,-0.8662388291209936,401.80477735598885,1,65
0.0,0.0,-0.2809271905571222,401.80477735598885,1,66
0.5953739643096924,0.4431582629680634,-0.8825466776266694,401.80477735598885,1,67
0.6356459021568298,0.4200872361660003,-0.9037388611584902,401.80477735598885,1,68
0.6502185344696045,0.4532036662101745,-0.9744611084461212,401.80477735598885,1,69
0.6780623674392701,0.4524005651473999,-1.0745633449405432,401.80477735598885,1,70
0.6511827111244202,0.4792802333831787,-1.1788188029080628,401.80477735598885,1,71
0.5993642151355744,0.3867512762546539,-0.8324887081980705,401.80477735598885,1,72
0.5658872127532959,0.3128352910280227,-0.7441903417930007,401.80477735598885,1,73
0.6210666418075561,0.4216364026069641,-0.8849210716784001,401.80477735598885,1,74
0.6628278851509094,0.439197289943695,-0.9383207004517315,401.80477735598885,1,75
0.8016300797462463,0.3062235534191131,-0.9764141026884318,401.80477735598885,1,76
0.6774046301841736,0.4530583083629608,-1.0721157737076283,401.80477735598885,1,77
0.6268513083457947,0.5036116302013397,-1.2227149166166782,401.80477735598885,1,78
0.6204755306243896,0.3894415438175201,-0.8603766230866313,401.80477735598885,1,79
0.615975272655487,0.4267277777194976,-0.886215316131711,401.80477735598885,1,80
0.5944872617721557,0.5133663475513458,-0.9722326420247556,401.80477735598885,1,81
0.6650835156440735,0.4427701115608215,-0.977081100270152,401.80477735598885,1,82
0.6179675340652466,0.5124954104423523,-1.0707160647958518,401.80477735598885,1,83
0.6697754621505737,0.4606874704360962,-1.2099807631224393,401.80477735598885,1,84
0.5863724946975708,0.4521597206592559,-0.884751051850617,401.80477735598885,1,85
0.660196053981781,0.443226158618927,-0.977204280719161,401.80477735598885,1,86
0.7047006011009216,0.3987216174602508,-0.9799762912094592,401.80477735598885,1,87
0.6855238556861878,0.4449390947818756,-1.0748836379498243,401.80477735598885,1,88
0.6845421195030212,0.4459208369255066,-1.254490604251623,401.80477735598885,1,89
0.6592146515846252,0.4442075848579406,-0.9771717213094234,401.80477735598885,1,90
0.6345118999481201,0.4733417510986328,-0.9801065433770418,401.80477735598885,1,91
0.66324303150177,0.4672199130058289,-1.0752039309591055,401.80477735598885,1,92
0.6588296175003052,0.4691937625408172,-1.2401264406740666,401.80477735598885,1,93
0.6434294819831848,0.4644241213798523,-0.9808819469064474,401.80477735598885,1,94
0.7154483079910279,0.4087332904338837,-1.073480463400483,401.80477735598885,1,95
0.6378508925437927,0.4926120460033417,-1.2541956804692744,401.80477735598885,1,96
0.7091440916061401,0.4213188588619232,-1.074174962937832,401.80477735598885,1,97
0.7066164255142212,0.4238465428352356,-1.2576160445809363,401.80477735598885,1,98
0.6358482241630554,0.4946147084236145,-1.2264413971453905,401.80477735598885,1,99
0.0,0.0,-0.5663957195356488,440.36499544779457,0,0
0.0,0.0,-0.4081398487091064,440.36499544779457,0,1
0.0,0.0,-0.3891579624265432,440.36499544779457,0,2
0.0,0.0,-0.4012292467057705,440.36499544779457,0,3
0.0,0.0,-0.3745677426457405,440.36499544779457,0,4
0.0494407579302787,0.5465251803398132,-0.6970930103212595,440.36499544779457,0,5
0.081079969368875,0.9491106152534484,-0.8383929761126637,440.36499544779457,0,6
0.0796391788870096,0.9719196438789368,-0.8509950798004866,440.36499544779457,0,7
0.1102849170565605,0.9604356527328493,-0.8805118108168244,440.36499544779457,0,8
0.0848624847829341,0.9968401908874512,-0.9154207833111286,440.36499544779457,0,9
0.1010007239878177,1.0249403238296508,-0.9611583024263382,440.36499544779457,0,10
0.0979277059435844,1.0108124375343324,-0.9795038556680083,440.36499544779457,0,11
0.0901573382318019,1.0091029763221742,-1.0236041009426118,440.36499544779457,0,12
0.0881633833050727,1.0199597358703614,-1.0287591069936752,440.36499544779457,0,13
0.0837551489472389,1.006372821331024,-0.8950709410011768,440.36499544779457,0,14
0.1136978596448898,1.0093379020690918,-0.964957369863987,440.36499544779457,0,15
0.0960337236523628,1.0254759907722473,-0.9635334812104702,440.36499544779457,0,16
0.0868501860648393,0.998846423625946,-0.8784467961639166,440.36499544779457,0,17
0.0802756082266569,1.0277589559555054,-0.9978618323802948,440.36499544779457,0,18
0.0502790361642837,0.9640886306762696,-0.8331599317491054,440.36499544779457,0,19
0.0,0.0,-0.4460278652608395,440.36499544779457,0,20
0.1091226115822792,0.9990910291671752,-1.0297077413648368,440.36499544779457,0,21
0.0,0.0,-0.4211998552083969,440.36499544779457,0,22
0.0982450619339943,0.931945514678955,-0.8334629250690341,440.36499544779457,0,23
0.0,0.0,-0.5286278046667576,440.36499544779457,0,24
0.0,0.0,-0.400513931363821,440.36499544779457,0,25
0.0326419139280915,0.5037240505218505,-0.6294655118137598,440.36499544779457,0,26
0.1081385970115661,0.9732152342796324,-0.8763943277299404,440.36499544779457,0,27
0.1159721180796623,1.014490830898285,-0.9606297612190248,440.36499544779457,0,28
0.0753674820065498,1.0371889472007751,-0.9683741122484208,440.36499544779457,0,29
0.1240550436079502,0.9316746115684508,-0.8508332973346114,440.36499544779457,0,30
0.1379714377224445,0.9791954636573792,-0.9871123485267164,440.36499544779457,0,31
0.132007186114788,0.8848521709442139,-1.1024020213633776,440.36499544779457,0,32
0.1048248335719108,0.9093120217323304,-0.8415183352306486,440.36499544779457,0,33
0.0,0.0,-0.4421179166063666,440.36499544779457,0,34
0.0,0.0,-0.4373072119429707,440.36499544779457,0,35
0.0,0.0,-0.4031315609812737,440.36499544779457,0,36
0.0,0.0,-0.3609582833945751,440.36499544779457,0,37
0.0653949772939086,0.897553825378418,-0.8072440171614289,440.36499544779457,0,38
0.1211617231369018,0.9559361934661864,-0.8796044860035181,440.36499544779457,0,39
0.1029723957180976,1.018537271022797,-0.9436237648129464,440.36499544779457,0,40
0.1338894560933113,0.992051613330841,-0.9646722190082072,440.36499544779457,0,41
0.0747286155819892,1.0421687364578247,-0.9643831107765436,440.36499544779457,0,42
0.0954859785735607,0.947217059135437,-0.852391054853797,440.36499544779457,0,43
0.1143439844250679,1.0028229117393497,-1.0182186502963304,440.36499544779457,0,44
0.0,0.0,-0.4510433577001095,440.36499544779457,0,45
0.0,0.0,-0.4181977052241564,440.36499544779457,0,46
0.3914596438407898,0.3739082455635071,-0.6654542470350862,440.36499544779457,0,47
0.0,0.0,-0.369200462847948,440.36499544779457,0,48
0.2682758644223213,0.705435574054718,-0.7612884962931276,440.36499544779457,0,49
0.1064623609185218,0.9668305397033692,-0.8984122987836599,440.36499544779457,0,50
0.1033122333697974,0.9780415773391724,-0.879360880702734,440.36499544779457,0,51
0.0966639474034309,1.0292771220207215,-0.9628060963004827,440.36499544779457,0,52
0.1178445942699909,0.999322259426117,-0.9877512831240892,440.36499544779457,0,53
0.0739377707242965,1.0340967893600463,-1.0952292181551455,440.36499544779457,0,54
0.0,0.0,-0.5111756481230258,440.36499544779457,0,55
0.8900669932365417,0.1051537558436393,-0.7926967179402709,440.36499544779457,0,56
0.8663150668144226,0.1195461571216583,-0.7973932037129998,440.36499544779457,0,57
0.9235993027687072,0.1107621163129806,-0.8356280211359263,440.36499544779457,0,58
0.9567484736442566,0.0702393904328346,-0.8288934925571084,440.36499544779457,0,59
1.011832845211029,0.0690647080540657,-0.8743912659585475,440.36499544779457,0,60
0.0906589157879352,1.0116297483444214,-0.9921079721301794,440.36499544779457,0,61
0.0894352070987224,1.022820520401001,-0.9877793461084364,440.36499544779457,0,62
0.0838679511100053,1.03311984539032,-1.0272682771086692,440.36499544779457,0,63
0.9841814160346984,0.0495800159871578,-0.8413810431957245,440.36499544779457,0,64
0.9092063426971436,0.1251550644636154,-0.8312587615102529,440.36499544779457,0,65
0.956915271282196,0.0816169500350952,-0.8298141898587346,440.36499544779457,0,66
1.0101958632469177,0.0583033181726932,-0.8578233525156975,440.36499544779457,0,67
0.9841349840164184,0.106172102689743,-0.893237317353487,440.36499544779457,0,68
1.0490553021430968,0.0814076211303472,-0.9605589132755996,440.36499544779457,0,69
0.8504957556724548,0.2754453152418136,-0.9626153878867626,440.36499544779457,0,70
0.0673471957445144,1.0631157279014587,-1.0167536109685895,440.36499544779457,0,71
0.9368806958198548,0.1001412808895111,-0.8487214542925358,440.36499544779457,0,72
0.9841629266738892,0.0671388335525989,-0.8402339864522219,440.36499544779457,0,73
1.0104703068733216,0.0752262756228447,-0.8730839520692826,440.36499544779457,0,74
1.046641170978546,0.0792999118566513,-0.9638334825634955,440.36499544779457,0,75
1.0293768763542177,0.0852973867207765,-0.9613084312528372,440.36499544779457,0,76
1.030188500881195,0.0957525797188282,-0.992796416953206,440.36499544779457,0,77
1.0295599937438964,0.0918592240661382,-1.212357235699892,440.36499544779457,0,78
1.0166558742523193,0.0690407380461692,-0.874732106551528,440.36499544779457,0,79
0.9591627717018129,0.1265338387340307,-0.8767862141132354,440.36499544779457,0,80
1.0344956278800963,0.0959673300385475,-0.961635259538889,440.36499544779457,0,81
0.9943086624145508,0.1316324397921562,-0.9639768850058316,440.36499544779457,0,82
1.0452847599983217,0.0851781845092773,-0.9634202808141707,440.36499544779457,0,83
0.9998321413993836,0.1216775119304656,-1.2312655866146087,440.36499544779457,0,84
0.9640738129615783,0.1397970132529735,-0.9326971083879472,440.36499544779457,0,85
1.006540870666504,0.1103350549936294,-0.9620309937745332,440.36499544779457,0,86
1.0126532554626464,0.1178096830844879,-0.9627116058021784,440.36499544779457,0,87
1.012569510936737,0.1178934350609779,-0.9627116058021784,440.36499544779457,0,88
1.0015782952308654,0.1288846462965011,-1.228411862999201,440.36499544779457,0,89
1.0061134338378903,0.1243494912981987,-0.9606139317154884,440.36499544779457,0,90
1.0117176532745362,0.1187452957034111,-0.9613084312528372,440.36499544779457,0,91
1.0033984303474426,0.1054330788552761,-0.998463251069188,440.36499544779457,0,92
1.016717827320099,0.101942719426006,-1.2323548756539822,440.36499544779457,0,93
0.9955949902534484,0.1348679184913635,-0.9613084312528372,440.36499544779457,0,94
1.0499809503555295,0.0693491525948047,-0.9637471091002224,440.36499544779457,0,95
1.0012813329696657,0.1068417966365814,-1.293097959831357,440.36499544779457,0,96
1.0524295449256895,0.0780333720147609,-0.9634202808141707,440.36499544779457,0,97
1.0260752081871032,0.1043877176940441,-1.1380436684936286,440.36499544779457,0,98
1.0265480995178222,0.0993929684162139,-1.1814113389700651,440.36499544779457,0,99
