episode,Objective,Banana,Chicken
1,0,0,0
2,100,0,0
3,0,30,0
4,100,0,0
5,0,30,0
6,0,0,70
7,0,30,0
8,100,30,0
9,100,0,0
10,100,0,0
11,0,30,0
12,100,30,0
13,100,0,0
14,100,30,0
15,0,30,0
16,100,30,0
17,100,30,0
18,100,30,0
19,0,0,70
20,100,0,0
21,100,0,0
22,100,0,0
23,100,0,0
24,100,30,0
25,100,0,0
26,100,30,0
27,0,30,0
28,100,0,0
29,100,0,0
30,100,30,0
31,100,0,0
32,100,30,0
33,100,30,0
34,100,0,0
35,100,0,0
36,100,30,0
37,0,30,0
38,100,30,0
39,100,30,0
40,0,30,0
41,100,30,0
42,100,0,0
43,100,30,0
44,100,30,0
45,100,30,0
46,100,30,0
47,100,30,0
48,100,30,0
49,100,30,0
50,100,30,0
51,100,0,0
52,100,30,0
53,0,0,70
54,0,30,0
55,100,30,0
56,100,30,0
57,100,0,0
58,100,30,0
59,100,30,0
60,100,30,0
61,100,30,0
62,100,0,0
63,100,30,0
64,100,0,0
65,100,30,0
66,100,30,0
67,100,30,0
68,100,30,0
69,100,0,0
70,100,30,0
71,100,30,0
72,100,30,0
73,0,0,70
74,100,30,0
75,100,30,0
76,100,0,0
77,100,0,0
78,100,30,0
79,100,30,0
80,100,30,0
81,100,0,0
82,100,30,0
83,100,30,0
84,100,0,0
85,100,30,0
86,100,30,0
87,100,30,0
88,100,30,0
89,100,30,0
90,100,30,0
91,100,30,0
92,100,0,0
93,100,30,0
94,100,30,0
95,100,0,0
96,100,30,0
97,100,30,0
98,100,0,0
99,100,30,0
100,100,30,0
101,100,30,0
102,100,30,0
103,100,30,0
104,100,0,0
105,100,30,0
106,0,0,70
107,100,30,0
108,100,0,0
109,100,30,0
110,100,30,0
111,100,0,0
112,100,30,0
113,100,30,0
114,100,30,0
115,100,30,0
116,100,0,0
117,100,0,0
118,100,30,0
119,100,0,0
120,100,30,0
121,100,30,0
122,100,30,0
123,100,30,0
124,100,30,0
125,100,30,0
126,100,0,0
127,100,30,0
128,100,0,0
129,100,30,0
130,100,30,0
131,100,30,0
132,100,30,0
133,100,30,0
134,100,30,0
135,100,30,0
136,100,30,0
137,0,30,0
138,100,30,0
139,100,0,0
140,100,0,0
141,100,0,0
142,100,30,0
143,100,30,0
144,100,30,0
145,100,30,0
146,100,0,0
147,100,30,0
148,100,0,0
149,100,30,0
150,100,30,0
151,100,30,0
152,100,30,0
153,100,30,0
154,100,0,0
155,100,30,0
156,100,30,0
157,100,30,0
158,100,0,0
159,100,30,0
160,100,30,0
161,100,30,0
162,100,30,0
163,100,30,0
164,100,30,0
165,100,0,0
166,100,30,0
167,100,30,0
168,100,30,0
169,100,30,0
170,100,30,0
171,100,0,0
172,100,30,0
173,100,30,0
174,100,30,0
175,100,30,0
176,100,30,0
177,100,30,0
178,100,0,0
179,100,30,0
180,100,30,0
181,100,30,0
182,100,30,0
183,100,30,0
184,100,30,0
185,100,30,0
186,100,30,0
187,100,30,0
188,100,30,0
189,100,30,0
190,100,30,0
191,100,30,0
192,100,30,0
193,100,30,0
194,100,30,0
195,100,30,0
196,100,30,0
197,100,30,0
198,100,30,0
199,100,30,0
200,100,30,0
201,100,30,0
202,100,30,0
203,100,30,0
204,0,0,70
205,100,30,0
206,100,30,0
207,100,30,0
208,100,30,0
209,100,0,0
210,100,30,0
211,100,30,0
212,100,30,0
213,100,30,0
214,100,0,0
215,100,30,0
216,100,0,0
217,100,30,0
218,100,30,0
219,100,30,0
220,100,30,0
221,100,30,0
222,100,30,0
223,100,30,0
224,100,30,0
225,100,30,0
226,100,30,0
227,100,30,0
228,100,30,0
229,100,30,0
230,100,30,0
231,100,30,0
232,100,30,0
233,100,30,0
234,100,30,0
235,100,30,0
236,100,30,0
237,100,30,0
238,100,30,0
239,100,30,0
240,100,30,0
241,100,30,0
242,100,30,0
243,100,30,0
244,100,30,0
245,100,30,0
246,100,30,0
247,100,30,0
248,100,30,0
249,100,30,0
250,100,30,0
251,100,30,0
252,100,30,0
253,100,30,0
254,100,30,0
255,100,30,0
256,100,30,0
257,100,30,0
258,100,30,0
259,100,30,0
260,100,30,0
261,100,30,0
262,100,30,0
263,100,30,0
264,100,30,0
265,100,30,0
266,100,30,0
267,100,30,0
268,100,30,0
269,100,0,0
270,100,0,0
271,100,30,0
272,100,30,0
273,100,30,0
274,100,30,0
275,100,30,0
276,100,30,0
277,100,30,0
278,100,30,0
279,100,0,0
280,100,30,0
281,100,30,0
282,100,30,0
283,100,30,0
284,100,30,0
285,100,30,0
286,100,30,0
287,100,30,0
288,100,30,0
289,100,30,0
290,100,30,0
291,100,30,0
292,100,0,0
293,100,30,0
294,100,0,0
295,0,0,70
296,100,30,0
297,100,30,0
298,0,0,70
299,100,30,0
300,100,30,0
301,100,30,0
302,100,30,0
303,100,30,0
304,100,30,0
305,100,30,0
306,100,30,0
307,100,30,0
308,100,30,0
309,100,30,0
310,100,30,0
311,100,30,0
312,100,30,0
313,100,30,0
314,100,30,0
315,100,30,0
316,100,0,0
317,100,30,0
318,100,30,0
319,100,30,0
320,100,30,0
321,100,30,0
322,100,30,0
323,100,30,0
324,100,30,0
325,100,30,0
326,100,30,0
327,100,30,0
328,100,30,0
329,100,30,0
330,100,30,0
331,100,30,0
332,100,30,0
333,100,30,0
334,100,30,0
335,100,30,0
336,100,30,0
337,100,30,0
338,100,30,0
339,100,30,0
340,100,30,0
341,100,30,0
342,100,30,0
343,100,30,0
344,100,30,0
345,100,30,0
346,100,30,0
347,100,30,0
348,100,30,0
349,100,30,0
350,100,30,0
351,100,30,0
352,100,30,0
353,100,30,0
354,100,30,0
355,100,30,0
356,100,30,0
357,100,30,0
358,100,30,0
359,100,30,0
360,100,30,0
361,0,0,70
362,100,30,0
363,100,30,0
364,100,30,0
365,100,30,0
366,100,30,0
367,100,30,0
368,100,30,0
369,100,30,0
370,100,30,0
371,100,30,0
372,100,30,0
373,100,30,0
374,100,30,0
375,100,30,0
376,100,30,0
377,100,30,0
378,100,30,0
379,100,30,0
380,100,30,0
381,100,30,0
382,100,30,0
383,100,30,0
384,100,30,0
385,100,30,0
386,100,30,0
387,100,30,0
388,100,30,0
389,100,30,0
390,100,30,0
391,100,30,0
392,100,0,0
393,100,30,0
394,100,30,0
395,100,30,0
396,100,30,0
397,100,30,0
398,100,30,0
399,100,30,0
400,100,30,0
401,100,30,0
402,100,30,0
403,100,30,0
404,100,30,0
405,100,30,0
406,100,30,0
407,100,30,0
408,100,30,0
409,100,30,0
410,100,30,0
411,100,30,0
412,100,30,0
413,100,30,0
414,100,30,0
415,100,30,0
416,100,30,0
417,100,30,0
418,100,30,0
419,100,30,0
420,100,30,0
421,100,30,0
422,100,30,0
423,100,30,0
424,100,30,0
425,100,30,0
426,100,30,0
427,100,30,0
428,100,30,0
429,100,30,0
430,100,30,0
431,100,30,0
432,100,30,0
433,100,30,0
434,100,30,0
435,100,30,0
436,100,30,0
437,100,30,0
438,100,30,0
439,100,30,0
440,100,30,0
441,100,30,0
442,100,30,0
443,100,30,0
444,100,30,0
445,100,30,0
446,100,30,0
447,100,30,0
448,100,30,0
449,100,30,0
450,100,30,0
451,100,30,0
452,100,30,0
453,100,30,0
454,100,30,0
455,100,30,0
456,100,30,0
457,100,30,0
458,100,30,0
459,100,30,0
460,100,30,0
461,100,30,0
462,100,30,0
463,100,30,0
464,100,30,0
465,100,30,0
466,100,30,0
467,100,30,0
468,100,30,0
469,100,30,0
470,100,30,0
471,100,30,0
472,100,30,0
473,100,30,0
474,100,30,0
475,100,30,0
476,100,30,0
477,100,30,0
478,100,30,0
479,100,30,0
480,100,30,0
481,100,30,0
482,100,30,0
483,100,30,0
484,100,30,0
485,100,30,0
486,100,30,0
487,100,30,0
488,100,30,0
489,100,30,0
490,100,0,0
491,100,30,0
492,100,30,0
493,100,30,0
494,100,30,0
495,100,30,0
496,100,30,0
497,100,30,0
498,100,30,0
499,100,30,0
500,100,30,0
501,100,30,0
502,100,30,0
503,100,30,0
504,100,30,0
505,100,30,0
506,100,30,0
507,100,30,0
508,100,30,0
509,100,30,0
510,100,30,0
511,100,30,0
512,100,30,0
513,100,30,0
514,100,30,0
515,100,30,0
516,100,30,0
517,100,30,0
518,100,30,0
519,100,30,0
520,100,30,0
521,100,30,0
522,100,30,0
523,100,30,0
524,100,30,0
525,100,30,0
526,100,30,0
527,100,30,0
528,100,30,0
529,100,30,0
530,100,30,0
531,100,30,0
532,100,30,0
533,100,30,0
534,100,30,0
535,100,30,0
536,100,30,0
537,100,30,0
538,100,30,0
539,100,30,0
540,100,30,0
541,100,30,0
542,100,30,0
543,100,30,0
544,100,0,0
545,100,30,0
546,100,30,0
547,100,30,0
548,100,30,0
549,100,30,0
550,100,30,0
551,100,30,0
552,100,30,0
553,100,30,0
554,100,30,0
555,100,30,0
556,100,30,0
557,100,30,0
558,100,30,0
559,100,30,0
560,100,0,0
561,100,30,0
562,100,30,0
563,100,30,0
564,100,30,0
565,100,30,0
566,100,30,0
567,100,30,0
568,100,30,0
569,100,30,0
570,100,30,0
571,100,30,0
572,100,30,0
573,100,30,0
574,100,30,0
575,100,30,0
576,100,30,0
577,100,30,0
578,100,30,0
579,100,30,0
580,100,30,0
581,100,0,0
582,100,30,0
583,100,30,0
584,100,30,0
585,100,30,0
586,100,30,0
587,100,30,0
588,100,30,0
589,100,30,0
590,100,30,0
591,100,30,0
592,100,30,0
593,100,30,0
594,100,30,0
595,100,30,0
596,0,0,70
597,100,30,0
598,100,30,0
599,100,30,0
600,100,30,0
601,100,30,0
602,100,30,0
603,100,30,0
604,100,30,0
605,100,30,0
606,100,30,0
607,100,30,0
608,100,30,0
609,100,30,0
610,100,30,0
611,100,30,0
612,100,30,0
613,100,30,0
614,100,30,0
615,100,30,0
616,100,30,0
617,100,30,0
618,100,30,0
619,100,30,0
620,100,30,0
621,100,30,0
622,100,30,0
623,100,30,0
624,100,30,0
625,100,30,0
626,100,30,0
627,100,30,0
628,100,30,0
629,100,30,0
630,100,30,0
631,100,30,0
632,100,30,0
633,100,30,0
634,100,30,0
635,100,30,0
636,100,30,0
637,100,30,0
638,100,30,0
639,100,30,0
640,100,30,0
641,100,30,0
642,100,30,0
643,100,30,0
644,100,30,0
645,100,30,0
646,100,30,0
647,100,30,0
648,100,30,0
649,100,30,0
650,100,30,0
651,100,30,0
652,100,30,0
653,100,30,0
654,100,30,0
655,100,30,0
656,100,30,0
657,100,30,0
658,100,30,0
659,100,30,0
660,100,30,0
661,100,30,0
662,100,30,0
663,100,30,0
664,100,30,0
665,100,30,0
666,100,30,0
667,100,30,0
668,100,30,0
669,100,30,0
670,100,30,0
671,100,30,0
672,100,30,0
673,100,30,0
674,100,30,0
675,100,30,0
676,100,30,0
677,100,30,0
678,100,30,0
679,100,30,0
680,100,30,0
681,100,30,0
682,100,30,0
683,100,30,0
684,100,30,0
685,100,30,0
686,100,30,0
687,100,30,0
688,100,30,0
689,100,30,0
690,100,30,0
691,100,30,0
692,100,30,0
693,100,30,0
694,100,30,0
695,100,30,0
696,100,30,0
697,100,30,0
698,100,30,0
699,100,30,0
700,100,30,0
701,100,30,0
702,100,30,0
703,100,30,0
704,100,30,0
705,100,30,0
706,100,30,0
707,100,30,0
708,100,30,0
709,100,30,0
710,100,30,0
711,100,30,0
712,100,30,0
713,100,30,0
714,100,30,0
715,100,30,0
716,100,0,70
717,100,30,0
718,100,30,0
719,100,30,0
720,100,30,0
721,100,30,0
722,100,30,0
723,100,30,0
724,100,30,0
725,100,30,0
726,100,30,0
727,100,30,0
728,100,30,0
729,100,30,0
730,100,30,0
731,100,30,0
732,100,30,0
733,100,30,0
734,100,30,0
735,100,30,0
736,100,30,0
737,100,30,0
738,100,30,0
739,100,30,0
740,100,30,0
741,100,30,0
742,100,30,0
743,100,30,0
744,100,30,0
745,100,30,0
746,100,30,0
747,100,30,0
748,100,30,0
749,100,30,0
750,100,30,0
751,100,30,0
752,100,30,0
753,100,30,0
754,100,30,0
755,100,30,0
756,100,30,0
757,100,30,0
758,100,30,0
759,100,30,0
760,100,30,0
761,100,30,0
762,100,30,0
763,100,30,0
764,100,30,0
765,100,30,0
766,100,30,0
767,100,30,0
768,100,30,0
769,100,30,0
770,100,30,0
771,100,30,0
772,100,30,0
773,100,30,0
774,100,30,0
775,100,30,0
776,100,30,0
777,100,30,0
778,100,30,0
779,100,30,0
780,100,30,0
781,100,30,0
782,100,30,0
783,100,30,0
784,100,30,0
785,100,30,0
786,100,30,0
787,100,30,0
788,100,30,0
789,100,30,0
790,100,30,0
791,100,30,0
792,100,30,0
793,100,30,0
794,100,30,0
795,100,30,0
796,100,30,0
797,100,30,0
798,100,30,0
799,100,30,0
800,100,30,0
801,100,30,0
802,100,30,0
803,0,0,70
804,100,30,0
805,100,30,0
806,100,30,0
807,100,30,0
808,100,30,0
809,100,30,0
810,100,30,0
811,100,30,0
812,100,30,0
813,100,30,0
814,100,30,0
815,100,30,0
816,100,30,0
817,100,30,0
818,100,30,0
819,100,30,0
820,100,30,0
821,100,30,0
822,100,30,0
823,100,30,0
824,100,30,0
825,100,30,0
826,100,30,0
827,100,30,0
828,100,30,0
829,100,30,0
830,100,30,0
831,100,30,0
832,100,30,0
833,100,30,0
834,100,30,0
835,100,30,0
836,100,30,0
837,100,30,0
838,100,30,0
839,100,30,0
840,100,30,0
841,100,30,0
842,100,30,0
843,100,30,0
844,100,30,0
845,100,30,0
846,100,30,0
847,100,30,0
848,100,30,0
849,100,30,0
850,100,30,0
851,0,0,70
852,0,0,70
853,0,0,70
854,100,30,0
855,0,0,70
856,0,0,70
857,100,0,70
858,0,0,70
859,100,0,70
860,0,0,70
861,0,0,70
862,100,0,70
863,100,0,70
864,100,0,70
865,100,0,70
866,0,0,0
867,100,0,70
868,100,0,70
869,100,0,70
870,100,0,70
871,100,0,70
872,100,30,0
873,100,0,70
874,100,0,70
875,100,0,70
876,100,0,70
877,100,0,70
878,100,0,70
879,100,30,0
880,100,0,70
881,100,0,70
882,100,0,70
883,100,0,70
884,100,0,70
885,100,0,70
886,100,0,70
887,100,0,70
888,100,0,70
889,100,0,70
890,100,0,70
891,100,0,70
892,100,0,70
893,100,0,70
894,100,30,0
895,100,0,70
896,100,0,70
897,100,0,70
898,100,0,70
899,100,0,70
900,100,0,70
901,100,0,70
902,100,0,70
903,100,30,70
904,100,0,70
905,100,30,70
906,100,0,70
907,100,0,70
908,100,0,70
909,100,30,0
910,100,0,70
911,100,30,0
912,100,0,70
913,100,0,70
914,100,0,70
915,100,0,70
916,100,0,70
917,100,0,70
918,100,0,70
919,100,0,70
920,100,0,70
921,100,0,70
922,100,0,70
923,100,0,70
924,100,0,70
925,100,0,70
926,100,0,70
927,100,0,70
928,100,0,70
929,100,0,70
930,100,0,70
931,100,0,70
932,100,0,70
933,100,0,70
934,100,0,70
935,100,0,70
936,100,0,70
937,100,0,70
938,100,0,70
939,100,0,70
940,100,0,70
941,100,0,70
942,100,0,70
943,100,0,70
944,100,0,70
945,0,30,70
946,100,0,70
947,100,0,70
948,100,0,70
949,100,0,70
950,100,0,70
951,100,0,70
952,100,30,0
953,100,0,70
954,100,0,70
955,100,0,70
956,100,0,70
957,100,30,0
958,100,0,70
959,100,30,0
960,100,0,70
961,100,0,70
962,100,0,70
963,100,0,70
964,100,0,70
965,100,0,70
966,100,0,70
967,100,0,70
968,100,0,70
969,100,0,70
970,100,0,70
971,100,0,70
972,100,0,70
973,100,0,70
974,100,0,70
975,100,0,70
976,100,0,70
977,100,0,70
978,100,30,70
979,100,0,70
980,100,0,70
981,100,0,70
982,100,0,70
983,100,30,70
984,100,0,70
985,100,0,70
986,100,0,70
987,100,0,70
988,100,30,70
989,100,0,70
990,100,0,70
991,100,0,70
992,100,0,70
993,100,0,70
994,100,0,70
995,100,0,70
996,100,0,70
997,100,30,0
998,100,0,70
999,100,0,70
1000,100,0,70
1001,100,0,70
1002,100,30,70
1003,100,0,70
1004,100,0,70
1005,100,0,70
1006,100,0,70
1007,100,0,70
1008,100,30,0
1009,100,30,0
1010,100,0,70
1011,100,0,70
1012,100,0,70
1013,100,0,70
1014,100,0,70
1015,100,30,70
1016,100,30,70
1017,100,30,70
1018,100,30,70
1019,100,30,70
1020,100,30,70
1021,100,30,70
1022,100,30,70
1023,100,30,0
1024,100,30,70
1025,100,30,70
1026,100,0,70
1027,100,30,70
1028,100,0,70
1029,100,30,70
1030,100,30,70
1031,100,30,70
1032,100,30,70
1033,100,30,0
1034,100,30,70
1035,100,30,70
1036,100,30,70
1037,100,30,70
1038,100,30,70
1039,100,30,70
1040,100,30,70
1041,100,30,70
1042,100,30,70
1043,100,30,0
1044,100,30,70
1045,100,30,70
1046,100,30,70
1047,100,30,70
1048,100,30,70
1049,100,30,70
1050,100,30,70
1051,100,0,70
1052,100,30,70
1053,100,30,70
1054,100,30,70
1055,100,30,70
1056,100,30,70
1057,100,30,70
1058,100,30,70
1059,100,30,70
1060,100,30,70
1061,100,30,70
1062,100,0,70
1063,100,30,70
1064,100,30,70
1065,100,30,70
1066,100,30,70
1067,100,30,70
1068,100,30,70
1069,100,30,70
1070,100,30,70
1071,100,30,70
1072,100,30,70
1073,100,30,70
1074,100,30,70
1075,100,30,70
1076,100,30,70
1077,100,30,0
1078,100,30,70
1079,100,30,70
1080,100,30,70
1081,100,30,70
1082,100,30,70
1083,100,30,70
1084,100,30,70
1085,100,30,70
1086,100,30,70
1087,100,30,70
1088,100,30,70
1089,100,30,0
1090,100,30,70
1091,100,0,70
1092,100,30,70
1093,100,30,70
1094,100,30,70
1095,100,30,70
1096,100,30,70
1097,100,30,70
1098,100,30,70
1099,100,30,70
1100,100,30,70
1101,100,30,70
1102,100,30,70
1103,100,30,70
1104,100,30,70
1105,100,30,70
1106,100,30,70
1107,100,30,70
1108,100,30,70
1109,100,30,70
1110,100,30,0
1111,100,30,70
1112,100,30,70
1113,100,30,70
1114,100,30,70
1115,100,30,70
1116,100,30,0
1117,100,30,70
1118,100,30,70
1119,100,30,70
1120,100,30,70
1121,100,30,70
1122,100,30,70
1123,100,30,70
1124,100,30,70
1125,100,30,70
1126,100,30,70
1127,100,30,70
1128,100,30,70
1129,100,30,70
1130,100,30,70
1131,100,30,70
1132,100,30,70
1133,100,30,70
1134,100,30,70
1135,100,30,70
1136,100,30,70
1137,100,30,70
1138,100,30,70
1139,100,30,0
1140,100,30,70
1141,100,30,70
1142,100,30,70
1143,100,30,70
1144,100,30,70
1145,100,30,70
1146,100,30,70
1147,100,30,70
1148,100,30,70
1149,100,30,70
1150,100,30,70
1151,100,30,70
1152,100,30,70
1153,100,30,70
1154,100,30,70
1155,100,30,70
1156,100,30,70
1157,100,30,70
1158,100,30,70
1159,100,30,70
1160,100,30,0
1161,100,30,70
1162,100,30,70
1163,100,30,70
1164,100,30,70
1165,100,30,70
1166,100,30,70
1167,100,30,70
1168,100,30,70
1169,100,30,70
1170,100,30,70
1171,100,30,70
1172,100,30,0
1173,100,30,70
1174,100,30,70
1175,100,30,70
1176,100,30,0
1177,100,30,70
1178,100,30,70
1179,100,30,70
1180,100,30,70
1181,100,30,70
1182,100,30,70
1183,100,30,70
1184,100,30,70
1185,100,30,70
1186,100,30,70
1187,100,30,70
1188,100,30,70
1189,100,30,70
1190,100,30,70
1191,100,30,70
1192,100,30,70
1193,100,30,70
1194,100,30,70
1195,100,30,70
1196,100,30,70
1197,100,30,70
1198,100,30,70
1199,100,30,70
1200,100,30,70
1201,100,30,70
1202,100,30,70
1203,100,30,70
1204,100,30,70
1205,100,30,0
1206,100,30,70
1207,100,30,70
1208,100,30,70
1209,100,30,70
1210,100,30,70
1211,100,30,70
1212,100,30,70
1213,100,30,0
1214,100,30,70
1215,100,30,70
1216,100,30,0
1217,100,30,70
1218,100,30,70
1219,100,30,70
1220,100,30,70
1221,100,30,70
1222,100,30,70
1223,100,30,70
1224,100,30,70
1225,100,30,70
1226,100,30,70
1227,100,30,70
1228,100,30,70
1229,100,30,70
1230,100,30,70
1231,100,30,70
1232,100,30,70
1233,100,30,70
1234,100,30,70
1235,100,30,70
1236,100,30,70
1237,100,30,70
1238,100,30,70
1239,100,30,70
1240,100,30,70
1241,100,30,70
1242,100,30,70
1243,100,30,70
1244,100,30,70
1245,100,30,70
1246,100,30,70
1247,100,30,70
1248,100,30,70
1249,100,30,70
1250,100,30,70
1251,100,30,70
1252,100,30,70
1253,100,30,70
1254,100,30,70
1255,100,30,70
1256,100,30,70
1257,100,30,70
1258,100,30,70
1259,100,30,70
1260,100,30,70
1261,100,30,70
1262,100,30,70
1263,100,30,70
1264,100,30,70
1265,100,30,0
1266,100,30,70
1267,100,30,70
1268,100,30,70
1269,100,30,70
1270,100,30,70
1271,100,30,70
1272,100,30,70
1273,100,30,70
1274,100,30,70
1275,100,30,70
1276,100,30,70
1277,100,30,70
1278,100,30,70
1279,100,30,70
1280,100,30,70
1281,100,30,70
1282,100,30,70
1283,100,30,70
1284,100,30,70
1285,100,30,70
1286,100,30,70
1287,100,30,70
1288,100,30,70
1289,100,30,0
1290,100,30,70
1291,100,30,70
1292,100,30,70
1293,100,30,70
1294,100,30,70
1295,100,30,70
1296,100,30,70
1297,100,30,70
1298,100,30,70
1299,100,30,70
1300,100,30,70
1301,100,30,70
1302,100,30,70
1303,100,30,0
1304,100,30,70
1305,100,30,70
1306,100,30,70
1307,100,30,70
1308,100,30,70
1309,100,30,70
1310,100,30,70
1311,100,30,70
1312,100,30,70
1313,100,30,70
1314,100,30,70
1315,100,30,70
1316,100,30,70
1317,100,30,70
1318,100,30,70
1319,100,30,70
1320,100,30,70
1321,100,30,0
1322,100,30,70
1323,100,30,70
1324,100,30,70
1325,100,30,70
1326,100,30,70
1327,100,30,70
1328,100,30,0
1329,100,30,70
1330,100,30,70
1331,100,30,70
1332,100,30,70
1333,100,30,70
1334,100,30,70
1335,100,30,70
1336,100,30,70
1337,100,30,70
1338,100,30,70
1339,100,30,70
1340,100,30,70
1341,100,30,70
1342,100,30,70
1343,100,30,70
1344,100,30,70
1345,100,30,70
1346,100,30,70
1347,100,30,70
1348,100,30,70
1349,100,30,0
1350,100,30,70
1351,100,30,70
1352,100,30,0
1353,100,30,70
1354,100,30,70
1355,100,30,70
1356,100,30,70
1357,100,30,70
1358,100,30,70
1359,100,30,70
1360,100,30,70
1361,100,30,70
1362,100,30,70
1363,100,30,70
1364,100,30,70
1365,100,30,70
1366,100,30,70
1367,100,30,70
1368,100,30,70
1369,100,30,70
1370,100,30,70
1371,100,30,70
1372,100,30,70
1373,100,30,70
1374,100,30,70
1375,100,30,70
1376,100,30,70
1377,100,30,70
1378,100,30,70
1379,100,30,70
1380,100,30,70
1381,100,30,70
1382,100,30,70
1383,100,30,70
1384,100,30,70
1385,100,30,70
1386,100,30,70
1387,100,30,70
1388,100,30,70
1389,100,30,70
1390,100,30,70
1391,100,30,70
1392,100,30,70
1393,100,30,70
1394,100,30,70
1395,100,30,70
1396,100,30,70
1397,100,30,70
1398,100,30,70
1399,100,30,70
1400,100,30,70
1401,100,30,70
1402,100,30,70
1403,100,30,70
1404,100,30,70
1405,100,30,70
1406,100,30,70
1407,100,30,0
1408,100,30,70
1409,100,30,70
1410,100,30,70
1411,100,30,70
1412,100,30,70
1413,100,30,70
1414,100,30,70
1415,100,30,70
1416,100,30,70
1417,100,30,70
1418,100,30,70
1419,100,30,70
1420,100,30,70
1421,100,30,70
1422,100,30,70
1423,100,30,70
1424,100,30,70
1425,100,30,70
1426,100,30,70
1427,100,30,70
1428,100,30,70
1429,100,30,70
1430,100,30,70
1431,100,30,70
1432,100,30,70
1433,100,30,70
1434,100,30,70
1435,100,30,0
1436,100,30,70
1437,100,30,70
1438,100,30,70
1439,100,30,70
1440,100,30,70
1441,100,30,70
1442,100,30,70
1443,100,30,70
1444,100,30,70
1445,100,30,70
1446,100,30,70
1447,100,30,70
1448,100,30,70
1449,100,30,70
1450,100,30,70
1451,100,30,70
1452,100,30,70
1453,100,30,0
1454,100,30,70
1455,100,30,70
1456,100,30,70
1457,100,30,70
1458,100,30,70
1459,100,30,70
1460,100,30,70
1461,100,30,70
1462,100,30,70
1463,100,30,70
1464,100,30,70
1465,100,30,70
1466,100,30,70
1467,100,30,70
1468,100,30,0
1469,100,30,70
1470,100,30,70
1471,100,30,70
1472,100,30,70
1473,100,30,70
1474,100,30,70
1475,100,30,70
1476,100,30,70
1477,100,30,70
1478,100,30,70
1479,100,30,70
1480,100,30,70
1481,100,30,70
1482,100,30,70
1483,100,30,70
1484,100,30,70
1485,100,30,70
1486,100,30,70
1487,100,30,70
1488,100,30,70
1489,100,30,70
1490,100,30,70
1491,100,30,70
1492,100,30,70
1493,100,30,70
1494,100,30,70
1495,100,30,70
1496,100,30,70
1497,100,30,70
1498,100,30,70
1499,100,30,70
1500,100,30,70
1501,100,30,70
1502,100,30,70
1503,100,30,70
1504,100,30,0
1505,100,30,70
1506,100,30,0
1507,100,30,70
1508,100,30,70
1509,100,30,0
1510,100,30,70
1511,100,30,70
1512,100,30,70
1513,100,30,70
1514,100,30,70
1515,100,30,70
1516,100,30,70
1517,100,30,70
1518,100,30,70
1519,100,30,70
1520,100,30,70
1521,100,30,70
1522,100,30,70
1523,100,30,70
1524,100,30,70
1525,100,30,70
1526,100,30,70
1527,100,30,70
1528,100,30,70
1529,100,30,70
1530,100,30,70
1531,100,30,70
1532,100,30,70
1533,100,30,70
1534,100,30,70
1535,100,30,70
1536,100,30,70
1537,100,30,70
1538,100,30,70
1539,100,30,70
1540,100,30,70
1541,100,30,70
1542,100,30,70
1543,100,30,70
1544,100,30,70
1545,100,30,70
1546,100,30,70
1547,100,30,70
1548,100,30,70
1549,100,30,70
1550,100,30,70
1551,100,30,70
1552,100,30,70
1553,100,30,70
1554,100,30,70
1555,100,30,70
1556,100,30,70
1557,100,30,70
1558,100,30,70
1559,100,30,70
1560,100,30,70
1561,100,30,70
1562,100,30,70
1563,100,30,70
1564,100,30,70
1565,100,30,70
1566,100,30,70
1567,100,30,70
1568,100,30,70
1569,100,30,70
1570,100,30,70
1571,100,30,70
1572,100,30,70
1573,100,30,70
1574,100,30,0
1575,100,30,70
1576,100,30,70
1577,100,30,70
1578,100,30,70
1579,100,30,70
1580,100,30,70
1581,100,30,70
1582,100,30,70
1583,100,30,70
1584,100,30,70
1585,100,30,70
1586,100,30,70
1587,100,30,70
1588,100,30,70
1589,100,30,70
1590,100,30,70
1591,100,30,70
1592,100,30,70
1593,100,30,70
1594,100,30,70
1595,100,30,70
1596,100,30,70
1597,100,30,70
1598,100,30,70
1599,100,30,70
1600,100,30,70
1601,100,30,70
1602,100,30,70
1603,100,30,70
1604,100,30,70
1605,100,30,70
1606,100,30,70
1607,100,30,70
1608,100,30,70
1609,100,30,70
1610,100,30,70
1611,100,30,70
1612,100,30,70
1613,100,30,70
1614,100,30,70
1615,100,30,70
1616,100,30,70
1617,100,30,70
1618,100,30,70
1619,100,30,70
1620,100,30,70
1621,100,30,70
1622,100,30,70
1623,100,30,70
1624,100,30,70
1625,100,30,70
1626,100,30,70
1627,100,30,70
1628,100,30,70
1629,100,30,70
1630,100,30,70
1631,100,30,70
1632,100,30,70
1633,100,30,70
1634,100,30,70
1635,100,30,70
1636,100,30,70
1637,100,30,70
1638,100,30,70
1639,100,30,70
1640,100,30,70
1641,100,30,70
1642,100,30,70
1643,100,30,70
1644,100,30,70
1645,100,30,70
1646,100,30,70
1647,100,30,70
1648,100,30,70
1649,100,30,70
1650,100,30,70
1651,100,30,70
1652,100,30,70
1653,100,30,70
1654,100,30,70
1655,100,30,70
1656,100,30,70
1657,100,30,70
1658,100,30,70
1659,100,30,70
1660,100,30,70
1661,100,30,70
1662,100,30,70
1663,100,30,70
1664,100,30,70
1665,100,30,70
1666,100,30,70
1667,100,30,70
1668,100,30,70
1669,100,30,70
1670,100,30,70
1671,100,30,70
1672,100,30,70
1673,100,30,70
1674,100,30,70
1675,100,30,70
1676,100,30,70
1677,100,30,70
1678,100,30,70
1679,100,30,70
1680,100,30,70
1681,100,30,70
1682,100,30,70
1683,100,30,70
1684,100,30,70
1685,100,30,70
1686,100,30,70
1687,100,30,70
1688,100,30,70
1689,100,30,70
1690,100,30,70
1691,100,30,70
1692,100,30,70
1693,100,30,70
1694,100,30,70
1695,100,30,70
1696,100,30,70
1697,100,30,70
1698,100,30,70
1699,100,30,70
1700,100,30,70
1701,100,30,70
1702,100,30,70
1703,100,30,70
1704,100,30,70
1705,100,30,70
1706,100,30,70
1707,100,30,70
1708,100,30,70
1709,100,30,70
1710,100,30,70
1711,100,30,70
1712,100,30,70
1713,100,30,70
1714,100,30,70
1715,100,30,70
1716,100,30,70
1717,100,30,70
1718,100,30,70
1719,100,30,70
1720,100,30,70
1721,100,30,70
1722,100,30,70
1723,100,30,70
1724,100,30,70
1725,100,30,70
1726,100,30,70
1727,100,30,70
1728,100,30,70
1729,100,30,70
1730,100,30,70
1731,100,30,70
1732,100,30,70
1733,100,30,70
1734,100,30,70
1735,100,30,70
1736,100,30,70
1737,100,30,70
1738,100,30,70
1739,100,30,70
1740,100,30,70
1741,100,30,70
1742,100,30,70
1743,100,30,70
1744,100,30,70
1745,100,30,70
1746,100,30,70
1747,100,30,70
1748,100,30,70
1749,100,30,70
1750,100,30,70
1751,100,30,70
1752,100,30,70
1753,100,30,70
1754,100,30,70
1755,100,30,70
1756,100,30,70
1757,100,30,70
1758,100,30,70
1759,100,30,70
1760,100,30,70
1761,100,30,70
1762,100,30,70
1763,100,30,70
1764,100,30,70
1765,100,30,70
1766,100,30,70
1767,100,30,70
1768,100,30,70
1769,100,30,70
1770,100,30,70
1771,100,30,70
1772,100,30,70
1773,100,30,70
1774,100,30,70
1775,100,30,70
1776,100,30,70
1777,100,30,70
1778,100,30,70
1779,100,30,70
1780,100,30,70
1781,100,30,70
1782,100,30,70
1783,100,30,70
1784,100,30,70
1785,100,30,70
1786,100,30,70
1787,100,30,70
1788,100,30,70
1789,100,30,70
1790,100,30,70
1791,100,30,70
1792,100,30,70
1793,100,30,70
1794,100,30,70
1795,100,30,70
1796,100,30,70
1797,100,30,70
1798,100,30,70
1799,100,30,70
1800,100,30,70
1801,100,30,70
1802,100,30,70
1803,100,30,70
1804,100,30,70
1805,100,30,70
1806,100,30,70
1807,100,30,70
1808,100,30,70
1809,100,30,70
1810,100,30,70
1811,100,30,70
1812,100,30,70
1813,100,30,70
1814,100,30,70
1815,100,30,70
1816,100,30,70
1817,100,30,70
1818,100,30,70
1819,100,30,70
1820,100,30,70
1821,100,30,70
1822,100,30,70
1823,100,30,70
1824,100,30,70
1825,100,30,70
1826,100,30,70
1827,100,30,70
1828,100,30,70
1829,100,30,70
1830,100,30,70
1831,100,30,70
1832,100,30,70
1833,100,30,70
1834,100,30,70
1835,100,30,70
1836,100,30,70
1837,100,30,70
1838,100,30,70
1839,100,30,70
1840,100,30,70
1841,100,30,70
1842,100,30,70
1843,100,30,70
1844,100,30,70
1845,100,30,70
1846,100,30,70
1847,100,30,70
1848,100,30,70
1849,100,30,70
1850,100,30,70
1851,100,30,70
1852,100,30,70
1853,100,30,70
1854,100,30,70
1855,100,30,70
1856,100,30,70
1857,100,30,70
1858,100,30,70
1859,100,30,70
1860,100,30,70
1861,100,30,70
1862,100,30,70
1863,100,30,70
1864,100,30,70
1865,100,30,70
1866,100,30,70
1867,100,30,70
1868,100,30,70
1869,100,30,70
1870,100,30,70
1871,100,30,70
1872,100,30,70
1873,100,30,70
1874,100,30,70
1875,100,30,70
1876,100,30,70
1877,100,30,70
1878,100,30,70
1879,100,30,70
1880,100,30,70
1881,100,30,70
1882,100,30,70
1883,100,30,70
1884,100,30,70
1885,100,30,70
1886,100,30,70
1887,100,30,70
1888,100,30,70
1889,100,30,70
1890,100,30,70
1891,100,30,70
1892,100,30,70
1893,100,30,70
1894,100,30,70
1895,100,30,70
1896,100,30,70
1897,100,30,70
1898,100,30,70
1899,100,30,70
1900,100,30,70
1901,100,30,70
1902,100,30,70
1903,100,30,70
1904,100,30,70
1905,100,30,70
1906,100,30,70
1907,100,30,70
1908,100,30,70
1909,100,30,70
1910,100,30,70
1911,100,30,70
1912,100,30,70
1913,100,30,70
1914,100,30,70
1915,100,30,70
1916,100,30,70
1917,100,30,70
1918,100,30,70
1919,100,30,70
1920,100,30,70
1921,100,30,70
1922,100,30,70
1923,100,30,70
1924,100,30,70
1925,100,30,70
1926,100,30,70
1927,100,30,70
1928,100,30,70
1929,100,30,70
1930,100,30,70
1931,100,30,70
1932,100,30,70
1933,100,30,70
1934,100,30,70
1935,100,30,70
1936,100,30,70
1937,100,30,70
1938,100,30,70
1939,100,30,70
1940,100,30,70
1941,100,30,70
1942,100,30,70
1943,100,30,70
1944,100,30,70
1945,100,30,70
1946,100,30,70
1947,100,30,70
1948,100,30,70
1949,100,30,70
1950,100,30,70
1951,100,30,70
1952,100,30,70
1953,100,30,70
1954,100,30,70
1955,100,30,70
1956,100,30,70
1957,100,30,70
1958,100,30,70
1959,100,30,70
1960,100,30,70
1961,100,30,70
1962,100,30,70
1963,100,30,70
1964,100,30,70
1965,100,30,70
1966,100,30,70
1967,100,30,70
1968,100,30,70
1969,100,30,70
1970,100,30,70
1971,100,30,70
1972,100,30,70
1973,100,30,70
1974,100,30,70
1975,100,30,70
1976,100,30,70
1977,100,30,70
1978,100,30,70
1979,100,30,70
1980,100,30,70
1981,100,30,70
1982,100,30,70
1983,100,30,70
1984,100,30,70
1985,100,30,70
1986,100,30,70
1987,100,30,70
1988,100,30,70
1989,100,30,70
1990,100,30,70
1991,100,30,70
1992,100,30,70
1993,100,30,70
1994,100,30,70
1995,100,30,70
1996,100,30,70
1997,100,30,70
1998,100,30,70
1999,100,30,70
2000,100,30,70
2001,100,30,70
