"Step","env: QLUNARLANDER - lambdas/component_2","env: QLUNARLANDER - lambdas/component_2__MIN","env: QLUNARLANDER - lambdas/component_2__MAX"
"5100","0.0038181726355105638","0","0.01801767200231552"
"5200","0.003729441901668906","0","0.017350055277347565"
"5300","0.00354250343516469","0","0.016146957874298096"
"5400","0.0037675667903386057","0.0004447234096005559","0.014908741228282452"
"5500","0.004371604020707309","0.0013907948741689324","0.014173895120620728"
"5600","0.005046608671545982","0.0022553037852048874","0.01387928519397974"
"5700","0.005654538702219725","0.0027642492204904556","0.013810009695589542"
"5800","0.006401238217949867","0.0036333221942186356","0.013883140869438648"
"5900","0.007343180663883686","0.005042554344981909","0.014102187938988209"
"6000","0.008513929042965173","0.0064450958743691444","0.014601053670048714"
"6100","0.00964706540107727","0.007575338706374168","0.014980653300881386"
"6200","0.010852848179638386","0.008925900794565678","0.015555175952613354"
"6300","0.0120424659922719","0.009832991287112236","0.01612490601837635"
"6400","0.013430830277502536","0.011292804963886738","0.01693621091544628"
"6500","0.015015091560781003","0.012792983092367649","0.01764390803873539"
"6600","0.016703690961003305","0.014087127521634102","0.019194534048438072"
"6700","0.018412088602781297","0.0156554002314806","0.021127404645085335"
"6800","0.020083550736308096","0.017312394455075264","0.023250620812177658"
"6900","0.021793418750166892","0.019351797178387642","0.025350423529744148"
"7000","0.023473861441016198","0.02180841937661171","0.02758079208433628"
"7100","0.02510397769510746","0.023052282631397247","0.02908233180642128"
"7200","0.027179590612649917","0.02460716851055622","0.03077816218137741"
"7300","0.02964201457798481","0.027118992060422897","0.03303658589720726"
"7400","0.032066498324275015","0.02958175353705883","0.03579317778348923"
"7500","0.034436557441949844","0.03203785791993141","0.0384991280734539"
"7600","0.03659960329532623","0.033573396503925323","0.041486043483018875"
"7700","0.038427112996578215","0.03464866802096367","0.044531747698783875"
"7800","0.039883536845445634","0.03545466065406799","0.04658669978380203"
"7900","0.04127958565950394","0.03681941330432892","0.04798879846930504"
"8000","0.04257029369473457","0.03848562017083168","0.048845794051885605"
"8100","0.04394469484686851","0.0398566797375679","0.049791160970926285"
"8200","0.04559050872921944","0.04194366931915283","0.05044779181480408"
"8300","0.04768637716770172","0.04418167099356651","0.05084638670086861"
"8400","0.0499032698571682","0.04684135317802429","0.051954902708530426"
"8500","0.052509408444166183","0.04946524277329445","0.05562566593289375"
"8600","0.05509824901819229","0.0510733425617218","0.06048673391342163"
"8700","0.05749985799193382","0.05223177373409271","0.06608027219772339"
"8800","0.05950070470571518","0.05305657908320427","0.07064098864793777"
"8900","0.06140967532992363","0.05424545332789421","0.07447036355733871"
"9000","0.06300894245505333","0.0558491013944149","0.07682381570339203"
"9100","0.06454553827643394","0.057066041976213455","0.07897501438856125"
"9200","0.06646991223096847","0.05862569063901901","0.08042780309915543"
"9300","0.06862733364105225","0.0603199303150177","0.08131257444620132"
"9400","0.07085586935281754","0.06229959428310394","0.08276236057281494"
"9500","0.07311981767416001","0.0635986402630806","0.0867946520447731"
"9600","0.0755658745765686","0.06460695713758469","0.09151028096675873"
"9700","0.07784911692142486","0.06521745026111603","0.09666506201028824"
"9800","0.0798471912741661","0.0656646192073822","0.10061998665332794"
"9900","0.08151759654283523","0.06609325110912323","0.1037679985165596"
"10000","0.08271421492099762","0.06638418138027191","0.10571557283401489"
"10100","0.08374189287424087","0.06705168634653091","0.10738816857337952"
"10200","0.08484389334917068","0.06758026778697968","0.1086159273982048"
"10300","0.08599395751953125","0.06867899000644684","0.10936087369918823"
"10400","0.0872241958975792","0.06983774900436401","0.11030714213848114"
"10500","0.08837376236915588","0.07080459594726562","0.11183278262615204"
"10600","0.089456607401371","0.07149852067232132","0.11336754262447357"
"10700","0.09047695696353912","0.07225625962018967","0.11527356505393982"
"10800","0.09129639267921448","0.07290368527173996","0.11652736365795135"
"10900","0.09196994602680206","0.073304682970047","0.11755625158548355"
"11000","0.09252728968858719","0.07371929287910461","0.11851649731397629"
"11100","0.09282563477754593","0.07414539903402328","0.11950850486755371"
"11200","0.09254757016897201","0.07466760277748108","0.12015411257743835"
"11300","0.09195336252450943","0.07546735554933548","0.1205519437789917"
"11400","0.09116286486387253","0.07646036893129349","0.12095025181770325"
"11500","0.09030138552188874","0.07770320773124695","0.12186254560947418"
"11600","0.08942843824625016","0.07283177226781845","0.1228092834353447"
"11700","0.08818957358598709","0.0665474608540535","0.12167718261480331"
"11800","0.08681228756904602","0.060948409140110016","0.11970232427120209"
"11900","0.08536111190915108","0.05611676350235939","0.1169651597738266"
"12000","0.08395012393593788","0.05122050270438194","0.11456197500228882"
"12100","0.0827291876077652","0.04713466018438339","0.11249624937772751"
"12200","0.08194057494401932","0.04443834722042084","0.11074133962392807"
"12300","0.08121362552046776","0.04116756096482277","0.10965615510940552"
"12400","0.08046506717801094","0.03836170956492424","0.10918408632278442"
"12500","0.08002697601914406","0.03718392923474312","0.10903586447238922"
"12600","0.07978179082274436","0.03664161637425423","0.109132781624794"
"12700","0.07958645671606064","0.03593470901250839","0.109656423330307"
"12800","0.07919924408197403","0.0354318767786026","0.1096978485584259"
"12900","0.07859723195433617","0.03512639179825783","0.10916934907436371"
"13000","0.07813034504652024","0.03558507561683655","0.10908809304237366"
"13100","0.077647814899683","0.03703263774514198","0.10801910609006882"
"13200","0.07660015150904656","0.038241367787122726","0.10492468625307083"
"13300","0.07549515664577484","0.03917468339204788","0.10182395577430725"
"13400","0.07451510429382324","0.03997094929218292","0.09976286441087723"
"13500","0.07382718548178673","0.041988737881183624","0.0983777642250061"
"13600","0.0736765943467617","0.04504138603806496","0.09753851592540741"
"13700","0.07346584424376487","0.04800470545887947","0.09641365706920624"
"13800","0.07320789024233817","0.05023302882909775","0.0954088345170021"
"13900","0.07263673245906829","0.05172700807452202","0.09403711557388306"
"14000","0.07192469388246536","0.0528443343937397","0.09199637919664383"
"14100","0.07130490690469742","0.05382643640041351","0.08997352421283722"
"14200","0.07072819843888282","0.05448974296450615","0.08874672651290894"
"14300","0.0702920489013195","0.055546894669532776","0.08738407492637634"
"14400","0.06973016187548638","0.056689824908971786","0.08574573695659637"
"14500","0.06911033689975739","0.05760860815644264","0.08467526733875275"
"14600","0.06863865032792091","0.058493684977293015","0.08402269333600998"
"14700","0.06856568455696106","0.057845454663038254","0.08437002450227737"
"14800","0.06856600940227509","0.05720175802707672","0.08474979549646378"
"14900","0.06872493848204612","0.05632690712809563","0.08572699129581451"
"15000","0.0682562418282032","0.05537110194563866","0.08639701455831528"
"15100","0.06765101104974747","0.05439978092908859","0.08702090382575989"
"15200","0.06695560663938523","0.05350791662931442","0.08759120851755142"
"15300","0.06617207005620003","0.052418991923332214","0.0879134088754654"
"15400","0.06523495614528656","0.051248591393232346","0.08813456445932388"
"15500","0.06368614658713341","0.050419531762599945","0.0878572016954422"
"15600","0.062387286126613616","0.04965461790561676","0.08763127028942108"
"15700","0.061385927349328996","0.0492384247481823","0.08795971423387527"
"15800","0.06067484468221664","0.0466650053858757","0.088362917304039"
"15900","0.059874774515628816","0.04423804208636284","0.0886075347661972"
"16000","0.05903726443648338","0.04212146997451782","0.08897839486598969"
"16100","0.058553898334503175","0.040763307362794876","0.08943981677293777"
"16200","0.05842749774456024","0.04052542522549629","0.09027925133705139"
"16300","0.05797293484210968","0.03890106827020645","0.09099752455949783"
"16400","0.05753811225295067","0.0381503701210022","0.09149689227342606"
"16500","0.057064641267061234","0.037107840180397034","0.09227657318115234"
"16600","0.05679851025342941","0.037314705550670624","0.09277086704969406"
"16700","0.05631195679306984","0.036899421364068985","0.09316936135292053"
"16800","0.055772101134061815","0.03591200336813927","0.09331066906452179"
"16900","0.0553819477558136","0.03584645688533783","0.09337421506643295"
"17000","0.05526270940899849","0.036492493003606796","0.09382473677396774"
"17100","0.05550431087613106","0.0371457114815712","0.09584322571754456"
"17200","0.05595617890357971","0.03820732235908508","0.0979834571480751"
"17300","0.05611685365438461","0.03843729570508003","0.09982764720916748"
"17400","0.05641077533364296","0.039059948176145554","0.10134848207235336"
"17500","0.0568965807557106","0.039311833679676056","0.10223618149757385"
"17600","0.05709916278719902","0.03923705220222473","0.10277073085308075"
"17700","0.05742330998182297","0.03944779559969902","0.10326986014842987"
"17800","0.05755982622504234","0.03929733857512474","0.10338299721479416"
"17900","0.0577255055308342","0.03926186263561249","0.10341068357229233"
"18000","0.057958585768938066","0.03923884034156799","0.10351043939590454"
"18100","0.05856086239218712","0.03964099660515785","0.10415592789649963"
"18200","0.059347792714834216","0.039567191153764725","0.1056317687034607"
"18300","0.06013132780790329","0.03953341767191887","0.10787774622440338"
"18400","0.06099843978881836","0.03901518136262894","0.10919205099344254"
"18500","0.061552070826292035","0.03828980028629303","0.10956444591283798"
"18600","0.06182994097471237","0.037441618740558624","0.10962211340665817"
"18700","0.06207044273614883","0.036895934492349625","0.10915672779083252"
"18800","0.062357401847839354","0.03653904050588608","0.1087963730096817"
"18900","0.06308598294854165","0.03637971729040146","0.10856103152036667"
"19000","0.06397281736135482","0.03610532730817795","0.10842445492744446"
"19100","0.06470247358083725","0.03634446859359741","0.1081777960062027"
"19200","0.06525189206004142","0.03675463795661926","0.10815277695655823"
"19300","0.06599424555897712","0.037390321493148804","0.10893144458532333"
"19400","0.06714462712407113","0.038035206496715546","0.1098131462931633"
"19500","0.0681129440665245","0.03833619877696037","0.11090568453073502"
"19600","0.0687430590391159","0.03845667839050293","0.11163723468780518"
"19700","0.0693273276090622","0.038552649319171906","0.1126188188791275"
"19800","0.07004697769880294","0.03952097147703171","0.11344482004642487"
"19900","0.07128948196768761","0.040674641728401184","0.11402531713247299"
"20000","0.07252078205347061","0.04158361256122589","0.1140701025724411"
"20100","0.0736847847700119","0.04259331151843071","0.11453200876712799"
"20200","0.07486890852451325","0.04321522265672684","0.11546922475099564"
"20300","0.07578534707427025","0.04405729100108147","0.11612720042467117"
"20400","0.07679831981658936","0.044934213161468506","0.11639443039894104"
"20500","0.07752884775400162","0.045503467321395874","0.11649026721715927"
"20600","0.07820470333099365","0.04631003737449646","0.11683450639247894"
"20700","0.07898091077804566","0.04695740342140198","0.11757931858301163"
"20800","0.07980746924877166","0.04794982075691223","0.11796294897794724"
"20900","0.08027286753058434","0.04885300248861313","0.11794954538345337"
"21000","0.08099646866321564","0.049691446125507355","0.11786731332540512"
"21100","0.08164762035012245","0.05088747665286064","0.1179102286696434"
"21200","0.08222010359168053","0.05168641731142998","0.11782276630401611"
"21300","0.0828224278986454","0.052470412105321884","0.11791423708200455"
"21400","0.08380414173007011","0.053645964711904526","0.11798817664384842"
"21500","0.08462614789605141","0.05464031174778938","0.11866604536771774"
"21600","0.08530865907669068","0.05593103915452957","0.11921878904104233"
"21700","0.08622146025300026","0.05674362555146217","0.11956023424863815"
"21800","0.08712510243058205","0.05804094299674034","0.12007339298725128"
"21900","0.0881304271519184","0.059033263474702835","0.12047555297613144"
"22000","0.08975506648421287","0.060057658702135086","0.12167219072580338"
"22100","0.09130719974637032","0.06154147908091545","0.12215996533632278"
"22200","0.0927195206284523","0.06255243718624115","0.12302493304014206"
"22300","0.09421321302652359","0.06326285004615784","0.12384415417909622"
"22400","0.09628451019525527","0.06473280489444733","0.12376906722784042"
"22500","0.09846116155385971","0.06557201594114304","0.12405312061309814"
"22600","0.10042049437761306","0.06642510741949081","0.12439406663179398"
"22700","0.10174971669912339","0.06692775338888168","0.12449803203344345"
"22800","0.10272145122289658","0.0679163783788681","0.12442225962877274"
"22900","0.10388648062944413","0.06931093335151672","0.12432871013879776"
"23000","0.10569718331098557","0.07041271775960922","0.12502896785736084"
"23100","0.10693466365337372","0.07154940068721771","0.1290985345840454"
"23200","0.1078534558415413","0.07256795465946198","0.13206563889980316"
"23300","0.10885752737522125","0.07380383461713791","0.1339816302061081"
"23400","0.110054911673069","0.07614672929048538","0.13584119081497192"
"23500","0.11247447431087494","0.07849955558776855","0.13811470568180084"
"23600","0.11437219679355622","0.08032206445932388","0.13987381756305695"
"23700","0.11609130799770355","0.0826210156083107","0.1410522758960724"
"23800","0.11830226629972458","0.08429182320833206","0.14432546496391296"
"23900","0.12023733407258988","0.0860852599143982","0.1508045643568039"
"24000","0.12204951792955399","0.08724896609783173","0.15644146502017975"
"24100","0.12325614988803864","0.08813689649105072","0.16055917739868164"
"24200","0.12495554238557816","0.08978676050901413","0.1666530966758728"
"24300","0.12605453729629518","0.09150134772062302","0.16995200514793396"
"24400","0.12725528031587602","0.0941016748547554","0.17180801928043365"
"24500","0.1290355771780014","0.09717615693807602","0.1748902052640915"
"24600","0.13045426160097123","0.09918519854545593","0.1785268932580948"
"24700","0.13144826292991638","0.10131408274173737","0.1809212565422058"
"24800","0.13189557939767838","0.10279659181833267","0.18147729337215424"
"24900","0.13241739571094513","0.10387875884771347","0.1806081235408783"
"25000","0.13319604098796844","0.10466401278972626","0.18008670210838318"
"25100","0.1339788779616356","0.105338454246521","0.1810382753610611"
"25200","0.1348485216498375","0.10665373504161835","0.18252308666706085"
"25300","0.1357521116733551","0.10805801302194595","0.18398474156856537"
"25400","0.13727017343044282","0.10976862907409668","0.1869795173406601"
"25500","0.138577339053154","0.11151117831468582","0.18848900496959686"
"25600","0.13957322090864183","0.11266622692346573","0.19027307629585266"
"25700","0.14032626152038574","0.11334989964962006","0.19139185547828674"
"25800","0.14095359891653061","0.11437855660915375","0.19141271710395813"
"25900","0.14141152203083038","0.11526317149400711","0.19106677174568176"
"26000","0.1420690730214119","0.11622381210327148","0.1911875158548355"
"26100","0.14242257475852965","0.11655217409133911","0.19150254130363464"
"26200","0.14268524944782257","0.11741497367620468","0.19106048345565796"
"26300","0.14251329153776168","0.11869729310274124","0.1880790889263153"
"26400","0.1424669325351715","0.11998551338911057","0.18563266098499298"
"26500","0.1423899710178375","0.11968865245580673","0.18365491926670074"
"26600","0.14228539317846298","0.11865050345659256","0.1836099475622177"
"26700","0.1422921672463417","0.11768944561481476","0.1842525452375412"
"26800","0.14219596236944199","0.11709803342819214","0.18496102094650269"
"26900","0.14243201315402984","0.11668037623167038","0.18650425970554352"
"27000","0.1427892878651619","0.11604251712560654","0.18799225986003876"
"27100","0.14314953088760377","0.11573676764965057","0.18855427205562592"
"27200","0.14295944571495056","0.11544868350028992","0.18611173331737518"
"27300","0.14239193946123124","0.11517829447984695","0.18189866840839386"
"27400","0.14173200577497483","0.1150941327214241","0.17691965401172638"
"27500","0.14136544466018677","0.11473402380943298","0.17382575571537018"
"27600","0.1402775228023529","0.11286157369613647","0.1704937368631363"
"27700","0.1393612504005432","0.11122864484786987","0.16842420399188995"
"27800","0.1386149436235428","0.11057540774345398","0.1667504608631134"
"27900","0.1376119524240494","0.11037671566009521","0.16422076523303986"
"28000","0.13667213022708893","0.11031438410282135","0.16210246086120605"
"28100","0.1356397345662117","0.11032264679670334","0.15932302176952362"
"28200","0.1345706358551979","0.11032738536596298","0.15654809772968292"
"28300","0.1335614264011383","0.11032851040363312","0.1536109447479248"
"28400","0.13294909447431563","0.11078003793954849","0.1521778404712677"
"28500","0.13264646679162978","0.11224231868982315","0.15134184062480927"
"28600","0.13245870620012284","0.11340241879224777","0.15176177024841309"
"28700","0.13204931020736693","0.11422646045684814","0.15128295123577118"
"28800","0.1311357542872429","0.11449051648378372","0.1478525847196579"
"28900","0.13049916923046112","0.11466191709041595","0.14480264484882355"
"29000","0.1303067311644554","0.11548667401075363","0.14382977783679962"
"29100","0.13009197115898133","0.11648556590080261","0.14227254688739777"
"29200","0.12998464256525039","0.11709033697843552","0.1416129469871521"
"29300","0.12981280088424682","0.11745519936084747","0.1411067694425583"
"29400","0.12927898466587068","0.11761130392551422","0.14153029024600983"
"29500","0.12894617766141891","0.11730821430683136","0.1422359049320221"
"29600","0.12843962013721466","0.11689139902591705","0.14261962473392487"
"29700","0.1280019000172615","0.11656511574983597","0.1426784247159958"
"29800","0.12736525982618332","0.11632246524095535","0.14223013818264008"
"29900","0.12675462216138839","0.11600737273693085","0.14228804409503937"
"30000","0.12620480060577394","0.11517612636089325","0.14367055892944336"
"30100","0.1255539745092392","0.11428748071193695","0.14488394558429718"
"30200","0.12472100257873535","0.11365953832864761","0.14473064243793488"
"30300","0.12355038523674011","0.11288148909807205","0.14391224086284637"
"30400","0.12191848754882813","0.11181782186031342","0.14185325801372528"
"30500","0.12045605778694153","0.1114453673362732","0.14034409821033478"
"30600","0.1191698208451271","0.11031045764684677","0.13914352655410767"
"30700","0.11824326366186141","0.10855024307966232","0.13815616071224213"
"30800","0.11739985644817352","0.10694078356027603","0.13670845329761505"
"30900","0.11670454442501069","0.10558174550533295","0.13613739609718323"
"31000","0.1158482402563095","0.10448981821537018","0.13605596125125885"
"31100","0.11517836749553681","0.10372357070446014","0.1360047608613968"
"31200","0.11455400735139847","0.10260454565286636","0.13642087578773499"
"31300","0.11390167027711869","0.10141400992870331","0.13658756017684937"
"31400","0.1129282608628273","0.09950005263090134","0.1366516500711441"
"31500","0.11182184517383575","0.09714017808437347","0.1366976499557495"
"31600","0.11084290742874145","0.09425364434719086","0.1369524896144867"
"31700","0.11021835207939149","0.09148535132408142","0.13786078989505768"
"31800","0.11040244847536088","0.08963292837142944","0.1415560245513916"
"31900","0.11076812893152237","0.08838314563035965","0.14545708894729614"
"32000","0.1112211987376213","0.0876200944185257","0.14863017201423645"
"32100","0.11140395551919938","0.0869060754776001","0.15098045766353607"
"32200","0.11121963262557984","0.08613131940364838","0.15197113156318665"
"32300","0.11117773950099945","0.08537460118532181","0.1531233936548233"
"32400","0.1109431117773056","0.08437780290842056","0.15386244654655457"
"32500","0.1104388877749443","0.0834035873413086","0.15444988012313843"
"32600","0.10992545187473297","0.08238621801137924","0.1553931087255478"
"32700","0.10938868522644044","0.08224519342184067","0.15554611384868622"
"32800","0.10874456316232681","0.0818048045039177","0.15552900731563568"
"32900","0.10792800039052963","0.08109185844659805","0.15550272166728973"
"33000","0.10762186497449874","0.08024658262729645","0.1568545252084732"
"33100","0.10735179930925369","0.07903942465782166","0.15823061764240265"
"33200","0.10680854022502899","0.07799623906612396","0.15862789750099182"
"33300","0.10608321130275726","0.07687477022409439","0.15854771435260773"
"33400","0.10552685707807541","0.07587286829948425","0.15938439965248108"
"33500","0.10513749271631241","0.07526446878910065","0.16046006977558136"
"33600","0.10505345612764358","0.07508448511362076","0.16229988634586334"
"33700","0.10476452708244324","0.07467368245124817","0.1635730266571045"
"33800","0.10398817360401154","0.07373407483100891","0.1628054678440094"
"33900","0.10299746245145798","0.0725710391998291","0.16142091155052185"
"34000","0.10224076062440872","0.07179924100637436","0.16135014593601227"
"34100","0.10191232115030288","0.07158547639846802","0.16277849674224854"
"34200","0.10130159407854081","0.07141441851854324","0.1628638207912445"
"34300","0.10061590075492859","0.07116734981536865","0.16248825192451477"
"34400","0.10009311884641647","0.07098116725683212","0.161666601896286"
"34500","0.09952331930398942","0.07076516002416611","0.1607556939125061"
"34600","0.0993499994277954","0.070594921708107","0.16141629219055176"
"34700","0.09927610456943511","0.06991221755743027","0.16312210261821747"
"34800","0.09889723807573318","0.06895937025547028","0.1631091833114624"
"34900","0.09843616783618928","0.06756631284952164","0.16250447928905487"
"35000","0.09789778739213943","0.06646141409873962","0.16174057126045227"
"35100","0.09731340855360031","0.0654052346944809","0.16038748621940613"
"35200","0.09710150510072708","0.06469366699457169","0.1593683511018753"
"35300","0.09710359126329422","0.06434143334627151","0.15905198454856873"
"35400","0.09767986983060836","0.06383484601974487","0.15927083790302277"
"35500","0.09829945713281632","0.06368862837553024","0.16023243963718414"
"35600","0.0988855466246605","0.06352832168340683","0.16241006553173065"
"35700","0.09930683374404907","0.06355778872966766","0.1646573841571808"
"35800","0.0997633159160614","0.0636000782251358","0.1660677045583725"
"35900","0.10019318163394927","0.06332717835903168","0.16771537065505981"
"36000","0.10056111514568329","0.06323553621768951","0.1680610030889511"
"36100","0.10127719193696975","0.06361950933933258","0.16806186735630035"
"36200","0.10191472917795182","0.06411845237016678","0.16780616343021393"
"36300","0.10228980481624603","0.064616858959198","0.16703854501247406"
"36400","0.10248733758926391","0.06493055820465088","0.1659030020236969"
"36500","0.10253324806690216","0.0649796649813652","0.16532276570796967"
"36600","0.102447247505188","0.06496961414813995","0.16508245468139648"
"36700","0.10239568054676056","0.06474129855632782","0.1651603728532791"
"36800","0.10246864259243012","0.0645545944571495","0.16512808203697205"
"36900","0.10302425324916839","0.06418370455503464","0.1648435741662979"
"37000","0.1032198503613472","0.06368141621351242","0.1645728200674057"
"37100","0.10333138406276703","0.06340371817350388","0.16497454047203064"
"37200","0.10354052186012268","0.06279084086418152","0.1648998111486435"
"37300","0.10396907776594162","0.06189201772212982","0.16446416079998016"
"37400","0.10413442552089691","0.06116650253534317","0.16292959451675415"
"37500","0.10430183187127114","0.061041560024023056","0.16158615052700043"
"37600","0.10463944748044014","0.061241451650857925","0.16041849553585052"
"37700","0.10495088025927543","0.06117410585284233","0.15918445587158203"
"37800","0.10525116771459579","0.060817986726760864","0.1595330536365509"
"37900","0.10542887076735497","0.0603022538125515","0.1616268903017044"
"38000","0.1052867129445076","0.0598893016576767","0.16205860674381256"
"38100","0.10520918816328048","0.059943437576293945","0.1625021994113922"
"38200","0.10510238111019135","0.060190290212631226","0.1622173935174942"
"38300","0.10514758005738259","0.06054600700736046","0.15989328920841217"
"38400","0.10542549714446067","0.060866620391607285","0.15769322216510773"
"38500","0.10488965064287185","0.060491062700748444","0.15592725574970245"
"38600","0.10514074936509132","0.0601397342979908","0.1572207808494568"
"38700","0.10536345988512039","0.059534527361392975","0.15806761384010315"
"38800","0.10573732033371926","0.05918990448117256","0.1586729735136032"
"38900","0.10692778676748275","0.0591144785284996","0.15942424535751343"
"39000","0.10772415176033974","0.05910347029566765","0.16072086989879608"
"39100","0.10820693895220757","0.059174250811338425","0.16210991144180298"
"39200","0.1080106407403946","0.05924845486879349","0.16374471783638"
"39300","0.10803355872631074","0.05935592204332352","0.1652611941099167"
"39400","0.10832909345626832","0.05978316813707352","0.1658937931060791"
"39500","0.10909995660185814","0.060172658413648605","0.16714252531528473"
"39600","0.1095751903951168","0.060506876558065414","0.16809824109077454"
"39700","0.11022666916251182","0.06033439561724663","0.1700698435306549"
"39800","0.11094936281442642","0.06009669601917267","0.1724594384431839"
"39900","0.111380784958601","0.05984104797244072","0.1749197244644165"
"40000","0.11145094111561775","0.05914055183529854","0.17660582065582275"
"40100","0.11133020296692848","0.058251481503248215","0.1777101308107376"
"40200","0.11099467873573303","0.057398371398448944","0.17780639231204987"
"40300","0.11126110479235649","0.05667053535580635","0.17838770151138306"
"40400","0.11142913699150085","0.05628097057342529","0.17885392904281616"
"40500","0.11141485422849655","0.056173570454120636","0.17950525879859924"
"40600","0.11110581755638123","0.0559830516576767","0.18042708933353424"
"40700","0.11127221658825874","0.055954594165086746","0.17976181209087372"
"40800","0.11082369163632393","0.05613351985812187","0.17911314964294434"
"40900","0.11077219247817993","0.05662187933921814","0.1795686036348343"
"41000","0.11061180830001831","0.056995876133441925","0.1801907867193222"
"41100","0.11067837923765182","0.05736718326807022","0.18065977096557617"
"41200","0.11042057424783706","0.05762173980474472","0.18148921430110931"
"41300","0.1099701851606369","0.05784071236848831","0.1828080415725708"
"41400","0.10972249135375023","0.057962726801633835","0.18397276103496552"
"41500","0.10913919359445572","0.05751900374889374","0.18501806259155273"
"41600","0.10850486531853676","0.05732693150639534","0.1856488734483719"
"41700","0.10877880230545997","0.05737628415226936","0.18601052463054657"
"41800","0.10889776349067688","0.05750536173582077","0.186343252658844"
"41900","0.10893301144242287","0.05796023830771446","0.18637506663799286"
"42000","0.10855795592069625","0.05820973962545395","0.18630297482013702"
"42100","0.10835331454873084","0.05831701681017876","0.18601280450820923"
"42200","0.10797127708792686","0.05848667398095131","0.18493174016475677"
"42300","0.10771148875355721","0.058861974626779556","0.18300791084766388"
"42400","0.10748280584812164","0.059164583683013916","0.18069133162498474"
"42500","0.10699179023504257","0.058827027678489685","0.17906872928142548"
"42600","0.10690395534038544","0.058516792953014374","0.17864321172237396"
"42700","0.10657699629664422","0.05887081101536751","0.17678503692150116"
"42800","0.10567824691534042","0.05930827558040619","0.1746911108493805"
"42900","0.10503326877951621","0.05978331342339516","0.17352284491062164"
"43000","0.10474177300930024","0.05998196452856064","0.17292478680610657"
"43100","0.1040762186050415","0.05997190624475479","0.171736940741539"
"43200","0.10329824760556221","0.060031529515981674","0.17019906640052795"
"43300","0.10255824327468872","0.06025832146406174","0.16788020730018616"
"43400","0.10217243432998657","0.06027985364198685","0.16755425930023193"
"43500","0.10253278017044068","0.06045922636985779","0.16955646872520447"
"43600","0.1028801292181015","0.06072508543729782","0.16991622745990753"
"43700","0.10398785322904587","0.06082628667354584","0.16980895400047302"
"43800","0.10503584891557693","0.06089300662279129","0.16957253217697144"
"43900","0.10582379400730133","0.06114289164543152","0.169236958026886"
"44000","0.10641122236847878","0.0615580715239048","0.1699168086051941"
"44100","0.10700504705309868","0.0621456615626812","0.17037293314933777"
"44200","0.10782021731138229","0.06250131875276566","0.17058004438877106"
"44300","0.10902348160743713","0.06287466734647751","0.17072129249572754"
"44400","0.1097953274846077","0.06348294019699097","0.17137430608272552"
"44500","0.11035634875297547","0.0641399472951889","0.17330610752105713"
"44600","0.11139207482337951","0.0646156594157219","0.17489337921142578"
"44700","0.11243483424186707","0.06528668850660324","0.17630791664123535"
"44800","0.11293872892856598","0.06600500643253326","0.17711934447288513"
"44900","0.11305883377790452","0.06697618961334229","0.17831403017044067"
"45000","0.11330361068248748","0.06817131489515305","0.1794067621231079"
"45100","0.11373625546693802","0.06938501447439194","0.1801895648241043"
"45200","0.11413105577230453","0.07023392617702484","0.1808648258447647"
"45300","0.11418976783752441","0.07073838263750076","0.1811717003583908"
"45400","0.11413929164409638","0.07096173614263535","0.18105316162109375"
"45500","0.1148651584982872","0.07142827659845352","0.18123984336853027"
"45600","0.11569270789623261","0.07158395648002625","0.18053601682186127"
"45700","0.11629852503538132","0.07199569791555405","0.1808706372976303"
"45800","0.11648275554180146","0.07262954115867615","0.18128347396850586"
"45900","0.11679182797670365","0.07318869233131409","0.18073636293411255"
"46000","0.11684365421533585","0.07350687682628632","0.17850612103939056"
"46100","0.11696284264326096","0.07372353225946426","0.17701184749603271"
"46200","0.11750068068504334","0.07385421544313431","0.17577530443668365"
"46300","0.1181178405880928","0.07401468604803085","0.1750412881374359"
"46400","0.11791842579841613","0.07481114566326141","0.17267391085624695"
"46500","0.11777473092079163","0.0756729319691658","0.16981104016304016"
"46600","0.11751575469970703","0.07654599845409393","0.16879521310329437"
"46700","0.11715249419212341","0.07718921452760696","0.16899420320987701"
"46800","0.11723595857620239","0.07783734053373337","0.17005661129951477"
"46900","0.11702503859996796","0.07844877243041992","0.170458123087883"
"47000","0.1166762113571167","0.07873805612325668","0.16980791091918945"
"47100","0.11645833849906921","0.07886411249637604","0.16961003839969635"
"47200","0.1164147526025772","0.07894039154052734","0.1698893904685974"
"47300","0.1163462221622467","0.07917919754981995","0.16931520402431488"
"47400","0.1158369392156601","0.07944823801517487","0.16675029695034027"
"47500","0.11547710597515107","0.07965576648712158","0.16346953809261322"
"47600","0.11609011143445969","0.07981839030981064","0.1606770008802414"
"47700","0.11667943298816681","0.07984039932489395","0.1588573008775711"
"47800","0.11640386581420899","0.0798092782497406","0.15557295083999634"
"47900","0.11654639691114425","0.08018568903207779","0.15331435203552246"
"48000","0.11696481257677079","0.08045460283756256","0.15153169631958008"
"48100","0.11763636618852616","0.08065205812454224","0.15213614702224731"
"48200","0.11819902360439301","0.08077133446931839","0.15294326841831207"
"48300","0.11878627985715866","0.08082921802997589","0.15381787717342377"
"48400","0.11899421960115433","0.08065010607242584","0.1529719978570938"
"48500","0.11841408312320709","0.07995301485061646","0.1504737138748169"
"48600","0.11752517223358154","0.0796908289194107","0.14805836975574493"
"48700","0.11667517721652984","0.07947544008493423","0.1458558887243271"
"48800","0.11628197133541107","0.0791129618883133","0.1434037834405899"
"48900","0.1164867639541626","0.07885366678237915","0.14520569145679474"
"49000","0.11620861887931824","0.07879039645195007","0.14611633121967316"
"49100","0.1160255417227745","0.07887250185012817","0.14757055044174194"
"49200","0.11551393419504166","0.07892010360956192","0.1488986611366272"
"49300","0.11526690572500228","0.07893873006105423","0.14974184334278107"
"49400","0.11558311134576797","0.07891800254583359","0.15026237070560455"
"49500","0.11545353531837463","0.07883178442716599","0.1498343050479889"
"49600","0.11605597138404847","0.07877643406391144","0.1514514982700348"
"49700","0.11622963398694992","0.07869502156972885","0.15466076135635376"
"49800","0.11604955941438674","0.07864048331975937","0.15719643235206604"
"49900","0.1158636286854744","0.07870406657457352","0.16001373529434204"
"50000","0.11614963710308075","0.07870442420244217","0.16448789834976196"
"50100","0.11722076535224915","0.07847665250301361","0.17084521055221558"
"50200","0.11821515560150146","0.07827728986740112","0.1774483025074005"
"50300","0.11919925212860108","0.07815411686897278","0.18292708694934845"
"50400","0.12095005661249161","0.07795535773038864","0.18980614840984344"
"50500","0.12135395109653473","0.07748193293809891","0.19252020120620728"
"50600","0.12127911150455475","0.07738567143678665","0.19668428599834442"
"50700","0.12096733897924423","0.07780665904283524","0.1993362009525299"
"50800","0.12127399742603302","0.078135646879673","0.20247535407543182"
"50900","0.12223993539810181","0.07869580388069153","0.20620733499526978"
"51000","0.12326336205005646","0.0790761411190033","0.21076123416423798"
"51100","0.12386128604412079","0.0791269838809967","0.21381831169128418"
"51200","0.12376687228679657","0.07917740941047668","0.215083509683609"
"51300","0.12405229955911637","0.07920685410499573","0.21565541625022888"
"51400","0.12529948949813843","0.07927063852548599","0.21658286452293396"
"51500","0.12624836713075638","0.07883913069963455","0.21736547350883484"
"51600","0.12721710056066513","0.07831749320030212","0.2176363319158554"
"51700","0.12715295404195787","0.07796730846166611","0.21712960302829742"
"51800","0.1264938533306122","0.07777781784534454","0.2164260298013687"
"51900","0.12606844305992126","0.07764013111591339","0.21483942866325378"
"52000","0.1258259192109108","0.077488012611866","0.21376514434814453"
"52100","0.12572537064552308","0.07745719701051712","0.21319764852523804"
"52200","0.1258760705590248","0.07745687663555145","0.21354129910469055"
"52300","0.12749203890562058","0.07746770232915878","0.22013050317764282"
"52400","0.12806224077939987","0.07723777741193771","0.22456929087638855"
"52500","0.12841852903366088","0.07681600004434586","0.22775547206401825"
"52600","0.12818190157413484","0.0763578936457634","0.22980429232120514"
"52700","0.1280543938279152","0.07603149116039276","0.23072195053100586"
"52800","0.1278724491596222","0.07584478706121445","0.2310413271188736"
"52900","0.12749788165092468","0.07549598067998886","0.23135553300380707"
"53000","0.1263934165239334","0.07532049715518951","0.22776708006858826"
"53100","0.12570042461156844","0.07556252926588058","0.22414211928844452"
"53200","0.12594164460897445","0.07569924741983414","0.22487176954746246"
"53300","0.12590145766735078","0.07575441896915436","0.22519086301326752"
"53400","0.12563312351703643","0.07566534727811813","0.22476904094219208"
"53500","0.12603908628225327","0.07591751962900162","0.2245117574930191"
"53600","0.12613121420145035","0.0761997401714325","0.22307820618152618"
"53700","0.12622884064912795","0.07655809074640274","0.22217388451099396"
"53800","0.12626482397317887","0.07686495780944824","0.22149404883384705"
"53900","0.12626893818378448","0.07771177589893341","0.2222255915403366"
"54000","0.12594372630119324","0.07837353646755219","0.22257456183433533"
"54100","0.1251479819417","0.07902133464813232","0.2208023965358734"
"54200","0.12359978407621383","0.07913035154342651","0.21889930963516235"
"54300","0.12192333787679673","0.07937055826187134","0.21695488691329956"
"54400","0.12068620324134827","0.0801510438323021","0.21557895839214325"
"54500","0.11994780302047729","0.08066696673631668","0.21254052221775055"
"54600","0.11934924423694611","0.08049141615629196","0.20987141132354736"
"54700","0.11814990490674973","0.07908685505390167","0.20651128888130188"
"54800","0.1177892416715622","0.07803846895694733","0.2031337171792984"
"54900","0.11790475249290466","0.07760697603225708","0.20030741393566132"
"55000","0.11889741867780686","0.07926966995000839","0.19904813170433044"
"55100","0.11972347348928451","0.08158764243125916","0.1962203085422516"
"55200","0.12002612352371216","0.08376404643058777","0.19323882460594177"
"55300","0.1202328160405159","0.08407055586576462","0.19188077747821808"
"55400","0.12019571214914322","0.08498342335224152","0.18933187425136566"
"55500","0.12033351510763168","0.08587434887886047","0.1875641644001007"
"55600","0.12073605060577393","0.08647628128528595","0.186835378408432"
"55700","0.12115088254213333","0.08707431703805923","0.1863717883825302"
"55800","0.12130230665206909","0.08717954158782959","0.18684974312782288"
"55900","0.12157592326402664","0.08775345236063004","0.18724116683006287"
"56000","0.1217893347144127","0.0876862108707428","0.1873648315668106"
"56100","0.12188798487186432","0.08700130879878998","0.18788713216781616"
"56200","0.12178066372871399","0.0858447402715683","0.1882055401802063"
"56300","0.12167152166366577","0.08387695252895355","0.18852019309997559"
"56400","0.12180135846138","0.08258329331874847","0.18905875086784363"
"56500","0.12222408801317215","0.08230496942996979","0.18934912979602814"
"56600","0.12292789518833161","0.08231043815612793","0.1879589855670929"
"56700","0.12402015030384064","0.0821656808257103","0.1872091442346573"
"56800","0.12524957358837127","0.0817006453871727","0.1887780725955963"
"56900","0.12655301243066788","0.08313298225402832","0.18921621143817902"
"57000","0.12698696404695511","0.08428183197975159","0.1860550343990326"
"57100","0.12790607362985612","0.08474048972129822","0.18377938866615295"
"57200","0.12846644520759581","0.08540011197328568","0.18269728124141693"
"57300","0.12890520542860032","0.0836782231926918","0.18205595016479492"
"57400","0.12936167120933534","0.08202731609344482","0.18259452283382416"
"57500","0.13041866719722747","0.08097801357507706","0.18351870775222778"
"57600","0.1315106749534607","0.08035634458065033","0.1855275183916092"
"57700","0.13252008259296416","0.07998228818178177","0.18549779057502747"
"57800","0.13398715555667878","0.07964786887168884","0.1857851892709732"
"57900","0.13434769511222838","0.07927606999874115","0.18602603673934937"
"58000","0.13446575850248338","0.07878963649272919","0.18756449222564697"
"58100","0.13496406823396684","0.07838520407676697","0.18983492255210876"
"58200","0.1349140077829361","0.07709487527608871","0.19136737287044525"
"58300","0.13436449468135833","0.07568619400262833","0.19106291234493256"
"58400","0.13411362320184708","0.07458285242319107","0.1904710978269577"
"58500","0.13364089280366898","0.07378215342760086","0.18873757123947144"
"58600","0.13291080445051193","0.07318965345621109","0.18735626339912415"
"58700","0.13244158774614334","0.07283452153205872","0.18675968050956726"
"58800","0.13155556619167327","0.07257862389087677","0.18792209029197693"
"58900","0.1300962060689926","0.07240214198827744","0.18841782212257385"
"59000","0.12893154919147493","0.07228846848011017","0.18696926534175873"
"59100","0.1276493862271309","0.07123985141515732","0.18692052364349365"
"59200","0.12675212770700456","0.07038649171590805","0.1870637834072113"
"59300","0.1257328823208809","0.07000336796045303","0.18720175325870514"
"59400","0.12400096356868744","0.06974639743566513","0.18204890191555023"
"59500","0.12273972928524017","0.06938622146844864","0.17837801575660706"
"59600","0.12260167747735977","0.06923005729913712","0.1772853583097458"
"59700","0.12472439855337143","0.06913568079471588","0.1848391890525818"
"59800","0.12600331157445907","0.06907303631305695","0.19140715897083282"
"59900","0.12606058716773988","0.06901849061250687","0.19440552592277527"
"60000","0.12559457272291183","0.0688992291688919","0.1940435767173767"
"60100","0.12499506175518035","0.06866420060396194","0.19367095828056335"
"60200","0.12388992160558701","0.06818748265504837","0.19348889589309692"
"60300","0.12378502488136292","0.06788159161806107","0.19821733236312866"
"60400","0.12373835742473602","0.06771060824394226","0.20212316513061523"
"60500","0.12380300760269165","0.06755030900239944","0.20424847304821014"
"60600","0.12443342208862304","0.06743638962507248","0.20543178915977478"
"60700","0.12512326538562774","0.06736742705106735","0.2064639925956726"
"60800","0.12536334246397018","0.06729474663734436","0.20612260699272156"
"60900","0.12535008937120437","0.06722607463598251","0.20422689616680145"
"61000","0.12518829554319383","0.06717564165592194","0.20215369760990143"
"61100","0.12513061314821244","0.06724552810192108","0.2007800042629242"
"61200","0.12420696020126343","0.06701814383268356","0.19642114639282227"
"61300","0.12319436520338059","0.06686048209667206","0.1910041719675064"
"61400","0.12241501212120057","0.06679116934537888","0.1869909018278122"
"61500","0.1213108941912651","0.0667833685874939","0.1820833683013916"
"61600","0.12001693993806839","0.06686121970415115","0.17759673297405243"
"61700","0.11916179060935975","0.06690830737352371","0.17593251168727875"
"61800","0.1183700755238533","0.06668436527252197","0.17534425854682922"
"61900","0.11649183928966522","0.06641346216201782","0.16986200213432312"
"62000","0.1135220155119896","0.06638714671134949","0.16397951543331146"
"62100","0.11100627183914184","0.06632320582866669","0.16313116252422333"
"62200","0.10911365747451782","0.0640382170677185","0.1645151972770691"
"62300","0.10848120599985123","0.06232689321041107","0.17053838074207306"
"62400","0.10829988345503808","0.06019435450434685","0.1741010844707489"
"62500","0.10834035947918892","0.05968500301241875","0.1758943498134613"
"62600","0.10859003588557244","0.05997779592871666","0.1765603870153427"
"62700","0.10863764956593513","0.061854686588048935","0.17454282939434052"
"62800","0.10803346186876298","0.06258571147918701","0.17027650773525238"
"62900","0.10712603330612183","0.06304092705249786","0.16503384709358215"
"63000","0.10667085200548172","0.06424272060394287","0.16076841950416565"
"63100","0.10657369494438171","0.06489557772874832","0.15854786336421967"
"63200","0.10626571774482726","0.06432531028985977","0.15646572411060333"
"63300","0.1063404232263565","0.06387574970722198","0.15549279749393463"
"63400","0.10735719352960586","0.0635080561041832","0.1536087840795517"
"63500","0.10889593958854675","0.06326289474964142","0.1518596112728119"
"63600","0.10916900634765625","0.0629686564207077","0.14847120642662048"
"63700","0.10916220992803574","0.06279055774211884","0.1459062546491623"
"63800","0.10882535874843598","0.06263148039579391","0.1431693434715271"
"63900","0.10910917147994041","0.06249908730387688","0.1464591920375824"
"64000","0.10931202843785286","0.062355127185583115","0.14850151538848877"
"64100","0.1090316042304039","0.062160395085811615","0.14974017441272736"
"64200","0.10947823971509933","0.06185606122016907","0.1509120613336563"
"64300","0.10999009385704994","0.061538372188806534","0.15180820226669312"
"64400","0.11032498627901077","0.06120403856039047","0.15259282290935516"
"64500","0.11031348258256912","0.06098882108926773","0.15242870151996613"
"64600","0.11046544834971428","0.06082131341099739","0.15213023126125336"
"64700","0.11019970700144768","0.06072000041604042","0.15055519342422485"
"64800","0.11017099544405937","0.06061385199427605","0.14964647591114044"
"64900","0.11133315190672874","0.060499969869852066","0.1545979380607605"
"65000","0.1134372040629387","0.06032571941614151","0.16292569041252136"
"65100","0.11500809714198112","0.060098547488451004","0.1681840866804123"
"65200","0.11652490049600601","0.059755317866802216","0.17196086049079895"
"65300","0.11726377531886101","0.05944548174738884","0.173214390873909"
"65400","0.11779464036226273","0.05927383154630661","0.17318114638328552"
"65500","0.11973499432206154","0.05916020646691322","0.17346322536468506"
"65600","0.12095437198877335","0.05906428396701813","0.17398138344287872"
"65700","0.12210929468274116","0.05900615081191063","0.17500485479831696"
"65800","0.12298079654574394","0.058905813843011856","0.1768389493227005"
"65900","0.12376274690032005","0.05878749117255211","0.1780279576778412"
"66000","0.12462912648916244","0.05861498415470123","0.18008442223072052"
"66100","0.12517847567796708","0.05851893872022629","0.18111906945705414"
"66200","0.12545160353183746","0.0586823895573616","0.17940275371074677"
"66300","0.12527163699269295","0.05883437767624855","0.1772838532924652"
"66400","0.12492652907967568","0.058979425579309464","0.17546477913856506"
"66500","0.12478680312633514","0.059150420129299164","0.17269591987133026"
"66600","0.12443488836288452","0.05922307074069977","0.16888870298862457"
"66700","0.12373077496886253","0.05926700308918953","0.16652266681194305"
"66800","0.12282628566026688","0.059259332716464996","0.16491705179214478"
"66900","0.12208837270736694","0.05920981615781784","0.16389690339565277"
"67000","0.12199454009532928","0.05909300595521927","0.16319283843040466"
"67100","0.12236383184790611","0.058914776891469955","0.16609321534633636"
"67200","0.12278318852186203","0.05817720293998718","0.17153261601924896"
"67300","0.12312527149915695","0.05762876570224762","0.17481054365634918"
"67400","0.12356517314910889","0.05727215111255646","0.17691710591316223"
"67500","0.12415624409914017","0.057064250111579895","0.1785534918308258"
"67600","0.12481471300125122","0.05691955238580704","0.18005003035068512"
"67700","0.12468966022133827","0.056831907480955124","0.17665256559848785"
"67800","0.12413139268755913","0.05671053007245064","0.17457063496112823"
"67900","0.12308019399642944","0.05660822242498398","0.1742660403251648"
"68000","0.1223437137901783","0.056566622108221054","0.17508767545223236"
"68100","0.12250710055232047","0.05654533579945564","0.17850853502750397"
"68200","0.12226558625698089","0.05640741437673569","0.18084867298603058"
"68300","0.12176172509789467","0.05624796822667122","0.18115411698818207"
"68400","0.12078673839569092","0.05613412708044052","0.18097420036792755"
"68500","0.12018028274178505","0.05617033317685127","0.18077807128429413"
"68600","0.12002951428294181","0.05616774037480354","0.17941808700561523"
"68700","0.12004835531115532","0.05616616830229759","0.17814670503139496"
"68800","0.12013877928256989","0.05616648495197296","0.1779552698135376"
"68900","0.11996528282761573","0.056160081177949905","0.17840637266635895"
"69000","0.11995628327131272","0.05610188841819763","0.18017980456352234"
"69100","0.11986668333411217","0.055982474237680435","0.18133124709129333"
"69200","0.12020173594355583","0.055789146572351456","0.18267834186553955"
"69300","0.12003354802727699","0.05560966208577156","0.18384979665279388"
"69400","0.11935495287179947","0.05549028515815735","0.18456169962882996"
"69500","0.11922433227300644","0.055404648184776306","0.18667201697826385"
"69600","0.1199803464114666","0.05531888082623482","0.1896357536315918"
"69700","0.12071195468306542","0.05526689812541008","0.19364909827709198"
"69800","0.12003861218690873","0.05516234040260315","0.19518576562404633"
"69900","0.11881596520543099","0.05504688248038292","0.1944006234407425"
"70000","0.11697186902165413","0.054872747510671616","0.19132977724075317"
"70100","0.11571726799011231","0.05462462455034256","0.18858328461647034"
"70200","0.11523541212081909","0.05440324544906616","0.18618769943714142"
"70300","0.11575938835740089","0.05424478277564049","0.1878117024898529"
"70400","0.11631706207990647","0.054140858352184296","0.1874719262123108"
"70500","0.11649452522397041","0.05401477590203285","0.18501941859722137"
"70600","0.11640194654464722","0.05400022119283676","0.18219347298145294"
"70700","0.11614740341901779","0.05399148166179657","0.17888447642326355"
"70800","0.11505547761917115","0.05402636528015137","0.17459362745285034"
"70900","0.1148541547358036","0.054088886827230453","0.17036573588848114"
"71000","0.11523942276835442","0.05411968007683754","0.16938333213329315"
"71100","0.11539619266986847","0.05417101830244064","0.1718224436044693"
"71200","0.1160305842757225","0.05401855707168579","0.1737470179796219"
"71300","0.11664090678095818","0.05387379601597786","0.1753259301185608"
"71400","0.11621346697211266","0.053804438561201096","0.17440290749073029"
"71500","0.1160549446940422","0.05373579263687134","0.17473004758358002"
"71600","0.11580273360013962","0.053681373596191406","0.17509467899799347"
"71700","0.11453011259436607","0.05364839360117912","0.17501473426818848"
"71800","0.11249822303652764","0.053791265934705734","0.17324857413768768"
"71900","0.11053623333573341","0.053881946951150894","0.17192083597183228"
"72000","0.10901406779885292","0.05394352599978447","0.17004835605621338"
"72100","0.10844312831759453","0.05385084077715874","0.16893815994262695"
"72200","0.10711607560515404","0.05374441668391228","0.1636171042919159"
"72300","0.10567190870642662","0.05362141504883766","0.15737977623939514"
"72400","0.10454199388623238","0.0534789003431797","0.15387600660324097"
"72500","0.10374052450060844","0.05338570848107338","0.1514669954776764"
"72600","0.10268730521202088","0.05337440222501755","0.14917761087417603"
"72700","0.10209460407495499","0.05336758494377136","0.14701597392559052"
"72800","0.10071806162595749","0.053429678082466125","0.14425761997699738"
"72900","0.09939012005925178","0.053479064255952835","0.1411152333021164"
"73000","0.09735885486006737","0.053550589829683304","0.13296189904212952"
"73100","0.09563345462083817","0.05383995175361633","0.12542559206485748"
"73200","0.09542291536927223","0.054144587367773056","0.12661463022232056"
"73300","0.0952396959066391","0.05447085201740265","0.1283825784921646"
"73400","0.09512463957071304","0.05484320968389511","0.12961609661579132"
"73500","0.0950860895216465","0.0551295168697834","0.13102243840694427"
"73600","0.09458440616726875","0.05532284453511238","0.12982429563999176"
"73700","0.09401627108454705","0.05543996021151543","0.12849977612495422"
"73800","0.09425331205129624","0.05563925951719284","0.12812906503677368"
"73900","0.09475276246666908","0.05579514428973198","0.1282760202884674"
"74000","0.09534975364804268","0.056052517145872116","0.1286190301179886"
"74100","0.0956188566982746","0.05640164390206337","0.1289934515953064"
"74200","0.09574484154582023","0.05699625238776207","0.12942515313625336"
"74300","0.0965186320245266","0.05727163329720497","0.13018356263637543"
"74400","0.0984929271042347","0.05740269646048546","0.13139285147190094"
"74500","0.09960682764649391","0.057453300803899765","0.13345588743686676"
"74600","0.10056008547544479","0.05749376118183136","0.13861021399497986"
"74700","0.10158900693058967","0.05751831457018852","0.14328180253505707"
"74800","0.10262774899601937","0.057578396052122116","0.14708620309829712"
"74900","0.10318190902471543","0.057596735656261444","0.1498890519142151"
"75000","0.10381010919809341","0.0576338917016983","0.1519920825958252"
"75100","0.10475633516907693","0.057910870760679245","0.1534445881843567"
"75200","0.10518507957458496","0.058364421129226685","0.1549994796514511"
"75300","0.10471622124314309","0.05863162502646446","0.15764214098453522"
"75400","0.1049012839794159","0.05910642445087433","0.16075387597084045"
"75500","0.10445831045508384","0.059675183147192","0.1620171219110489"
"75600","0.10403588861227035","0.06014084070920944","0.16258767247200012"
"75700","0.10406732484698296","0.06074724718928337","0.1633138805627823"
"75800","0.10392776504158974","0.061118777841329575","0.16392956674098969"
"75900","0.10496588349342346","0.06146605312824249","0.16695354878902435"
"76000","0.10696817934513092","0.06286649405956268","0.17003825306892395"
"76100","0.10900432020425796","0.06499361246824265","0.17439107596874237"
"76200","0.10957329422235489","0.0667056143283844","0.17512108385562897"
"76300","0.10889432579278946","0.06803829967975616","0.17064520716667175"
"76400","0.10806849151849747","0.06905447691679001","0.1649978905916214"
"76500","0.10817705988883972","0.0695764496922493","0.16148436069488525"
"76600","0.10909369140863419","0.07026273012161255","0.15909723937511444"
"76700","0.11014245599508285","0.07113950699567795","0.15582811832427979"
"76800","0.11062427908182144","0.07212645560503006","0.1521676480770111"
"76900","0.11167619079351425","0.0732354149222374","0.14847727119922638"
"77000","0.11278482228517532","0.07461625337600708","0.14674434065818787"
"77100","0.1127701833844185","0.07641769200563431","0.14184075593948364"
"77200","0.11215651631355286","0.07750235497951508","0.13697665929794312"
"77300","0.11080433875322342","0.0782218724489212","0.1328585296869278"
"77400","0.10945414453744888","0.07876323163509369","0.12980049848556519"
"77500","0.10871598571538925","0.07934985309839249","0.12752409279346466"
"77600","0.1085847184062004","0.07979286462068558","0.12646591663360596"
"77700","0.10822993516921997","0.08037194609642029","0.12829187512397766"
"77800","0.10867047756910324","0.08143923431634903","0.13185755908489227"
"77900","0.1090835064649582","0.0831792876124382","0.1330282837152481"
"78000","0.10891683548688888","0.08518436551094055","0.13320636749267578"
"78100","0.10881088823080062","0.08673945814371109","0.13411714136600494"
"78200","0.10890072733163833","0.08770538866519928","0.13411153852939606"
"78300","0.1086274117231369","0.08843685686588287","0.13220985233783722"
"78400","0.10865924507379532","0.08922293037176132","0.13013938069343567"
"78500","0.10929466336965561","0.09178829938173294","0.12932340800762177"
"78600","0.10965014845132828","0.09466367959976196","0.12714381515979767"
"78700","0.10832978039979935","0.09655757993459702","0.12462837249040604"
"78800","0.1065997377038002","0.0982830822467804","0.11850091814994812"
"78900","0.10493456274271011","0.09991481155157089","0.11280608177185059"
"79000","0.10415113866329193","0.10154006630182266","0.10914301872253418"
"79100","0.10331578850746155","0.10137127339839935","0.1050267145037651"
"79200","0.1038318246603012","0.09998927265405655","0.1086459681391716"
"79300","0.10510369688272476","0.09700590372085571","0.11157024651765823"
"79400","0.10599980354309083","0.09534572809934616","0.11167874932289124"
"79500","0.10688596814870835","0.09466087073087692","0.11387082934379578"
"79600","0.1082522839307785","0.09439661353826523","0.11692211776971817"
"79700","0.11004150956869126","0.09577175229787827","0.11939266324043274"
"79800","0.11048827320337296","0.09509238600730896","0.12434852868318558"
"79900","0.11156905442476273","0.09486770629882812","0.1290522813796997"
"80000","0.11188720315694808","0.09220477193593979","0.13185060024261475"
"80100","0.11271128207445144","0.0917162299156189","0.13314181566238403"
"80200","0.11386243253946304","0.09301480650901794","0.13501420617103577"
"80300","0.11394252181053162","0.0940953940153122","0.13622203469276428"
"80400","0.11428993791341782","0.09496021270751953","0.13584594428539276"
"80500","0.11517147421836853","0.09532247483730316","0.1365843266248703"
"80600","0.11515452265739441","0.09467020630836487","0.1378006637096405"
"80700","0.11598926931619644","0.09484884142875671","0.1431938111782074"
"80800","0.11672421395778657","0.0952015370130539","0.14760279655456543"
"80900","0.1162737861275673","0.09571602195501328","0.14745675027370453"
"81000","0.11573130935430527","0.09840183705091476","0.14344368875026703"
"81100","0.11640750467777253","0.10016480833292007","0.14061322808265686"
"81200","0.11739690005779266","0.09988716244697571","0.14023366570472717"
"81300","0.1179963305592537","0.09936920553445816","0.14114965498447418"
"81400","0.11940388977527619","0.09925279766321182","0.14428181946277618"
"81500","0.12136980593204498","0.09882459789514542","0.14832432568073273"
"81600","0.12384811788797379","0.10370387881994247","0.1521550863981247"
"81700","0.1250244200229645","0.10651730000972748","0.15453147888183594"
"81800","0.12410921156406403","0.10360060632228851","0.1531304568052292"
"81900","0.12312243431806565","0.10136314481496811","0.14714287221431732"
"82000","0.12157547622919082","0.10010284185409546","0.14137722551822662"
"82100","0.12011409550905228","0.09943847358226776","0.141827791929245"
"82200","0.11929309368133545","0.09858215600252151","0.14314371347427368"
"82300","0.11961266845464706","0.09881661832332611","0.14674925804138184"
"82400","0.12045037448406219","0.09891290962696075","0.15120987594127655"
"82500","0.1200331300497055","0.09893901646137238","0.15568077564239502"
"82600","0.11889082789421082","0.0987904742360115","0.15879438817501068"
"82700","0.11944478303194046","0.09989945590496063","0.16222375631332397"
"82800","0.1207279995083809","0.10175430029630661","0.16522029042243958"
"82900","0.12304559051990509","0.10427622497081757","0.16845059394836426"
"83000","0.12463417053222656","0.10554412007331848","0.1710265576839447"
"83100","0.12749823778867722","0.10543650388717651","0.1731492578983307"
"83200","0.12877985537052156","0.10528253018856049","0.17111308872699738"
"83300","0.1281852051615715","0.1040017232298851","0.1686408966779709"
"83400","0.12704167515039444","0.10269369184970856","0.16739121079444885"
"83500","0.12699675559997559","0.1031159907579422","0.16705261170864105"
"83600","0.12751337587833406","0.10052616894245148","0.1694127321243286"
"83700","0.12731776535511016","0.1004996970295906","0.17236113548278809"
"83800","0.12707350254058838","0.09618742763996124","0.17501652240753174"
"83900","0.12726250290870667","0.0928431823849678","0.17786471545696259"
"84000","0.12805395275354386","0.09145686030387878","0.1770627498626709"
"84100","0.12938891351222992","0.09012935310602188","0.1765635907649994"
"84200","0.1303059846162796","0.08934260904788971","0.17616817355155945"
"84300","0.1315307393670082","0.08938474953174591","0.17573660612106323"
"84400","0.132957723736763","0.08846009522676468","0.17928826808929443"
"84500","0.13381855934858322","0.08840146660804749","0.18183785676956177"
"84600","0.13483573645353317","0.08851595222949982","0.18356278538703918"
"84700","0.13643703907728194","0.08879197388887405","0.1843690574169159"
"84800","0.13649056553840638","0.08916179090738297","0.18160484731197357"
"84900","0.135452239215374","0.08960922807455063","0.1759060025215149"
"85000","0.1344671681523323","0.09079136699438095","0.1685447096824646"
"85100","0.13274552077054977","0.08888686448335648","0.16060122847557068"
"85200","0.13005282878875732","0.08647512644529343","0.15237601101398468"
"85300","0.12610363513231276","0.0847482979297638","0.14806923270225525"
"85400","0.12374560981988907","0.0851392075419426","0.14718788862228394"
"85500","0.12159802615642548","0.08307278156280518","0.14541035890579224"
"85600","0.1200315460562706","0.07942071557044983","0.14442035555839539"
"85700","0.11916513442993164","0.07746440917253494","0.14468911290168762"
"85800","0.1193508818745613","0.07718558609485626","0.14546409249305725"
"85900","0.11969737261533737","0.07811252772808075","0.14688140153884888"
"86000","0.1196639969944954","0.07922676205635071","0.14925576746463776"
"86100","0.11976181417703628","0.07972402125597","0.15355731546878815"
"86200","0.11997868567705154","0.07990731298923492","0.15756326913833618"
"86300","0.11974229365587234","0.07981035113334656","0.15907703340053558"
"86400","0.11981147229671478","0.07962801307439804","0.1609596461057663"
"86500","0.11942890882492066","0.07818210124969482","0.16297806799411774"
"86600","0.11930118501186371","0.07647143304347992","0.16524147987365723"
"86700","0.11845753937959672","0.07345455139875412","0.16562418639659882"
"86800","0.11719933450222016","0.07068932056427002","0.16468653082847595"
"86900","0.11695303618907929","0.06905798614025116","0.16137279570102692"
"87000","0.11707503199577332","0.06861808151006699","0.1587403416633606"
"87100","0.11732952296733856","0.0708676278591156","0.1580272912979126"
"87200","0.1175103098154068","0.0728335753083229","0.15693186223506927"
"87300","0.11792621165513992","0.0741814374923706","0.15508031845092773"
"87400","0.11793058961629868","0.07418739050626755","0.15231464803218842"
"87500","0.11718918830156326","0.0741010531783104","0.15015918016433716"
"87600","0.11643907576799392","0.07549041509628296","0.14839182794094086"
"87700","0.11617457568645477","0.07791566103696823","0.14748086035251617"
"87800","0.11694667935371399","0.07998669147491455","0.1492403894662857"
"87900","0.11852236241102218","0.07984542846679688","0.15274977684020996"
"88000","0.1190021127462387","0.07948373258113861","0.1539922058582306"
"88100","0.11887328773736953","0.07980673760175705","0.1543150544166565"
"88200","0.11897653192281724","0.08056595176458359","0.15400829911231995"
"88300","0.12026372700929641","0.081670843064785","0.15184783935546875"
"88400","0.12179025113582612","0.08184953778982162","0.1520720273256302"
"88500","0.1233528658747673","0.08329222351312637","0.152473583817482"
"88600","0.12506377846002578","0.08472513407468796","0.15449084341526031"
"88700","0.1266797035932541","0.08669263869524002","0.15634076297283173"
"88800","0.12741777598857879","0.08861451596021652","0.1569942831993103"
"88900","0.1265579044818878","0.08756300061941147","0.15828481316566467"
"89000","0.12407744079828262","0.08443491160869598","0.15909481048583984"
"89100","0.12317175716161728","0.08156737685203552","0.16352131962776184"
"89200","0.1235872283577919","0.07985257357358932","0.17005285620689392"
"89300","0.12291641235351562","0.07869193702936172","0.16967733204364777"
"89400","0.12298562079668045","0.07692483067512512","0.17148731648921967"
"89500","0.12248682379722595","0.07336542755365372","0.170868918299675"
"89600","0.12186581045389175","0.07026326656341553","0.16928377747535706"
"89700","0.12013407200574874","0.06820283830165863","0.16657239198684692"
"89800","0.11851578950881958","0.06858771294355392","0.1616591513156891"
"89900","0.11810721307992936","0.06958788633346558","0.15815579891204834"
"90000","0.11792287826538086","0.07373370975255966","0.15371045470237732"
"90100","0.11695799231529236","0.07556620240211487","0.15012940764427185"
"90200","0.11616066843271255","0.0760386660695076","0.14886684715747833"
"90300","0.11629708856344223","0.07516776025295258","0.1474379152059555"
"90400","0.11710408478975295","0.07375682145357132","0.146719291806221"
"90500","0.11620716154575347","0.07177477329969406","0.14709141850471497"
"90600","0.11486306190490722","0.06973037868738174","0.1463174670934677"
"90700","0.11430729329586028","0.06986057758331299","0.14482155442237854"
"90800","0.11394131332635879","0.07193080335855484","0.1423380970954895"
"90900","0.1135220244526863","0.07399219274520874","0.13762375712394714"
"91000","0.11277957409620284","0.0757007822394371","0.1368928849697113"
"91100","0.11321284770965576","0.07806868851184845","0.13669447600841522"
"91200","0.11372078806161881","0.07979282736778259","0.1392844319343567"
"91300","0.1138879656791687","0.08097681403160095","0.14195916056632996"
"91400","0.11367022693157196","0.08193361014127731","0.1439625322818756"
"91500","0.11372334063053131","0.0823805034160614","0.14539837837219238"
"91600","0.11513254940509796","0.08352772146463394","0.14677073061466217"
"91700","0.11634815782308579","0.08552439510822296","0.14641989767551422"
"91800","0.11808452159166336","0.08824707567691803","0.1463332325220108"
"91900","0.11999679505825042","0.09185180068016052","0.14622513949871063"
"92000","0.12076640725135804","0.09288826584815979","0.1454641968011856"
"92100","0.12106440961360931","0.0933779776096344","0.14394153654575348"
"92200","0.1204347237944603","0.09367242455482483","0.1418910175561905"
"92300","0.11841239929199218","0.09310305118560791","0.13999712467193604"
"92400","0.11681692451238632","0.09091369807720184","0.1403837352991104"
"92500","0.1159837156534195","0.08927030116319656","0.1402767449617386"
"92600","0.11453837454319","0.08811552077531815","0.13840696215629578"
"92700","0.11377427577972413","0.0896049216389656","0.13690856099128723"
"92800","0.11430888772010803","0.09383264183998108","0.13706347346305847"
"92900","0.11495450139045715","0.09685362875461578","0.13945788145065308"
"93000","0.1151842325925827","0.0991874486207962","0.13966192305088043"
"93100","0.11523809134960175","0.09885572642087936","0.1387554556131363"
"93200","0.11487983912229538","0.09645884484052658","0.13283689320087433"
"93300","0.11558112353086472","0.09707138687372208","0.12730133533477783"
"93400","0.11596240401268006","0.09708797186613083","0.1269296407699585"
"93500","0.11625783890485764","0.09778715670108795","0.1298038214445114"
"93600","0.1158289596438408","0.0954979658126831","0.13253244757652283"
"93700","0.11454546898603439","0.0907973125576973","0.1339186429977417"
"93800","0.11453156322240829","0.08719296008348465","0.134825199842453"
"93900","0.11452867835760117","0.08483268320560455","0.13615238666534424"
"94000","0.113969986140728","0.0844183936715126","0.13559702038764954"
"94100","0.11387945264577866","0.08492138236761093","0.1339329183101654"
"94200","0.11435219198465348","0.08673668652772903","0.13211674988269806"
"94300","0.11590735614299774","0.08869100362062454","0.13154885172843933"
"94400","0.11682819575071335","0.08951784670352936","0.13061292469501495"
"94500","0.11770863234996795","0.08762189000844955","0.13195903599262238"
"94600","0.11850083321332931","0.08539554476737976","0.13437654078006744"
"94700","0.11933950781822204","0.08357773721218109","0.13843896985054016"
"94800","0.12044755518436431","0.08371921628713608","0.14517931640148163"
"94900","0.12078712731599808","0.08431405574083328","0.14907585084438324"
"95000","0.12011878341436386","0.08542071282863617","0.15071651339530945"
"95100","0.11931638121604919","0.08690326660871506","0.14902174472808838"
"95200","0.1181567594408989","0.08655836433172226","0.14258550107479095"
"95300","0.11759015023708344","0.08622812479734421","0.13863709568977356"
"95400","0.11687825471162797","0.08739744871854782","0.13517558574676514"
"95500","0.11752713620662689","0.08910536766052246","0.1374804526567459"
"95600","0.11704174429178238","0.08916975557804108","0.13809949159622192"
"95700","0.11597831547260284","0.08860450237989426","0.13360604643821716"
"95800","0.11363566070795059","0.0873805359005928","0.1299099624156952"
"95900","0.11166436672210693","0.08585096895694733","0.12863723933696747"
"96000","0.10992453992366791","0.08280900865793228","0.12775035202503204"
"96100","0.10683477967977524","0.07950610667467117","0.12441830337047577"
"96200","0.10313330292701721","0.07721409946680069","0.11837729066610336"
"96300","0.09952850192785263","0.07659370452165604","0.11305394768714905"
"96400","0.09817867279052735","0.07549205422401428","0.11470802873373032"
"96500","0.09885411709547043","0.07502720504999161","0.11955568939447403"
"96600","0.09890528470277786","0.07493938505649567","0.11871819943189621"
"96700","0.09831697940826416","0.07809756696224213","0.11406189203262329"
"96800","0.09788331687450409","0.07877679914236069","0.11325880885124207"
"96900","0.09864602535963059","0.07775384932756424","0.11473491787910461"
"97000","0.09864223748445511","0.0770856961607933","0.11600009351968765"
"97100","0.0996318593621254","0.07732458412647247","0.11937685310840607"
"97200","0.10029591023921966","0.07704412937164307","0.1213606521487236"
"97300","0.09958872199058533","0.07522508502006531","0.11923681199550629"
"97400","0.09793242067098618","0.07210949063301086","0.11538123339414597"
"97500","0.0971931517124176","0.06936370581388474","0.1165156364440918"
"97600","0.09835214018821717","0.07097739726305008","0.11756207048892975"
"97700","0.10085411518812179","0.07507560402154922","0.12380126863718033"
"97800","0.10420406609773636","0.08026336878538132","0.12859266996383667"
"97900","0.10838608592748641","0.08256857842206955","0.1369915008544922"
"98000","0.11187511086463928","0.08442597091197968","0.14955148100852966"
"98100","0.11358794271945953","0.0849781334400177","0.1589866578578949"
"98200","0.11416254043579102","0.08508822321891785","0.16519607603549957"
"98300","0.11472984403371811","0.08520915359258652","0.17021165788173676"
"98400","0.1135984092950821","0.08440425992012024","0.1710500568151474"
"98500","0.11147674471139908","0.08140846341848373","0.1707129329442978"
"98600","0.11034727096557617","0.07891559600830078","0.16916659474372864"
"98700","0.11032526791095734","0.07857326418161392","0.16767561435699463"
"98800","0.11045178323984146","0.0794740542769432","0.16600161790847778"
"98900","0.11003574728965759","0.0801476538181305","0.16428345441818237"
"99000","0.10959350913763047","0.08090364187955856","0.162201389670372"
"99100","0.10908886343240738","0.0812123492360115","0.15941591560840607"
"99200","0.10767798870801926","0.08098936825990677","0.15675204992294312"
"99300","0.10688604116439819","0.08093558996915817","0.15641382336616516"
"99400","0.10587462633848191","0.08029971271753311","0.15713073313236237"
"99500","0.10403424948453903","0.07537426799535751","0.15630419552326202"
"99600","0.1017237588763237","0.07193948328495026","0.151682510972023"
"99700","0.09631372392177581","0.0681200623512268","0.1439812183380127"
"99800","0.0920148491859436","0.06475144624710083","0.13710659742355347"
"99900","0.0885806605219841","0.064980648458004","0.12832723557949066"
"100000","0.08618449419736862","0.06421751528978348","0.12018771469593048"