"Step","env: QLUNARLANDER - lambdas/component_3","env: QLUNARLANDER - lambdas/component_3__MIN","env: QLUNARLANDER - lambdas/component_3__MAX"
"5100","0.5538271218538284","0.493240088224411","0.6144141554832458"
"5200","0.5537510067224503","0.4932175576686859","0.6142844557762146"
"5300","0.5536517649888992","0.4932079017162323","0.6140956282615662"
"5400","0.5535651594400406","0.4932022988796234","0.6139280200004578"
"5500","0.5534841418266296","0.4931976795196533","0.613770604133606"
"5600","0.5534380674362183","0.49319392442703247","0.613682210445404"
"5700","0.5534152388572693","0.49317294359207153","0.613657534122467"
"5800","0.5534070283174515","0.4931275546550751","0.6136865019798279"
"5900","0.5534053593873978","0.4930829703807831","0.6137277483940125"
"6000","0.5534128397703171","0.493041068315506","0.6137846112251282"
"6100","0.5534359812736511","0.49301886558532715","0.6138530969619751"
"6200","0.5534861534833908","0.49298521876335144","0.6139870882034302"
"6300","0.5535287261009216","0.49293023347854614","0.6141272187232971"
"6400","0.5535785257816315","0.4928738474845886","0.6142832040786743"
"6500","0.5536177307367325","0.4928160011768341","0.6144194602966309"
"6600","0.5536387264728546","0.4927579164505005","0.6145195364952087"
"6700","0.5536709725856781","0.4926983118057251","0.6146436333656311"
"6800","0.5537197589874268","0.4926380515098572","0.6148014664649963"
"6900","0.5537921041250229","0.49257704615592957","0.6150071620941162"
"7000","0.5538685321807861","0.4925122857093811","0.6152247786521912"
"7100","0.5539568811655045","0.49244752526283264","0.6154662370681763"
"7200","0.554041400551796","0.4923810660839081","0.6157017350196838"
"7300","0.5541205555200577","0.4922850430011749","0.6159560680389404"
"7400","0.5541771203279495","0.49214473366737366","0.6162095069885254"
"7500","0.554199680685997","0.49192753434181213","0.6164718270301819"
"7600","0.5542168021202087","0.49166297912597656","0.6167706251144409"
"7700","0.5542236715555191","0.49135783314704895","0.6170895099639893"
"7800","0.554218590259552","0.49103426933288574","0.6174029111862183"
"7900","0.5542069226503372","0.4907013475894928","0.6177124977111816"
"8000","0.5541595071554184","0.4903179109096527","0.6180011034011841"
"8100","0.5541056841611862","0.4899309575557709","0.6182804107666016"
"8200","0.5540585666894913","0.489545613527298","0.6185715198516846"
"8300","0.5539781004190445","0.48913344740867615","0.6188227534294128"
"8400","0.5538628399372101","0.48866158723831177","0.6190640926361084"
"8500","0.5537064969539642","0.4881141781806946","0.6192988157272339"
"8600","0.553527906537056","0.4875226318836212","0.6195331811904907"
"8700","0.5533337146043777","0.48689374327659607","0.6197736859321594"
"8800","0.5531325340270996","0.4862499237060547","0.6200151443481445"
"8900","0.5529292672872543","0.4855997860431671","0.6202587485313416"
"9000","0.5527023375034332","0.48490244150161743","0.620502233505249"
"9100","0.552483394742012","0.48420456051826477","0.6207622289657593"
"9200","0.5522801429033279","0.4835108816623688","0.6210494041442871"
"9300","0.5520480275154114","0.4827922582626343","0.6213037967681885"
"9400","0.5517803430557251","0.4820176362991333","0.6215430498123169"
"9500","0.551472544670105","0.4811714291572571","0.6217736601829529"
"9600","0.551132082939148","0.4802827835083008","0.6219813823699951"
"9700","0.5507684350013733","0.4793601632118225","0.6221767067909241"
"9800","0.5503982752561569","0.47842445969581604","0.6223720908164978"
"9900","0.5500191301107407","0.47748449444770813","0.6225537657737732"
"10000","0.549614205956459","0.4765012562274933","0.6227271556854248"
"10100","0.5492030531167984","0.47551998496055603","0.6228861212730408"
"10200","0.5487763583660126","0.4745456576347351","0.62300705909729"
"10300","0.5483571141958237","0.4735506474971771","0.6231635808944702"
"10400","0.5479210615158081","0.4725037217140198","0.6233384013175964"
"10500","0.547484889626503","0.4714614450931549","0.6235083341598511"
"10600","0.5476263016462326","0.4715544283390045","0.6236981749534607"
"10700","0.5482344627380371","0.4725838303565979","0.6238850951194763"
"10800","0.5486344546079636","0.47322890162467957","0.6240400075912476"
"10900","0.5489340424537659","0.4737064242362976","0.6241616606712341"
"11000","0.5492157936096191","0.47415292263031006","0.6242786645889282"
"11100","0.5494725704193115","0.47458386421203613","0.6243612766265869"
"11200","0.5497028976678848","0.4750007092952728","0.6244050860404968"
"11300","0.54961858689785","0.4754013121128082","0.6238358616828918"
"11400","0.5494732707738876","0.4757731258869171","0.6231734156608582"
"11500","0.5493172258138657","0.4761211574077606","0.6225132942199707"
"11600","0.5491537302732468","0.4764327108860016","0.6218747496604919"
"11700","0.5489847660064697","0.4767172932624817","0.6212522387504578"
"11800","0.5488156229257584","0.47699132561683655","0.6206399202346802"
"11900","0.548645094037056","0.47724512219429016","0.6200450658798218"
"12000","0.5484619289636612","0.4774729311466217","0.6194509267807007"
"12100","0.5482796430587769","0.4776913523674011","0.6188679337501526"
"12200","0.54810731112957","0.4779323637485504","0.6182822585105896"
"12300","0.5479696691036224","0.4782368540763855","0.6177024841308594"
"12400","0.5478514581918716","0.4785979688167572","0.6171049475669861"
"12500","0.5477747917175293","0.4790874719619751","0.6164621114730835"
"12600","0.5476862192153931","0.479580819606781","0.6157916188240051"
"12700","0.5475666970014572","0.4800640046596527","0.6150693893432617"
"12800","0.547410398721695","0.4805372357368469","0.614283561706543"
"12900","0.547257587313652","0.4810074269771576","0.6135077476501465"
"13000","0.5470466762781143","0.4815480411052704","0.6125453114509583"
"13100","0.5468382090330124","0.482151061296463","0.6115253567695618"
"13200","0.5466513633728027","0.4827496409416199","0.6105530858039856"
"13300","0.5464587211608887","0.4833417534828186","0.6095756888389587"
"13400","0.5462773442268372","0.48393261432647705","0.6086220741271973"
"13500","0.5461139976978302","0.4845314621925354","0.607696533203125"
"13600","0.5459501147270203","0.4851294159889221","0.6067708134651184"
"13700","0.5457645207643509","0.4857359230518341","0.6057931184768677"
"13800","0.5456081479787827","0.48633232712745667","0.6048839688301086"
"13900","0.5454626083374023","0.4869193434715271","0.6040058732032776"
"14000","0.5453171730041504","0.48749423027038574","0.603140115737915"
"14100","0.5451961159706116","0.48806482553482056","0.6023274064064026"
"14200","0.5451038181781769","0.4886290431022644","0.6015785932540894"
"14300","0.545025423169136","0.48915764689445496","0.6008931994438171"
"14400","0.5449460744857788","0.4896392822265625","0.6002528667449951"
"14500","0.5448852479457855","0.49010008573532104","0.59967041015625"
"14600","0.5447889268398285","0.49053817987442017","0.5990396738052368"
"14700","0.5446920394897461","0.49096816778182983","0.5984159111976624"
"14800","0.5445468723773956","0.4913904666900635","0.5977032780647278"
"14900","0.5443527698516846","0.49179452657699585","0.5969110131263733"
"15000","0.5441579967737198","0.49218347668647766","0.5961325168609619"
"15100","0.5439333319664001","0.4925609230995178","0.5953057408332825"
"15200","0.543672189116478","0.4929299056529999","0.594414472579956"
"15300","0.5433978140354156","0.4932812452316284","0.5935143828392029"
"15400","0.5431161820888519","0.49361181259155273","0.5926205515861511"
"15500","0.5428406447172165","0.4939222037792206","0.5917590856552124"
"15600","0.5425742268562317","0.4942111372947693","0.5909373164176941"
"15700","0.5423198491334915","0.4944930970668793","0.5901466012001038"
"15800","0.5421027541160583","0.49476832151412964","0.5894371867179871"
"15900","0.5419027507305145","0.4950394630432129","0.5887660384178162"
"16000","0.5416892170906067","0.4952657222747803","0.5881127119064331"
"16100","0.541443258523941","0.4954565167427063","0.5874300003051758"
"16200","0.5411801934242249","0.49561607837677","0.5867443084716797"
"16300","0.5408826172351837","0.4957541227340698","0.5860111117362976"
"16400","0.5405348688364029","0.4958530366420746","0.5852167010307312"
"16500","0.5401832759380341","0.4959341883659363","0.5844323635101318"
"16600","0.5397654622793198","0.49599912762641907","0.5835317969322205"
"16700","0.5393381118774414","0.49605846405029297","0.5826177597045898"
"16800","0.5388844311237335","0.4961124062538147","0.5816564559936523"
"16900","0.5384235233068466","0.4961618483066559","0.5806851983070374"
"17000","0.5379327535629272","0.4961581826210022","0.5797073245048523"
"17100","0.5374084413051605","0.49611061811447144","0.5787062644958496"
"17200","0.5368578881025314","0.49604693055152893","0.5776688456535339"
"17300","0.5362324267625809","0.49592605233192444","0.5765388011932373"
"17400","0.5355805158615112","0.49577778577804565","0.5753832459449768"
"17500","0.5349122136831284","0.4956131875514984","0.5742112398147583"
"17600","0.5342274159193039","0.49541065096855164","0.5730441808700562"
"17700","0.5335835963487625","0.49520400166511536","0.5719631910324097"
"17800","0.5329667627811432","0.4949933886528015","0.5709401369094849"
"17900","0.5323130488395691","0.4947502017021179","0.5698758959770203"
"18000","0.5316154807806015","0.49437305331230164","0.5688579082489014"
"18100","0.5308899730443954","0.49394872784614563","0.5678312182426453"
"18200","0.5301530957221985","0.49350547790527344","0.5668007135391235"
"18300","0.5293895155191422","0.4930013120174408","0.5657777190208435"
"18400","0.5285537838935852","0.49241912364959717","0.5646884441375732"
"18500","0.5276997685432434","0.4918193817138672","0.5635801553726196"
"18600","0.5268364399671555","0.49118807911872864","0.5624848008155823"
"18700","0.5259584188461304","0.4905548095703125","0.5613620281219482"
"18800","0.5250709056854248","0.48991960287094116","0.5602222084999084"
"18900","0.5241667628288269","0.48927807807922363","0.5590554475784302"
"19000","0.5232252925634384","0.48855552077293396","0.5578950643539429"
"19100","0.5222807079553604","0.4878242313861847","0.5567371845245361"
"19200","0.5212550610303879","0.4870893061161041","0.5554208159446716"
"19300","0.5202121734619141","0.48634833097457886","0.5540760159492493"
"19400","0.5191475600004196","0.4855979382991791","0.5526971817016602"
"19500","0.5180517137050629","0.4848143458366394","0.5512890815734863"
"19600","0.5169055014848709","0.48401758074760437","0.5497934222221375"
"19700","0.515732005238533","0.48322054743766785","0.5482434630393982"
"19800","0.5145171731710434","0.4824233949184418","0.546610951423645"
"19900","0.5132892727851868","0.481631875038147","0.5449466705322266"
"20000","0.5120435357093811","0.48085349798202515","0.5432335734367371"
"20100","0.5108004212379456","0.48007190227508545","0.5415289402008057"
"20200","0.5095359534025192","0.4792903959751129","0.5397815108299255"
"20300","0.5082636624574661","0.4785099923610687","0.5380173325538635"
"20400","0.5069950371980667","0.4777946174144745","0.5361954569816589"
"20500","0.5057541877031326","0.47713902592658997","0.5343693494796753"
"20600","0.5045139491558075","0.47647905349731445","0.5325488448143005"
"20700","0.5032683610916138","0.4758201837539673","0.5307165384292603"
"20800","0.5020049661397934","0.4751616418361664","0.5288482904434204"
"20900","0.5007387101650238","0.47450417280197144","0.5269732475280762"
"21000","0.4994627833366394","0.4738273024559021","0.5250982642173767"
"21100","0.4981667697429657","0.4731401801109314","0.523193359375"
"21200","0.49687914550304413","0.4724535048007965","0.5213047862052917"
"21300","0.49562107026576996","0.47176674008369446","0.5194754004478455"
"21400","0.49437201023101807","0.47107797861099243","0.5176660418510437"
"21500","0.4931333661079407","0.4703865647315979","0.5158801674842834"
"21600","0.49190951883792877","0.4696783125400543","0.5141407251358032"
"21700","0.4906821846961975","0.46897047758102417","0.5123938918113708"
"21800","0.48938068747520447","0.4682563543319702","0.5105050206184387"
"21900","0.48807355761528015","0.46754324436187744","0.5086038708686829"
"22000","0.4867947995662689","0.4668245315551758","0.5067650675773621"
"22100","0.4855104386806488","0.46609389781951904","0.5049269795417786"
"22200","0.4842255711555481","0.4653587341308594","0.5030924081802368"
"22300","0.48293623328208923","0.46462512016296387","0.5012473464012146"
"22400","0.48165208101272583","0.4638937711715698","0.49941039085388184"
"22500","0.4803119897842407","0.4631630480289459","0.4974609315395355"
"22600","0.47892381250858307","0.46245330572128296","0.4953943192958832"
"22700","0.47753046452999115","0.4617558717727661","0.4933050572872162"
"22800","0.47609399259090424","0.4611171782016754","0.49107080698013306"
"22900","0.4746622145175934","0.4604596197605133","0.48886480927467346"
"23000","0.47321969270706177","0.4597630798816681","0.48667630553245544"
"23100","0.47177112102508545","0.4590347409248352","0.4845075011253357"
"23200","0.4703465551137924","0.4583221971988678","0.48237091302871704"
"23300","0.4689231514930725","0.45761770009994507","0.48022860288619995"
"23400","0.46748389303684235","0.45690882205963135","0.47805896401405334"
"23500","0.46604347229003906","0.45620232820510864","0.4758846163749695"
"23600","0.4646124541759491","0.45549678802490234","0.47372812032699585"
"23700","0.46319814026355743","0.45479199290275574","0.47160428762435913"
"23800","0.4618310034275055","0.45410987734794617","0.4695521295070648"
"23900","0.4604625701904297","0.45343080163002014","0.46749433875083923"
"24000","0.45908837020397186","0.45274195075035095","0.4654347896575928"
"24100","0.4577222168445587","0.4520404636859894","0.46340397000312805"
"24200","0.45636872947216034","0.45134133100509644","0.46139612793922424"
"24300","0.45501796901226044","0.4506513476371765","0.45938459038734436"
"24400","0.4536791294813156","0.44996118545532227","0.45739707350730896"
"24500","0.4523729383945465","0.4492643475532532","0.45548152923583984"
"24600","0.45105937123298645","0.4485538899898529","0.45356485247612"
"24700","0.4497724622488022","0.4478469491004944","0.45169797539711"
"24800","0.4485105872154236","0.4471471905708313","0.44987398386001587"
"24900","0.4472525268793106","0.4464505612850189","0.4480544924736023"
"25000","0.44602662324905396","0.44578251242637634","0.44627073407173157"
"25100","0.4448167085647583","0.4445091784000397","0.44512423872947693"
"25200","0.44361384212970734","0.442758172750473","0.44446951150894165"
"25300","0.4424198120832443","0.4410187005996704","0.44382092356681824"
"25400","0.4412444680929184","0.4393141567707062","0.4431747794151306"
"25500","0.4401102513074875","0.43770334124565125","0.44251716136932373"
"25600","0.4389861673116684","0.4361131191253662","0.4418592154979706"
"25700","0.43793056905269623","0.43454214930534363","0.44131898880004883"
"25800","0.4369104504585266","0.43297454714775085","0.44084635376930237"
"25900","0.4358701854944229","0.4313855469226837","0.4403548240661621"
"26000","0.4348211884498596","0.4297778606414795","0.43986451625823975"
"26100","0.43376868963241577","0.42816728353500366","0.4393700957298279"
"26200","0.4326750785112381","0.426477313041687","0.4388728439807892"
"26300","0.4315837323665619","0.4247439503669739","0.4384235143661499"
"26400","0.4305427521467209","0.4230925142765045","0.43799299001693726"
"26500","0.4295085668563843","0.4214511811733246","0.43756595253944397"
"26600","0.428493931889534","0.41982582211494446","0.43716204166412354"
"26700","0.4274769723415375","0.41820475459098816","0.4367491900920868"
"26800","0.426462784409523","0.4165942668914795","0.43633130192756653"
"26900","0.42540937662124634","0.41490253806114197","0.4359162151813507"
"27000","0.42436583340168","0.4132187068462372","0.4355129599571228"
"27100","0.4233331084251404","0.41154614090919495","0.4351200759410858"
"27200","0.4223127216100693","0.4098834991455078","0.43474194407463074"
"27300","0.4212949275970459","0.40822288393974304","0.43436697125434875"
"27400","0.42034417390823364","0.4066930413246155","0.4339953064918518"
"27500","0.4194234311580658","0.4052019417285919","0.4336449205875397"
"27600","0.4184793531894684","0.4036850929260254","0.4332736134529114"
"27700","0.4175368398427963","0.40217462182044983","0.4328990578651428"
"27800","0.41661877930164337","0.400661438703537","0.43257611989974976"
"27900","0.41570766270160675","0.39916256070137024","0.43225276470184326"
"28000","0.41480518877506256","0.3976794481277466","0.43193092942237854"
"28100","0.4139111638069153","0.39618849754333496","0.4316338300704956"
"28200","0.4130160063505173","0.39466962218284607","0.4313623905181885"
"28300","0.41207341849803925","0.3931037485599518","0.4310430884361267"
"28400","0.4111289530992508","0.3915526866912842","0.4307052195072174"
"28500","0.41019926965236664","0.39000824093818665","0.43039029836654663"
"28600","0.4092572331428528","0.38846510648727417","0.4300493597984314"
"28700","0.4083397090435028","0.3869270980358124","0.42975232005119324"
"28800","0.40744996070861816","0.38538485765457153","0.4295150637626648"
"28900","0.40656913816928864","0.3838725686073303","0.42926570773124695"
"29000","0.4057101309299469","0.3823685944080353","0.4290516674518585"
"29100","0.40483804047107697","0.3808150589466095","0.42886102199554443"
"29200","0.403973326086998","0.37924376130104065","0.4287028908729553"
"29300","0.4031015485525131","0.3776560425758362","0.42854705452919006"
"29400","0.402223601937294","0.3760429322719574","0.4284042716026306"
"29500","0.4013897478580475","0.3744353652000427","0.42834413051605225"
"29600","0.4005340486764908","0.372796893119812","0.42827120423316956"
"29700","0.399665504693985","0.37109366059303284","0.42823734879493713"
"29800","0.3988291174173355","0.3694252669811249","0.42823296785354614"
"29900","0.39802929759025574","0.36784180998802185","0.4282167851924896"
"30000","0.39719925820827484","0.3662566840648651","0.42814183235168457"
"30100","0.3963348865509033","0.3646351993083954","0.42803457379341125"
"30200","0.39548906683921814","0.36303576827049255","0.4279423654079437"
"30300","0.3946388214826584","0.36141276359558105","0.4278648793697357"
"30400","0.3937922716140747","0.35976630449295044","0.427818238735199"
"30500","0.3929450660943985","0.3581368625164032","0.4277532696723938"
"30600","0.3920503109693527","0.35651034116744995","0.4275902807712555"
"30700","0.3911716639995575","0.35484975576400757","0.4274935722351074"
"30800","0.3903033435344696","0.3532036244869232","0.427403062582016"
"30900","0.3894256055355072","0.35156533122062683","0.4272858798503876"
"31000","0.388546958565712","0.3499307334423065","0.42716318368911743"
"31100","0.38767072558403015","0.3483068346977234","0.4270346164703369"
"31200","0.38677485287189484","0.34666329622268677","0.4268864095211029"
"31300","0.3857969492673874","0.3448852300643921","0.4267086684703827"
"31400","0.3848108798265457","0.3430776298046112","0.4265441298484802"
"31500","0.38388802111148834","0.3413522243499756","0.4264238178730011"
"31600","0.3829960376024246","0.3396308124065399","0.4263612627983093"
"31700","0.38214191794395447","0.33791983127593994","0.426364004611969"
"31800","0.38133037090301514","0.33630985021591187","0.4263508915901184"
"31900","0.3805209696292877","0.334712952375412","0.42632898688316345"
"32000","0.3797229528427124","0.3331281840801239","0.4263177216053009"
"32100","0.37891389429569244","0.33154726028442383","0.42628052830696106"
"32200","0.37810949981212616","0.32997560501098633","0.426243394613266"
"32300","0.37730950117111206","0.3284120559692383","0.42620694637298584"
"32400","0.37651726603507996","0.3268652558326721","0.4261692762374878"
"32500","0.37572699785232544","0.32534411549568176","0.4261098802089691"
"32600","0.3749040961265564","0.3238251507282257","0.4259830415248871"
"32700","0.3740466386079788","0.322273313999176","0.4258199632167816"
"32800","0.3731425851583481","0.32067033648490906","0.4256148338317871"
"32900","0.3722337335348129","0.31908005475997925","0.4253874123096466"
"33000","0.3713054656982422","0.3174228072166443","0.4251881241798401"
"33100","0.37037867307662964","0.31575554609298706","0.4250018000602722"
"33200","0.36945705115795135","0.31409674882888794","0.42481735348701477"
"33300","0.3685087114572525","0.3124407231807709","0.42457669973373413"
"33400","0.3675331026315689","0.3107888400554657","0.4242773652076721"
"33500","0.36652687191963196","0.3090918958187103","0.4239618480205536"
"33600","0.3655114471912384","0.3074426054954529","0.4235802888870239"
"33700","0.364460751414299","0.30579766631126404","0.423123836517334"
"33800","0.36338141560554504","0.3041280210018158","0.4226348102092743"
"33900","0.3622604012489319","0.30240169167518616","0.4221191108226776"
"34000","0.3611402064561844","0.30071061849594116","0.4215697944164276"
"34100","0.3600221574306488","0.2990361452102661","0.4210081696510315"
"34200","0.3588935434818268","0.29736700654029846","0.4204200804233551"
"34300","0.357769712805748","0.29570454359054565","0.4198348820209503"
"34400","0.3566170334815979","0.29405084252357483","0.41918322443962097"
"34500","0.35542529821395874","0.29238924384117126","0.4184613525867462"
"34600","0.35423703491687775","0.2907041609287262","0.4177699089050293"
"34700","0.35301221907138824","0.28900277614593506","0.41702166199684143"
"34800","0.3517960011959076","0.2873084843158722","0.416283518075943"
"34900","0.3505905717611313","0.28562042117118835","0.4155607223510742"
"35000","0.34938985109329224","0.2840036153793335","0.414776086807251"
"35100","0.3482102006673813","0.2824440002441406","0.41397640109062195"
"35200","0.34705671668052673","0.2809002101421356","0.41321322321891785"
"35300","0.34590649604797363","0.2793633043766022","0.4124496877193451"
"35400","0.34474796056747437","0.2778291702270508","0.41166675090789795"
"35500","0.34351950883865356","0.27629032731056213","0.410748690366745"
"35600","0.3422723114490509","0.2747584879398346","0.4097861349582672"
"35700","0.3410002589225769","0.2731704115867615","0.40883010625839233"
"35800","0.3396783471107483","0.2714763879776001","0.4078803062438965"
"35900","0.33836066722869873","0.26980358362197876","0.4069177508354187"
"36000","0.33705295622348785","0.26814043521881104","0.4059654772281647"
"36100","0.3356844037771225","0.26648613810539246","0.40488266944885254"
"36200","0.33428700268268585","0.264841765165329","0.4037322402000427"
"36300","0.3328913599252701","0.2632094621658325","0.40257325768470764"
"36400","0.3314589262008667","0.2615869641304016","0.4013308882713318"
"36500","0.3299870193004608","0.2599397897720337","0.40003424882888794"
"36600","0.3284989148378372","0.2582913041114807","0.3987065255641937"
"36700","0.3270058333873749","0.25665968656539917","0.3973519802093506"
"36800","0.3255167454481125","0.25503790378570557","0.3959955871105194"
"36900","0.3240533471107483","0.25342851877212524","0.39467817544937134"
"37000","0.3226219564676285","0.2518385648727417","0.39340534806251526"
"37100","0.3211834728717804","0.2502703368663788","0.392096608877182"
"37200","0.3197457939386368","0.24872148036956787","0.3907701075077057"
"37300","0.31836749613285065","0.2472442388534546","0.3894907534122467"
"37400","0.3170531243085861","0.24584421515464783","0.3882620334625244"
"37500","0.3157152161002159","0.24440138041973114","0.3870290517807007"
"37600","0.31436631083488464","0.24291852116584778","0.3858141005039215"
"37700","0.3130404129624367","0.24144954979419708","0.38463127613067627"
"37800","0.31173907965421677","0.23997975885868073","0.3834984004497528"
"37900","0.3104240670800209","0.23848585784435272","0.3823622763156891"
"38000","0.30915092676877975","0.23701952397823334","0.38128232955932617"
"38100","0.30789927393198013","0.23558409512043","0.3802144527435303"
"38200","0.3066564202308655","0.23416763544082642","0.37914520502090454"
"38300","0.3054044619202614","0.23276518285274506","0.3780437409877777"
"38400","0.30413423478603363","0.23138779401779175","0.3768806755542755"
"38500","0.3029749318957329","0.2300386279821396","0.37591123580932617"
"38600","0.3018464222550392","0.2286020964384079","0.37509074807167053"
"38700","0.3006972000002861","0.22715167701244354","0.37424272298812866"
"38800","0.2995549216866493","0.22571788728237152","0.3733919560909271"
"38900","0.29844190925359726","0.224324569106102","0.37255924940109253"
"39000","0.29734110087156296","0.2229510396718979","0.371731162071228"
"39100","0.2962421029806137","0.22158879041671753","0.3708954155445099"
"39200","0.29515305906534195","0.2202318161725998","0.3700743019580841"
"39300","0.29407019913196564","0.21888390183448792","0.36925649642944336"
"39400","0.2930172085762024","0.21753862500190735","0.36849579215049744"
"39500","0.2919539138674736","0.21615780889987946","0.36775001883506775"
"39600","0.2908957302570343","0.21479174494743347","0.36699971556663513"
"39700","0.28986290842294693","0.21347184479236603","0.36625397205352783"
"39800","0.2888493314385414","0.2121797353029251","0.3655189275741577"
"39900","0.28785332292318344","0.21093155443668365","0.3647750914096832"
"40000","0.2869316413998604","0.20971469581127167","0.3641485869884491"
"40100","0.286013625562191","0.2085026055574417","0.3635246455669403"
"40200","0.28509746491909027","0.2072996199131012","0.36289530992507935"
"40300","0.2841545045375824","0.20610132813453674","0.36220768094062805"
"40400","0.28323332220315933","0.20495115220546722","0.36151549220085144"
"40500","0.2823699116706848","0.2039082944393158","0.36083152890205383"
"40600","0.2815041244029999","0.20288795232772827","0.3601202964782715"
"40700","0.28060775250196457","0.2018686980009079","0.35934680700302124"
"40800","0.2796451076865196","0.20077665150165558","0.35851356387138367"
"40900","0.278656005859375","0.1996510624885559","0.3576609492301941"
"41000","0.27767542004585266","0.19853100180625916","0.35681983828544617"
"41100","0.2766990661621094","0.1974112093448639","0.35598692297935486"
"41200","0.27574267983436584","0.19629967212677002","0.35518568754196167"
"41300","0.2747853621840477","0.19519652426242828","0.3543742001056671"
"41400","0.27379240840673447","0.19409815967082977","0.35348665714263916"
"41500","0.2728148624300957","0.19300882518291473","0.3526208996772766"
"41600","0.2718084156513214","0.19192737340927124","0.3516894578933716"
"41700","0.27079369127750397","0.19085097312927246","0.3507364094257355"
"41800","0.26979608088731766","0.18977777659893036","0.34981438517570496"
"41900","0.2687999904155731","0.188704252243042","0.34889572858810425"
"42000","0.26781065762043","0.1876327395439148","0.3479885756969452"
"42100","0.26683634519577026","0.1865757703781128","0.34709692001342773"
"42200","0.2658299282193184","0.18552722036838531","0.34613263607025146"
"42300","0.26483597606420517","0.18447791039943695","0.3451940417289734"
"42400","0.2638441473245621","0.18343284726142883","0.3442554473876953"
"42500","0.2628629580140114","0.18239600956439972","0.34332990646362305"
"42600","0.261883981525898","0.18135903775691986","0.3424089252948761"
"42700","0.26091062277555466","0.1803334802389145","0.3414877653121948"
"42800","0.2599403113126755","0.17932987213134766","0.3405507504940033"
"42900","0.25903812050819397","0.17846369743347168","0.33961254358291626"
"43000","0.258131667971611","0.17758989334106445","0.3386734426021576"
"43100","0.2572093531489372","0.1766844540834427","0.33773425221443176"
"43200","0.2562786415219307","0.17578347027301788","0.3367738127708435"
"43300","0.2552859038114548","0.17489156126976013","0.3356802463531494"
"43400","0.2543032541871071","0.1740114837884903","0.3345950245857239"
"43500","0.2533179521560669","0.17310059070587158","0.3335353136062622"
"43600","0.25229788571596146","0.17212770879268646","0.33246806263923645"
"43700","0.2513039708137512","0.17121627926826477","0.33139166235923767"
"43800","0.2503173425793648","0.17031575739383698","0.3303189277648926"
"43900","0.24935533851385117","0.16944821178913116","0.32926246523857117"
"44000","0.24844983220100403","0.16869646310806274","0.3282032012939453"
"44100","0.24755440652370453","0.16796061396598816","0.3271481990814209"
"44200","0.24663956463336945","0.16722849011421204","0.32605063915252686"
"44300","0.24571167677640915","0.1664987951517105","0.3249245584011078"
"44400","0.24477815628051758","0.165775865316391","0.32378044724464417"
"44500","0.24382822215557098","0.1650593876838684","0.32259705662727356"
"44600","0.24287687242031097","0.1643417477607727","0.32141199707984924"
"44700","0.24188584834337234","0.1636151820421219","0.3201565146446228"
"44800","0.24084892868995667","0.16289469599723816","0.31880316138267517"
"44900","0.23981973528862","0.1621873378753662","0.3174521327018738"
"45000","0.23879723250865936","0.16148945689201355","0.3161050081253052"
"45100","0.23776955157518387","0.16080094873905182","0.3147381544113159"
"45200","0.23681623488664627","0.16020499169826508","0.31342747807502747"
"45300","0.23593518137931824","0.1597168743610382","0.31215348839759827"
"45400","0.2350577712059021","0.159233957529068","0.3108815848827362"
"45500","0.23418637365102768","0.15875856578350067","0.3096141815185547"
"45600","0.23332379758358002","0.1582946479320526","0.3083529472351074"
"45700","0.23239445686340332","0.15783420205116272","0.3069547116756439"
"45800","0.23141831904649734","0.1572963148355484","0.3055403232574463"
"45900","0.23039806634187698","0.15668077766895294","0.304115355014801"
"46000","0.2293662652373314","0.15603162348270416","0.3027009069919586"
"46100","0.22833260893821716","0.15539118647575378","0.30127403140068054"
"46200","0.22730037569999695","0.15475237369537354","0.29984837770462036"
"46300","0.22627432644367218","0.15411832928657532","0.29843032360076904"
"46400","0.22525811940431595","0.15348698198795319","0.2970292568206787"
"46500","0.22424998134374619","0.1528654247522354","0.29563453793525696"
"46600","0.22323574125766754","0.1522095799446106","0.2942619025707245"
"46700","0.2222452089190483","0.15156079828739166","0.29292961955070496"
"46800","0.22118224948644638","0.150876984000206","0.29148751497268677"
"46900","0.220086470246315","0.15012827515602112","0.2900446653366089"
"47000","0.21900051087141037","0.1493883579969406","0.2886126637458801"
"47100","0.2179172784090042","0.14865288138389587","0.28718167543411255"
"47200","0.2168283388018608","0.14792020618915558","0.28573647141456604"
"47300","0.21574072539806366","0.1471911370754242","0.2842903137207031"
"47400","0.21466059982776642","0.1464671492576599","0.2828540503978729"
"47500","0.21358700096607208","0.14574700593948364","0.2814269959926605"
"47600","0.2125168964266777","0.14502857625484467","0.28000521659851074"
"47700","0.21145740151405334","0.14432671666145325","0.27858808636665344"
"47800","0.21039871126413345","0.14362888038158417","0.27716854214668274"
"47900","0.20934513956308365","0.1429353505373001","0.2757549285888672"
"48000","0.20829643309116364","0.14224514365196228","0.274347722530365"
"48100","0.20724605023860931","0.14155438542366028","0.27293771505355835"
"48200","0.20616072416305542","0.14079076051712036","0.2715306878089905"
"48300","0.20503468811511993","0.13988998532295227","0.2701793909072876"
"48400","0.20392867922782898","0.1389940083026886","0.26886335015296936"
"48500","0.2028409168124199","0.13810156285762787","0.2675802707672119"
"48600","0.20175447314977646","0.13721279799938202","0.2662961483001709"
"48700","0.20066392421722412","0.13631778955459595","0.2650100588798523"
"48800","0.19955328106880188","0.13542678952217102","0.26367977261543274"
"48900","0.1984386071562767","0.13460852205753326","0.26226869225502014"
"49000","0.19737271964550018","0.13387984037399292","0.26086559891700745"
"49100","0.1963159516453743","0.13315559923648834","0.25947630405426025"
"49200","0.19533458352088928","0.132563054561615","0.2581061124801636"
"49300","0.19438926875591278","0.13200420141220093","0.25677433609962463"
"49400","0.19345571845769882","0.13144619762897491","0.25546523928642273"
"49500","0.192540243268013","0.13089293241500854","0.25418755412101746"
"49600","0.19170399755239487","0.1304604560136795","0.25294753909111023"
"49700","0.1908247172832489","0.12991976737976074","0.25172966718673706"
"49800","0.18997882306575775","0.12937283515930176","0.25058481097221375"
"49900","0.18914548307657242","0.1288273185491562","0.24946364760398865"
"50000","0.18831995874643326","0.12828272581100464","0.24835719168186188"
"50100","0.1875375583767891","0.12785696983337402","0.24721814692020416"
"50200","0.186891071498394","0.12760016322135925","0.24618197977542877"
"50300","0.18627527356147766","0.1273633986711502","0.24518714845180511"
"50400","0.18566767871379852","0.1271314173936844","0.24420394003391266"
"50500","0.1850828379392624","0.12690049409866333","0.24326518177986145"
"50600","0.18451978266239166","0.1266801655292511","0.24235939979553223"
"50700","0.18396629393100739","0.12645773589611053","0.24147485196590424"
"50800","0.18345651030540466","0.1262652426958084","0.24064777791500092"
"50900","0.1829942837357521","0.1261145919561386","0.2398739755153656"
"51000","0.18260423094034195","0.1260957419872284","0.2391127198934555"
"51100","0.1822553277015686","0.1261114627122879","0.2383991926908493"
"51200","0.1819533407688141","0.12613186240196228","0.2377748191356659"
"51300","0.1816532388329506","0.1261497288942337","0.23715674877166748"
"51400","0.1813534051179886","0.12616336345672607","0.2365434467792511"
"51500","0.18100383132696152","0.12617966532707214","0.2358279973268509"
"51600","0.18063845485448837","0.12620170414447784","0.2350752055644989"
"51700","0.18028629571199417","0.126230850815773","0.23434174060821533"
"51800","0.17990746349096298","0.1261737048625946","0.23364122211933136"
"51900","0.17954350262880325","0.126093789935112","0.2329932153224945"
"52000","0.17925537377595901","0.12617512047290802","0.23233562707901"
"52100","0.17898432165384293","0.12628862261772156","0.2316800206899643"
"52200","0.17871496081352234","0.12640883028507233","0.23102109134197235"
"52300","0.1784600019454956","0.1265317052602768","0.23038829863071442"
"52400","0.17819171398878098","0.12663759291172028","0.22974583506584167"
"52500","0.177822545170784","0.12658829987049103","0.22905679047107697"
"52600","0.1774570569396019","0.1265518069267273","0.2283623069524765"
"52700","0.177094504237175","0.12651920318603516","0.22766980528831482"
"52800","0.17681513726711273","0.1267118602991104","0.22691841423511505"
"52900","0.17652606219053268","0.12695664167404175","0.22609548270702362"
"53000","0.17618795484304428","0.12710276246070862","0.22527314722537994"
"53100","0.17575527727603912","0.1271054595708847","0.22440509498119354"
"53200","0.17534223943948746","0.12723205983638763","0.22345241904258728"
"53300","0.17498265951871872","0.1274593472480774","0.22250597178936005"
"53400","0.17462605237960815","0.1276896893978119","0.22156241536140442"
"53500","0.17425569891929626","0.12791690230369568","0.22059449553489685"
"53600","0.17390239983797073","0.12820857763290405","0.21959622204303741"
"53700","0.1735166236758232","0.12853342294692993","0.2184998244047165"
"53800","0.17309262603521347","0.1287950575351715","0.21739019453525543"
"53900","0.1726701557636261","0.12905295193195343","0.21628735959529877"
"54000","0.1722729504108429","0.1293601095676422","0.21518579125404358"
"54100","0.1719467118382454","0.12973228096961975","0.21416114270687103"
"54200","0.17167331278324127","0.13021105527877808","0.21313557028770447"
"54300","0.17145437002182007","0.13068583607673645","0.2122229039669037"
"54400","0.1712314859032631","0.1311601847410202","0.21130278706550598"
"54500","0.17100517451763153","0.13163325190544128","0.21037709712982178"
"54600","0.1709045171737671","0.13235139846801758","0.2094576358795166"
"54700","0.17078670114278793","0.13298559188842773","0.20858781039714813"
"54800","0.170621357858181","0.13351993262767792","0.20772278308868408"
"54900","0.1703900396823883","0.13391533493995667","0.20686474442481995"
"55000","0.17014454305171967","0.1342790722846985","0.20601001381874084"
"55100","0.16989587992429733","0.1346423476934433","0.20514941215515137"
"55200","0.1696406528353691","0.13502667844295502","0.2042546272277832"
"55300","0.1694195419549942","0.13546879589557648","0.20337028801441193"
"55400","0.16920173168182373","0.135908842086792","0.20249462127685547"
"55500","0.16898492723703384","0.1363423764705658","0.2016274780035019"
"55600","0.16867002099752426","0.13652490079402924","0.2008151412010193"
"55700","0.1683167666196823","0.1366128772497177","0.2000206559896469"
"55800","0.16799231618642807","0.13669411838054657","0.19929051399230957"
"55900","0.16766158491373062","0.1367601752281189","0.19856299459934235"
"56000","0.1672964245080948","0.13676075637340546","0.19783209264278412"
"56100","0.16684995591640472","0.13659673929214478","0.19710317254066467"
"56200","0.1664014533162117","0.13643081486225128","0.19637209177017212"
"56300","0.1659497320652008","0.13626867532730103","0.19563078880310059"
"56400","0.16548750549554825","0.1360846906900406","0.1948903203010559"
"56500","0.16494940966367722","0.1357496827840805","0.19414913654327393"
"56600","0.1644054427742958","0.13540565967559814","0.19340522587299347"
"56700","0.16383283585309982","0.13499046862125397","0.19267520308494568"
"56800","0.16333798319101334","0.1346648633480072","0.19201110303401947"
"56900","0.16284571588039398","0.13434268534183502","0.19134874641895294"
"57000","0.16234757751226425","0.13391098380088806","0.19078417122364044"
"57100","0.16183937340974808","0.13342562317848206","0.1902531236410141"
"57200","0.161333866417408","0.13294313848018646","0.18972459435462952"
"57300","0.16082382202148438","0.13247805833816528","0.18916958570480347"
"57400","0.16034378856420517","0.1321360021829605","0.18855157494544983"
"57500","0.15966009348630905","0.13150683045387268","0.18781335651874542"
"57600","0.15898724645376205","0.13086554408073425","0.18710894882678986"
"57700","0.15839290618896484","0.13038089871406555","0.18640491366386414"
"57800","0.15778396278619766","0.12992021441459656","0.18564771115779877"
"57900","0.15714244544506073","0.1294563263654709","0.18482856452465057"
"58000","0.1564783826470375","0.12895333766937256","0.18400342762470245"
"58100","0.15579906851053238","0.12842011451721191","0.18317802250385284"
"58200","0.15520253032445908","0.12804721295833588","0.18235784769058228"
"58300","0.15462329983711243","0.12769880890846252","0.18154779076576233"
"58400","0.15406080335378647","0.1273927390575409","0.18072886765003204"
"58500","0.15356963872909546","0.12722966074943542","0.1799096167087555"
"58600","0.15311836451292038","0.12713678181171417","0.1790999472141266"
"58700","0.15269330888986588","0.12705612182617188","0.17833049595355988"
"58800","0.15226884931325912","0.12698009610176086","0.17755760252475739"
"58900","0.15183855593204498","0.12690266966819763","0.17677444219589233"
"59000","0.15140695869922638","0.12682417035102844","0.17598974704742432"
"59100","0.1509677842259407","0.1267475038766861","0.1751880645751953"
"59200","0.15051663666963577","0.1266832947731018","0.17434997856616974"
"59300","0.15007015317678452","0.1266213357448578","0.17351897060871124"
"59400","0.14962903410196304","0.1265614777803421","0.17269659042358398"
"59500","0.149192176759243","0.12650415301322937","0.17188020050525665"
"59600","0.148703433573246","0.12633751332759857","0.17106935381889343"
"59700","0.14818410575389862","0.12609679996967316","0.17027141153812408"
"59800","0.14770465344190598","0.1258581429719925","0.16955116391181946"
"59900","0.14722785353660583","0.1256212294101715","0.16883447766304016"
"60000","0.14674483239650726","0.12538819015026093","0.1681014746427536"
"60100","0.14624088257551193","0.12515969574451447","0.1673220694065094"
"60200","0.1456599198281765","0.12483333796262741","0.16648650169372559"
"60300","0.14507200568914413","0.12451355159282684","0.16563045978546143"
"60400","0.1444706954061985","0.12420056015253067","0.16474083065986633"
"60500","0.14381055533885956","0.1237640380859375","0.16385707259178162"
"60600","0.14313745498657227","0.12328633666038513","0.1629885733127594"
"60700","0.14246577769517899","0.12281458079814911","0.16211697459220886"
"60800","0.1417308896780014","0.12234452366828918","0.16111725568771362"
"60900","0.14095626026391983","0.12181317806243896","0.1600993424654007"
"61000","0.14013057202100754","0.12116536498069763","0.15909577906131744"
"61100","0.1394079029560089","0.12066787481307983","0.158147931098938"
"61200","0.13881278038024902","0.12037552893161774","0.1572500318288803"
"61300","0.13822650536894798","0.12006517499685287","0.1563878357410431"
"61400","0.13762043416500092","0.11952513456344604","0.1557157337665558"
"61500","0.13702456653118134","0.1189676970243454","0.15508143603801727"
"61600","0.1364620104432106","0.11845825612545013","0.15446576476097107"
"61700","0.1359231173992157","0.11797754466533661","0.1538686901330948"
"61800","0.13545826449990273","0.117642842233181","0.15327368676662445"
"61900","0.13501255214214325","0.11734998226165771","0.15267512202262878"
"62000","0.13453305140137672","0.11705789715051651","0.15200820565223694"
"62100","0.13405602797865868","0.11676480621099472","0.15134724974632263"
"62200","0.13359841331839561","0.1164807453751564","0.15071608126163483"
"62300","0.1332007274031639","0.11624935269355774","0.15015210211277008"
"62400","0.1329503022134304","0.11616020649671555","0.14974039793014526"
"62500","0.13272250816226006","0.11608108133077621","0.1493639349937439"
"62600","0.13249360024929047","0.11599867045879364","0.1489885300397873"
"62700","0.1322619840502739","0.11591573059558868","0.1486082375049591"
"62800","0.1320333555340767","0.11583833396434784","0.14822837710380554"
"62900","0.13185765221714973","0.1157323494553566","0.14798295497894287"
"63000","0.13169368728995323","0.11558223515748978","0.1478051394224167"
"63100","0.13150673359632492","0.11543416976928711","0.14757929742336273"
"63200","0.1313081905245781","0.1152857095003128","0.14733067154884338"
"63300","0.1311219148337841","0.11516114324331284","0.14708268642425537"
"63400","0.13097674399614334","0.11508852243423462","0.14686496555805206"
"63500","0.13088326901197433","0.11508384346961975","0.14668269455432892"
"63600","0.13083137571811676","0.115197092294693","0.14646565914154053"
"63700","0.13078949600458145","0.11530877649784088","0.14627021551132202"
"63800","0.13075557723641396","0.11540929228067398","0.14610186219215393"
"63900","0.13061492145061493","0.11522601544857025","0.1460038274526596"
"64000","0.13046946749091148","0.11498115211725235","0.14595778286457062"
"64100","0.13032526522874832","0.11473901569843292","0.14591151475906372"
"64200","0.13021835312247276","0.1145060583949089","0.14593064785003662"
"64300","0.13012737408280373","0.1142660602927208","0.14598868787288666"
"64400","0.12996826693415642","0.11396189779043198","0.14597463607788086"
"64500","0.12981467694044113","0.11366032063961029","0.14596903324127197"
"64600","0.12964509800076485","0.11323488503694534","0.14605531096458435"
"64700","0.1293523646891117","0.11276049166917801","0.1459442377090454"
"64800","0.12905071303248405","0.11229049414396286","0.14581093192100525"
"64900","0.12874867767095566","0.11182035505771637","0.14567700028419495"
"65000","0.12844425067305565","0.11134824901819229","0.145540252327919"
"65100","0.1281145140528679","0.11079587042331696","0.14543315768241882"
"65200","0.12775225564837456","0.11014270037412643","0.14536181092262268"
"65300","0.1273897886276245","0.10949137806892395","0.14528819918632507"
"65400","0.1270660199224949","0.10884248465299606","0.1452895551919937"
"65500","0.12678154185414314","0.10819923132658005","0.14536385238170624"
"65600","0.12652171403169632","0.10755810141563416","0.14548532664775848"
"65700","0.1262974962592125","0.10692504048347473","0.14566995203495026"
"65800","0.12607340514659882","0.1063002496957779","0.14584656059741974"
"65900","0.1257939115166664","0.10567618906497955","0.14591163396835327"
"66000","0.12554725632071495","0.10508622974157333","0.14600828289985657"
"66100","0.1253885067999363","0.10447629541158676","0.14630071818828583"
"66200","0.12526850402355194","0.10387256741523743","0.14666444063186646"
"66300","0.12514791637659073","0.10327209532260895","0.1470237374305725"
"66400","0.12499674037098885","0.10261303931474686","0.14738044142723083"
"66500","0.12481026723980904","0.10190965980291367","0.1477108746767044"
"66600","0.12454009056091309","0.10121497511863708","0.1478652060031891"
"66700","0.12425291165709496","0.10053008049726486","0.14797574281692505"
"66800","0.12396620586514473","0.09985323995351791","0.14807917177677155"
"66900","0.12376943230628967","0.0992370992898941","0.14830176532268524"
"67000","0.12358903884887695","0.09866082668304443","0.14851725101470947"
"67100","0.12340416014194489","0.09809227287769318","0.1487160474061966"
"67200","0.12324659898877144","0.09752845019102097","0.1489647477865219"
"67300","0.12312424927949905","0.09697259962558746","0.14927589893341064"
"67400","0.1230544000864029","0.09642425179481506","0.14968454837799072"
"67500","0.12297345697879791","0.09587864577770233","0.1500682681798935"
"67600","0.12287770584225655","0.09534803777933121","0.15040737390518188"
"67700","0.12276583909988403","0.09482572972774506","0.150705948472023"
"67800","0.12264394015073776","0.09430737793445587","0.15098050236701965"
"67900","0.12254976481199265","0.09379081428050995","0.15130871534347534"
"68000","0.12247651070356369","0.09328065812587738","0.15167236328125"
"68100","0.12247176840901375","0.09277825802564621","0.1521652787923813"
"68200","0.12243515625596046","0.09227889031171799","0.15259142220020294"
"68300","0.12240221723914146","0.09178543835878372","0.1530189961194992"
"68400","0.12240265309810638","0.09129826724529266","0.1535070389509201"
"68500","0.12238792702555656","0.09081429988145828","0.15396155416965485"
"68600","0.12239665538072586","0.09037326276302338","0.15442004799842834"
"68700","0.12245011329650879","0.08990420401096344","0.15499602258205414"
"68800","0.12247943878173828","0.08944141864776611","0.15551745891571045"
"68900","0.12250490486621857","0.08898499608039856","0.15602481365203857"
"69000","0.12252075597643852","0.08853311091661453","0.1565084010362625"
"69100","0.12250558286905289","0.08802331984043121","0.15698784589767456"
"69200","0.12245327979326248","0.08749707043170929","0.15740948915481567"
"69300","0.122288778424263","0.08697178959846497","0.15760576725006104"
"69400","0.12208786979317665","0.08644973486661911","0.1577260047197342"
"69500","0.12188379466533661","0.08592967689037323","0.1578379124403"
"69600","0.12164684385061264","0.085340216755867","0.15795347094535828"
"69700","0.1213991828262806","0.08473960310220718","0.158058762550354"
"69800","0.12113447859883308","0.08432916551828384","0.15793979167938232"
"69900","0.12089471146464348","0.08396605402231216","0.1578233689069748"
"70000","0.1206841990351677","0.083666130900383","0.1577022671699524"
"70100","0.12050513550639153","0.08342329412698746","0.1575869768857956"
"70200","0.12036683037877083","0.08326137810945511","0.15747228264808655"
"70300","0.12025582417845726","0.08314348012208939","0.15736816823482513"
"70400","0.12017130851745605","0.08302192389965057","0.15732069313526154"
"70500","0.12005751207470894","0.08290182799100876","0.15721319615840912"
"70600","0.11993146687746048","0.08278819918632507","0.1570747345685959"
"70700","0.11980986967682838","0.08273615688085556","0.1568835824728012"
"70800","0.11970236152410507","0.08272089064121246","0.15668383240699768"
"70900","0.11956079676747322","0.0827079638838768","0.15641362965106964"
"71000","0.11937501281499863","0.08270317316055298","0.15604685246944427"
"71100","0.11919356882572174","0.08269770443439484","0.15568943321704865"
"71200","0.11907648295164108","0.08269061148166656","0.1554623544216156"
"71300","0.11892950907349586","0.08264637738466263","0.1552126407623291"
"71400","0.11873606219887733","0.0825466737151146","0.15492545068264008"
"71500","0.11852098628878593","0.08245079964399338","0.1545911729335785"
"71600","0.11824507266283035","0.08235006034374237","0.15414008498191833"
"71700","0.11799746379256248","0.08224882930517197","0.153746098279953"
"71800","0.11775797232985497","0.08214671164751053","0.1533692330121994"
"71900","0.11747294664382935","0.08206506073474884","0.15288083255290985"
"72000","0.11725616827607155","0.08211734145879745","0.15239499509334564"
"72100","0.11706755682826042","0.08221393078565598","0.15192118287086487"
"72200","0.11689204722642899","0.08231402933597565","0.15147006511688232"
"72300","0.11679830029606819","0.0824652835726738","0.15113131701946259"
"72400","0.11674045026302338","0.08267819881439209","0.15080270171165466"
"72500","0.11669034510850906","0.08289182186126709","0.15048886835575104"
"72600","0.11654946580529213","0.08292294293642044","0.15017598867416382"
"72700","0.11632790416479111","0.08283683657646179","0.14981897175312042"
"72800","0.11607032641768456","0.08267102390527725","0.14946962893009186"
"72900","0.11582952737808228","0.08244158327579498","0.14921747148036957"
"73000","0.11560888215899467","0.0822414979338646","0.14897626638412476"
"73100","0.11540747806429863","0.08208531886339188","0.14872963726520538"
"73200","0.11521726101636887","0.08193212747573853","0.1485023945569992"
"73300","0.11507610604166985","0.08185816556215286","0.14829404652118683"
"73400","0.11489874497056007","0.08171025663614273","0.14808723330497742"
"73500","0.11473178490996361","0.08155893534421921","0.147904634475708"
"73600","0.11459086462855339","0.08142555505037308","0.1477561742067337"
"73700","0.11441763862967491","0.08128993958234787","0.14754533767700195"
"73800","0.11423803120851517","0.08115522563457489","0.14732083678245544"
"73900","0.1141139306128025","0.08108624070882797","0.14714162051677704"
"74000","0.11401950195431709","0.08105619996786118","0.146982803940773"
"74100","0.11393391713500023","0.08103632181882858","0.14683151245117188"
"74200","0.11400289461016655","0.08122719079256058","0.14677859842777252"
"74300","0.11410342529416084","0.08141530305147171","0.14679154753684998"
"74400","0.11421401798725128","0.08160820603370667","0.1468198299407959"
"74500","0.11422852799296379","0.08169373124837875","0.14676332473754883"
"74600","0.11418802663683891","0.08169490844011307","0.14668114483356476"
"74700","0.11414763331413269","0.08169850707054138","0.146596759557724"
"74800","0.11410452798008919","0.08170121163129807","0.1465078443288803"
"74900","0.11409205198287964","0.08176466822624207","0.1464194357395172"
"75000","0.11410699412226677","0.08187579363584518","0.14633819460868835"
"75100","0.11412787809967995","0.08198485523462296","0.14627090096473694"
"75200","0.11417852714657784","0.08209750801324844","0.14625954627990723"
"75300","0.11419086158275604","0.0821552723646164","0.1462264508008957"
"75400","0.1141371838748455","0.08216596394777298","0.14610840380191803"
"75500","0.11407708004117012","0.08214396983385086","0.14601019024848938"
"75600","0.11398541554808617","0.08206159621477127","0.14590923488140106"
"75700","0.11389843001961708","0.08198606222867966","0.1458107978105545"
"75800","0.11380751058459282","0.0819096788764","0.14570534229278564"
"75900","0.11371613666415215","0.08183480054140091","0.14559747278690338"
"76000","0.11361071839928627","0.0817640945315361","0.14545734226703644"
"76100","0.11346693336963654","0.08163546025753021","0.14529840648174286"
"76200","0.11332479864358902","0.08146728575229645","0.1451823115348816"
"76300","0.11314202100038528","0.08130121231079102","0.14498282968997955"
"76400","0.11290545389056206","0.08101478964090347","0.14479611814022064"
"76500","0.11259806901216507","0.08063946664333344","0.1445566713809967"
"76600","0.1122959591448307","0.08026682585477829","0.14432509243488312"
"76700","0.11200214922428131","0.07989701628684998","0.14410728216171265"
"76800","0.11168008670210838","0.07952625304460526","0.1438339203596115"
"76900","0.11136340722441673","0.07915689796209335","0.1435699164867401"
"77000","0.11092767864465714","0.07872958481311798","0.1431257724761963"
"77100","0.11036878824234009","0.0782250165939331","0.14251255989074707"
"77200","0.10977493971586227","0.07766003906726837","0.14188984036445618"
"77300","0.10921172425150871","0.07714203745126724","0.14128141105175018"
"77400","0.10873544216156006","0.07681004703044891","0.1406608372926712"
"77500","0.10824070870876312","0.07648544013500214","0.1399959772825241"
"77600","0.10775204747915268","0.0761675238609314","0.13933657109737396"
"77700","0.10727355629205704","0.07585366070270538","0.1386934518814087"
"77800","0.10686569288372993","0.07554366439580917","0.1381877213716507"
"77900","0.10642702132463455","0.07523734867572784","0.13761669397354126"
"78000","0.10596207901835442","0.07493319362401962","0.1369909644126892"
"78100","0.10550183802843094","0.07462954521179199","0.13637413084506989"
"78200","0.10505112633109093","0.0743277296423912","0.13577452301979065"
"78300","0.10461969673633575","0.0740305632352829","0.1352088302373886"
"78400","0.10426453873515129","0.07372964173555374","0.13479943573474884"
"78500","0.1039118766784668","0.07342977821826935","0.13439397513866425"
"78600","0.10355173051357269","0.07312542200088501","0.13397803902626038"
"78700","0.10319441929459572","0.07282044738531113","0.1335683912038803"
"78800","0.10281624272465706","0.0725184753537178","0.1331140100955963"
"78900","0.10244174301624298","0.07221339643001556","0.1326700896024704"
"79000","0.10207265987992287","0.07190627604722977","0.13223904371261597"
"79100","0.10170785710215569","0.07159721106290817","0.1318185031414032"
"79200","0.10134276747703552","0.07128620147705078","0.13139933347702026"
"79300","0.10102793201804161","0.07106942683458328","0.13098643720149994"
"79400","0.1007162556052208","0.0708523690700531","0.1305801421403885"
"79500","0.10040723904967308","0.07064176350831985","0.1301727145910263"
"79600","0.10014967992901802","0.07043657451868057","0.12986278533935547"
"79700","0.09981504827737808","0.070002481341362","0.12962761521339417"
"79800","0.09948153048753738","0.06956678628921509","0.12939627468585968"
"79900","0.0991503931581974","0.06913218647241592","0.12916859984397888"
"80000","0.0988205075263977","0.068698450922966","0.1289425641298294"
"80100","0.09842965751886368","0.06826768815517426","0.1285916268825531"
"80200","0.09803126007318497","0.06783577799797058","0.12822674214839935"
"80300","0.09763408824801445","0.06740377098321915","0.12786440551280975"
"80400","0.09728121384978294","0.06697716563940048","0.1275852620601654"
"80500","0.09693663939833641","0.06657020002603531","0.1273030787706375"
"80600","0.09671004861593246","0.0663759708404541","0.12704412639141083"
"80700","0.09659309685230255","0.06625775992870331","0.1269284337759018"
"80800","0.09651996567845345","0.06622516363859177","0.12681476771831512"
"80900","0.0964965783059597","0.06624826043844223","0.12674489617347717"
"81000","0.09648685902357101","0.06628008186817169","0.12669363617897034"
"81100","0.0965522788465023","0.06654011458158493","0.12656444311141968"
"81200","0.09661345183849335","0.06680040061473846","0.12642650306224823"
"81300","0.09667440131306648","0.06706161051988602","0.12628719210624695"
"81400","0.09677789360284805","0.06740756332874298","0.12614822387695312"
"81500","0.09689608216285706","0.0677839070558548","0.12600825726985931"
"81600","0.09702051803469658","0.06815236061811447","0.1258886754512787"
"81700","0.09717594087123871","0.06852532923221588","0.12582655251026154"
"81800","0.0973476767539978","0.06888926029205322","0.12580609321594238"
"81900","0.09755866229534149","0.06917808949947357","0.1259392350912094"
"82000","0.09787515923380852","0.06967400759458542","0.12607631087303162"
"82100","0.09842104837298393","0.07054417580366135","0.12629792094230652"
"82200","0.09903660416603088","0.07161770761013031","0.12645550072193146"
"82300","0.09965929016470909","0.07268214970827103","0.12663643062114716"
"82400","0.10030414909124374","0.07373148202896118","0.1268768161535263"
"82500","0.10093232244253159","0.07475513219833374","0.12710951268672943"
"82600","0.10173555463552475","0.07590249180793762","0.12756861746311188"
"82700","0.10262007638812065","0.07717753201723099","0.12806262075901031"
"82800","0.10354990512132645","0.07852037250995636","0.12857943773269653"
"82900","0.10456806793808937","0.08002757281064987","0.12910856306552887"
"83000","0.1055491603910923","0.08146553486585617","0.12963278591632843"
"83100","0.10645003244280815","0.08273140341043472","0.13016866147518158"
"83200","0.10746434330940247","0.084027498960495","0.13090118765830994"
"83300","0.10833349823951721","0.08521634340286255","0.13145065307617188"
"83400","0.1091790683567524","0.08636278659105301","0.13199535012245178"
"83500","0.10990936309099197","0.08733990788459778","0.13247881829738617"
"83600","0.11072682589292526","0.08850151300430298","0.13295213878154755"
"83700","0.11151627823710442","0.08961256593465805","0.13341999053955078"
"83800","0.11229003220796585","0.09064924716949463","0.13393081724643707"
"83900","0.11325220763683319","0.09190776944160461","0.13459664583206177"
"84000","0.11427048966288567","0.09329546242952347","0.13524551689624786"
"84100","0.1154203936457634","0.09496976435184479","0.135871022939682"
"84200","0.11634862795472145","0.09626457840204239","0.1364326775074005"
"84300","0.11713646724820137","0.09731403738260269","0.13695889711380005"
"84400","0.1177455224096775","0.09817700833082199","0.13731403648853302"
"84500","0.1183529756963253","0.09903412312269211","0.1376718282699585"
"84600","0.11892371997237206","0.0998903140425682","0.1379571259021759"
"84700","0.11947716400027275","0.10075298696756363","0.13820134103298187"
"84800","0.1199161671102047","0.10139711946249008","0.1384352147579193"
"84900","0.12033471465110779","0.10199783742427826","0.13867159187793732"
"85000","0.12072203308343887","0.10257336497306824","0.1388707011938095"
"85100","0.12094265222549438","0.10304681956768036","0.1388384848833084"
"85200","0.12111691012978554","0.10352060943841934","0.13871321082115173"
"85300","0.1212850771844387","0.1039862409234047","0.13858391344547272"
"85400","0.1213877946138382","0.10436201095581055","0.13841357827186584"
"85500","0.12141335383057594","0.10470933467149734","0.13811737298965454"
"85600","0.12130524218082428","0.10505051910877228","0.13755996525287628"
"85700","0.12122222408652306","0.10543852299451828","0.13700592517852783"
"85800","0.1211823895573616","0.10590337216854095","0.13646140694618225"
"85900","0.12114045768976212","0.10635575652122498","0.13592515885829926"
"86000","0.12110555544495583","0.1068187728524208","0.13539233803749084"
"86100","0.12099986523389816","0.10724341869354248","0.13475631177425385"
"86200","0.12078391388058662","0.1075490191578865","0.13401880860328674"
"86300","0.12041844800114632","0.10752815753221512","0.13330873847007751"
"86400","0.12014048919081688","0.10751805454492569","0.13276292383670807"
"86500","0.11992453038692474","0.10750821232795715","0.13234084844589233"
"86600","0.11971798166632652","0.10750436037778854","0.1319316029548645"
"86700","0.1194818988442421","0.10749901831150055","0.13146477937698364"
"86800","0.1192537359893322","0.10748837143182755","0.13101910054683685"
"86900","0.11916404962539673","0.10754311084747314","0.1307849884033203"
"87000","0.1192733645439148","0.10790778696537018","0.1306389421224594"
"87100","0.11939945444464684","0.10829072445631027","0.1305081844329834"
"87200","0.1195153258740902","0.10864130407571793","0.13038934767246246"
"87300","0.11965425312519073","0.10903261601924896","0.1302758902311325"
"87400","0.11982743069529533","0.109489805996418","0.13016505539417267"
"87500","0.12001483887434006","0.10996998846530914","0.13005968928337097"
"87600","0.1202898621559143","0.11062727868556976","0.12995244562625885"
"87700","0.12064558267593384","0.1114443838596344","0.12984678149223328"
"87800","0.12093785032629967","0.11213386803865433","0.129741832613945"
"87900","0.1211496852338314","0.11266278475522995","0.12963658571243286"
"88000","0.12134001404047012","0.11312995851039886","0.12955006957054138"
"88100","0.12150363624095917","0.11353695392608643","0.1294703185558319"
"88200","0.12160204350948334","0.11381509900093079","0.1293889880180359"
"88300","0.12166236713528633","0.11409232765436172","0.12923240661621094"
"88400","0.12165197730064392","0.11436688899993896","0.12893706560134888"
"88500","0.12174378708004951","0.11463520675897598","0.12885236740112305"
"88600","0.12189151719212532","0.11489652842283249","0.12888650596141815"
"88700","0.12207936868071556","0.11515412479639053","0.1290046125650406"
"88800","0.12212895974516869","0.11534138768911362","0.12891653180122375"
"88900","0.12193701416254044","0.11524583399295807","0.1286281943321228"
"89000","0.12174771726131439","0.11515188217163086","0.12834355235099792"
"89100","0.12150784581899643","0.11494240164756775","0.1280732899904251"
"89200","0.12135057151317596","0.11473537981510162","0.1279657632112503"
"89300","0.12114575505256653","0.11443455517292023","0.12785695493221283"
"89400","0.12093167379498482","0.11411584168672562","0.12774750590324402"
"89500","0.12059442698955536","0.11355014145374298","0.12763871252536774"
"89600","0.12019238620996475","0.11286595463752747","0.12751881778240204"
"89700","0.1197899580001831","0.11218741536140442","0.1273925006389618"
"89800","0.11938869953155518","0.11150965094566345","0.1272677481174469"
"89900","0.1189892627298832","0.1108291819691658","0.12714934349060059"
"90000","0.11858818307518959","0.11014879494905472","0.12702757120132446"
"90100","0.11818677186965942","0.10947208106517792","0.12690146267414093"
"90200","0.11777282133698463","0.10880083590745926","0.12674480676651"
"90300","0.11732722446322441","0.10813445597887039","0.12651999294757843"
"90400","0.11684555187821388","0.10747569054365158","0.12621541321277618"
"90500","0.11640838533639908","0.10681861639022827","0.12599815428256989"
"90600","0.11592472717165947","0.10616271942853928","0.12568673491477966"
"90700","0.11532802507281303","0.10540821403265","0.12524783611297607"
"90800","0.11473321169614792","0.10465781390666962","0.12480860948562622"
"90900","0.11414201557636261","0.103912353515625","0.12437167763710022"
"91000","0.11355825513601303","0.10318037122488022","0.12393613904714584"
"91100","0.11298025026917458","0.1024564579129219","0.12350404262542725"
"91200","0.11238333582878113","0.10183632373809814","0.12293034791946411"
"91300","0.11176678910851479","0.10124916583299637","0.1222844123840332"
"91400","0.11114843934774399","0.10066769272089005","0.12162918597459793"
"91500","0.11053585261106491","0.1000974029302597","0.12097430229187012"
"91600","0.10995034500956535","0.09953520447015762","0.12036548554897308"
"91700","0.10939933732151985","0.09898103773593903","0.11981763690710068"
"91800","0.10885432362556458","0.09843578934669495","0.1192728579044342"
"91900","0.10831374302506447","0.09789228439331055","0.11873520165681839"
"92000","0.10777430608868599","0.0973513126373291","0.11819729954004288"
"92100","0.10733164474368095","0.09681451320648193","0.11784877628087997"
"92200","0.10694143176078796","0.09628230333328247","0.11760056018829346"
"92300","0.10660696774721146","0.09574668109416962","0.1174672544002533"
"92400","0.10637649521231651","0.0952160507440567","0.11753693968057632"
"92500","0.10642149671912193","0.09468859434127808","0.11815439909696579"
"92600","0.10661670193076134","0.09415814280509949","0.11907526105642319"
"92700","0.10682127624750137","0.0936262384057045","0.12001631408929825"
"92800","0.1070227175951004","0.09308316558599472","0.12096226960420609"
"92900","0.10707269981503487","0.09243156760931015","0.12171383202075958"
"93000","0.10711928084492683","0.09178172796964645","0.12245683372020721"
"93100","0.10715992003679276","0.09113522619009018","0.12318461388349533"
"93200","0.10722963511943817","0.09049282968044281","0.12396644055843353"
"93300","0.10731185972690582","0.0898522436618805","0.12477147579193115"
"93400","0.10738837718963623","0.0892120748758316","0.12556467950344086"
"93500","0.1074608787894249","0.08856956660747528","0.1263521909713745"
"93600","0.10753367468714714","0.08792880922555923","0.12713854014873505"
"93700","0.10760710388422012","0.08728693425655365","0.1279272735118866"
"93800","0.10767379030585289","0.08664674311876297","0.1287008374929428"
"93900","0.10770425945520401","0.08600786328315735","0.12940065562725067"
"94000","0.1077214926481247","0.0853746086359024","0.13006837666034698"
"94100","0.10773877799510956","0.08474722504615784","0.13073033094406128"
"94200","0.10775291919708252","0.08412086963653564","0.1313849687576294"
"94300","0.1077306754887104","0.08350064605474472","0.1319607049226761"
"94400","0.10759709775447845","0.08288596570491791","0.132308229804039"
"94500","0.10745561495423317","0.08227881044149399","0.13263241946697235"
"94600","0.10731355845928192","0.0816740095615387","0.13295310735702515"
"94700","0.1071372739970684","0.08107326179742813","0.13320128619670868"
"94800","0.10673230141401291","0.08047685027122498","0.13298775255680084"
"94900","0.10608125105500221","0.0798797681927681","0.13228273391723633"
"95000","0.10546445101499557","0.07928337156772614","0.13164553046226501"
"95100","0.10487615317106247","0.07868769764900208","0.13106460869312286"
"95200","0.10428671166300774","0.07809441536664963","0.13047900795936584"
"95300","0.10368767380714417","0.0775027722120285","0.12987257540225983"
"95400","0.10309123620390892","0.07690983265638351","0.12927263975143433"
"95500","0.10248986259102821","0.07632260769605637","0.12865711748600006"
"95600","0.10185657441616058","0.07573966681957245","0.12797348201274872"
"95700","0.10123109444975853","0.075160913169384","0.12730127573013306"
"95800","0.10060891881585121","0.07458513230085373","0.1266327053308487"
"95900","0.09999428316950798","0.07400920242071152","0.12597936391830444"
"96000","0.09940911829471588","0.07343144714832306","0.1253867894411087"
"96100","0.09885629639029503","0.07285751402378082","0.12485507875680923"
"96200","0.09830740466713905","0.07228606194257736","0.12432874739170074"
"96300","0.09776002541184425","0.07171084731817245","0.12380920350551605"
"96400","0.09721468016505241","0.07113756239414215","0.12329179793596268"
"96500","0.09667107835412025","0.0705653578042984","0.12277679890394211"
"96600","0.0961548388004303","0.06999187916517258","0.12231779843568802"
"96700","0.09578154608607292","0.06942249834537506","0.12214059382677078"
"96800","0.09544417262077332","0.06885617226362228","0.12203217297792435"
"96900","0.09509850665926933","0.06829403340816498","0.12190297991037369"
"97000","0.09467918053269386","0.06773439049720764","0.12162397056818008"
"97100","0.09423330053687096","0.06718225032091141","0.1212843507528305"
"97200","0.0937945693731308","0.06663420796394348","0.12095493078231812"
"97300","0.09345684945583344","0.06608929485082626","0.1208244040608406"
"97400","0.09316062927246094","0.06554848700761795","0.12077277153730392"
"97500","0.09298218414187431","0.06501153111457825","0.12095283716917038"
"97600","0.09281205385923386","0.06448241323232651","0.1211416944861412"
"97700","0.09266846254467964","0.0639573484659195","0.12137957662343979"
"97800","0.09269710630178452","0.06343775987625122","0.12195645272731781"
"97900","0.09276609122753143","0.06291937083005905","0.12261281162500381"
"98000","0.09278472326695919","0.06240423396229744","0.12316521257162094"
"98100","0.09279570169746876","0.061890583485364914","0.1237008199095726"
"98200","0.09280357137322426","0.061377011239528656","0.12423013150691986"
"98300","0.09280920028686523","0.06086798012256622","0.12475042045116425"
"98400","0.09282227046787739","0.060360196977853775","0.125284343957901"
"98500","0.0928310826420784","0.05986091494560242","0.12580125033855438"
"98600","0.09267468005418777","0.05936698615550995","0.1259823739528656"
"98700","0.09245399944484234","0.058874618262052536","0.12603338062763214"
"98800","0.09223579242825508","0.05838716775178909","0.12608441710472107"
"98900","0.09201681986451149","0.05789852887392044","0.12613511085510254"
"99000","0.09185170009732246","0.05751018971204758","0.12619321048259735"
"99100","0.09187202714383602","0.05748763307929039","0.12625642120838165"
"99200","0.0919040385633707","0.05765238776803017","0.12615568935871124"
"99300","0.0918884128332138","0.05781596899032593","0.12596085667610168"
"99400","0.09182567894458771","0.05798064172267914","0.12567071616649628"
"99500","0.09167703986167908","0.05814447999000549","0.12520959973335266"
"99600","0.09153301641345024","0.05831132084131241","0.12475471198558807"
"99700","0.09138943254947662","0.058477312326431274","0.12430155277252197"
"99800","0.09111585095524788","0.058639198541641235","0.12359250336885452"
"99900","0.09072749875485897","0.05879683420062065","0.12265816330909729"
"100000","0.09034275636076927","0.05895198881626129","0.12173352390527725"