"Step","env: QLUNARLANDER - lambdas/component_0","env: QLUNARLANDER - lambdas/component_0__MIN","env: QLUNARLANDER - lambdas/component_0__MAX"
"5100","0.43039774894714355","0.36748430132865906","0.49331119656562805"
"5200","0.4304770678281784","0.367628276348114","0.4933258593082428"
"5300","0.4305942952632904","0.367835134267807","0.4933534562587738"
"5400","0.43070273101329803","0.3680204451084137","0.4933850169181824"
"5500","0.4308038353919983","0.3681900203227997","0.4934176504611969"
"5600","0.43086302280426025","0.3682749271392822","0.4934511184692383"
"5700","0.4308931529521942","0.36828675866127014","0.4934995472431183"
"5800","0.43090347945690155","0.36823907494544983","0.49356788396835327"
"5900","0.4308995455503464","0.3681640625","0.49363502860069275"
"6000","0.43088215589523315","0.36806732416152954","0.49369698762893677"
"6100","0.43085259199142456","0.3679588735103607","0.4937463104724884"
"6200","0.4307829588651657","0.36777397990226746","0.49379193782806396"
"6300","0.4307113140821457","0.3675767779350281","0.4938458502292633"
"6400","0.4306219518184662","0.3673473596572876","0.4938965439796448"
"6500","0.43053558468818665","0.36712542176246643","0.49394574761390686"
"6600","0.43046438694000244","0.36693641543388367","0.4939923584461212"
"6700","0.43037569522857666","0.36671382188796997","0.49403756856918335"
"6800","0.43026605248451233","0.3664519786834717","0.494080126285553"
"6900","0.43012820184230804","0.3661348819732666","0.4941215217113495"
"7000","0.4299812763929367","0.3658045530319214","0.494157999753952"
"7100","0.42981672286987305","0.36544010043144226","0.49419334530830383"
"7200","0.42964762449264526","0.3650653064250946","0.4942299425601959"
"7300","0.42946280539035797","0.3646377623081207","0.4942878484725952"
"7400","0.4292822927236557","0.36419129371643066","0.49437329173088074"
"7500","0.4291130006313324","0.36371228098869324","0.49451372027397156"
"7600","0.42893126606941223","0.3631739616394043","0.49468857049942017"
"7700","0.42872875928878784","0.36256569623947144","0.49489182233810425"
"7800","0.42853058874607086","0.3619530498981476","0.49510812759399414"
"7900","0.428332656621933","0.36133402585983276","0.4953312873840332"
"8000","0.42815612256526947","0.3607221245765686","0.49559012055397034"
"8100","0.4279775321483612","0.3601038157939911","0.4958512485027313"
"8200","0.42778268456459045","0.3594542443752289","0.496111124753952"
"8300","0.4276028722524643","0.3588155210018158","0.4963902235031128"
"8400","0.4274464398622513","0.35818079113960266","0.4967120885848999"
"8500","0.427316352725029","0.35754430294036865","0.49708840250968933"
"8600","0.427195206284523","0.3568931221961975","0.4974972903728485"
"8700","0.42707468569278717","0.3562162518501282","0.49793311953544617"
"8800","0.42695848643779755","0.3555367588996887","0.49838021397590637"
"8900","0.4268428087234497","0.35485371947288513","0.4988318979740143"
"9000","0.4267440587282181","0.3541700839996338","0.49931803345680237"
"9100","0.4266352206468582","0.3534661829471588","0.4998042583465576"
"9200","0.4265076071023941","0.3527279794216156","0.5002872347831726"
"9300","0.4263921082019806","0.35199809074401855","0.5007861256599426"
"9400","0.42630092799663544","0.3512745201587677","0.5013273358345032"
"9500","0.42623598873615265","0.35054919123649597","0.5019227862358093"
"9600","0.4261868745088577","0.3498254120349884","0.502548336982727"
"9700","0.42614592611789703","0.34909215569496155","0.5031996965408325"
"9800","0.426101416349411","0.3483431339263916","0.5038596987724304"
"9900","0.4260618984699249","0.3476017713546753","0.5045220255851746"
"10000","0.42604437470436096","0.34686988592147827","0.5052188634872437"
"10100","0.4260316491127014","0.34614890813827515","0.5059143900871277"
"10200","0.4260292947292328","0.34545397758483887","0.5066046118736267"
"10300","0.42601342499256134","0.3447154462337494","0.5073114037513733"
"10400","0.42600245773792267","0.3439452350139618","0.5080596804618835"
"10500","0.4259848892688751","0.34316903352737427","0.508800745010376"
"10600","0.4253607988357544","0.34236353635787964","0.5083580613136292"
"10700","0.42424140870571136","0.34154459834098816","0.5069382190704346"
"10800","0.42294107377529144","0.3407473862171173","0.5051347613334656"
"10900","0.4215701222419739","0.3399727940559387","0.503167450428009"
"11000","0.42020566761493683","0.3392051160335541","0.5012062191963196"
"11100","0.41886329650878906","0.33847227692604065","0.4992543160915375"
"11200","0.41753871738910675","0.33776578307151794","0.49731165170669556"
"11300","0.4160908907651901","0.336802214384079","0.49537956714630127"
"11400","0.41465112566947937","0.3358384370803833","0.49346381425857544"
"11500","0.4132307916879654","0.3349236249923706","0.4915379583835602"
"11600","0.41182824969291687","0.33403685688972473","0.489619642496109"
"11700","0.41042545437812805","0.3331504762172699","0.4877004325389862"
"11800","0.40903662145137787","0.3322846591472626","0.48578858375549316"
"11900","0.4076545238494873","0.3314298391342163","0.4838792085647583"
"12000","0.4062761515378952","0.3305809795856476","0.4819713234901428"
"12100","0.40493613481521606","0.32979097962379456","0.4800812900066376"
"12200","0.4036419540643692","0.3290705680847168","0.4782133400440216"
"12300","0.40236248075962067","0.3284004032611847","0.47632455825805664"
"12400","0.4010830968618393","0.32774996757507324","0.47441622614860535"
"12500","0.3998057395219803","0.3271408677101135","0.47247061133384705"
"12600","0.39855068922042847","0.32655513286590576","0.47054624557495117"
"12700","0.3973289430141449","0.32602623105049133","0.46863165497779846"
"12800","0.39612798392772675","0.3255290985107422","0.4667268693447113"
"12900","0.3949343115091324","0.32504159212112427","0.4648270308971405"
"13000","0.39379723370075226","0.32470113039016724","0.4628933370113373"
"13100","0.3926861733198166","0.32443493604660034","0.46093741059303284"
"13200","0.3915811628103256","0.3241752088069916","0.45898711681365967"
"13300","0.39049232006073","0.3239405155181885","0.4570441246032715"
"13400","0.389403760433197","0.32370391488075256","0.4551036059856415"
"13500","0.38830745220184326","0.32346054911613464","0.4531543552875519"
"13600","0.38722142577171326","0.3232324421405792","0.4512104094028473"
"13700","0.38619546592235565","0.3231196999549866","0.44927123188972473"
"13800","0.38519124686717987","0.3230382204055786","0.44734427332878113"
"13900","0.38419340550899506","0.3229581415653229","0.44542866945266724"
"14000","0.38320192694664","0.32287633419036865","0.4435275197029114"
"14100","0.3822282999753952","0.3228238523006439","0.4416327476501465"
"14200","0.38125693798065186","0.3227683901786804","0.4397454857826233"
"14300","0.38029856979846954","0.3226932883262634","0.43790385127067566"
"14400","0.3793700784444809","0.3226328194141388","0.436107337474823"
"14500","0.3784557282924652","0.3225766718387604","0.43433478474617004"
"14600","0.37757526338100433","0.32256099581718445","0.4325895309448242"
"14700","0.37669748067855835","0.32253918051719666","0.43085578083992004"
"14800","0.37585870921611786","0.32258421182632446","0.42913320660591125"
"14900","0.375060111284256","0.3226882219314575","0.42743200063705444"
"15000","0.37426237761974335","0.32281288504600525","0.42571187019348145"
"15100","0.373488187789917","0.3229830861091614","0.4239932894706726"
"15200","0.3727342337369919","0.32318115234375","0.42228731513023376"
"15300","0.37198153138160706","0.3233833312988281","0.420579731464386"
"15400","0.3712226450443268","0.32357680797576904","0.4188684821128845"
"15500","0.37045997381210327","0.32375648617744446","0.4171634614467621"
"15600","0.3697017580270767","0.3239395320415497","0.41546398401260376"
"15700","0.3689493089914322","0.3241228461265564","0.413775771856308"
"15800","0.3681766390800476","0.32425475120544434","0.4120985269546509"
"15900","0.3673913925886154","0.3243561089038849","0.41042667627334595"
"16000","0.36658982932567596","0.324432373046875","0.40874728560447693"
"16100","0.36579763889312744","0.3245224356651306","0.40707284212112427"
"16200","0.365018755197525","0.3246346712112427","0.4054028391838074"
"16300","0.3642485588788986","0.32476767897605896","0.4037294387817383"
"16400","0.36350058019161224","0.32492905855178833","0.40207210183143616"
"16500","0.36274905502796173","0.32507866621017456","0.4004194438457489"
"16600","0.36203502118587494","0.32530754804611206","0.3987624943256378"
"16700","0.3613296002149582","0.32554346323013306","0.3971157371997833"
"16800","0.36062291264533997","0.3257664144039154","0.3954794108867645"
"16900","0.35991986095905304","0.32598844170570374","0.39385128021240234"
"17000","0.35922038555145264","0.326206237077713","0.39223453402519226"
"17100","0.35851697623729706","0.32641810178756714","0.390615850687027"
"17200","0.35781751573085785","0.3266366124153137","0.388998419046402"
"17300","0.35712242126464844","0.326853483915329","0.3873913586139679"
"17400","0.35643427073955536","0.3270884156227112","0.38578012585639954"
"17500","0.35574811697006226","0.3273252546787262","0.3841709792613983"
"17600","0.35505563020706177","0.3275504410266876","0.3825608193874359"
"17700","0.3543418049812317","0.32772380113601685","0.38095980882644653"
"17800","0.3536040633916855","0.32784023880958557","0.3793678879737854"
"17900","0.3528757840394974","0.3279709219932556","0.37778064608573914"
"18000","0.3521520048379898","0.3280792236328125","0.3762247860431671"
"18100","0.3514368534088135","0.32818716764450073","0.3746865391731262"
"18200","0.3507228493690491","0.3282924294471741","0.3731532692909241"
"18300","0.35000187158584595","0.32839012145996094","0.37161362171173096"
"18400","0.3492874503135681","0.32846760749816895","0.3701072931289673"
"18500","0.34855665266513824","0.32850706577301025","0.36860623955726624"
"18600","0.34782154858112335","0.3285255432128906","0.3671175539493561"
"18700","0.34708231687545776","0.3285295367240906","0.36563509702682495"
"18800","0.3463418483734131","0.32852470874786377","0.3641589879989624"
"18900","0.34560427069664","0.32852011919021606","0.36268842220306396"
"19000","0.3448714315891266","0.32851168513298035","0.3612311780452728"
"19100","0.3441379815340042","0.32850128412246704","0.3597746789455414"
"19200","0.3434287905693054","0.32853204011917114","0.3583255410194397"
"19300","0.34271468222141266","0.3285389542579651","0.35689041018486023"
"19400","0.3420085906982422","0.32853323221206665","0.3554839491844177"
"19500","0.3413149565458298","0.32853180170059204","0.3540981113910675"
"19600","0.34062862396240234","0.32853618264198303","0.35272106528282166"
"19700","0.33994488418102264","0.3285401165485382","0.3513496518135071"
"19800","0.3392818719148636","0.32857999205589294","0.34998375177383423"
"19900","0.33862094581127167","0.3286218047142029","0.34862008690834045"
"20000","0.3379676938056946","0.32868683338165283","0.34724855422973633"
"20100","0.337316632270813","0.32874777913093567","0.3458854854106903"
"20200","0.33665236830711365","0.32877734303474426","0.34452739357948303"
"20300","0.33598074316978455","0.3288026750087738","0.3431588113307953"
"20400","0.3352916091680527","0.3288317024707794","0.3417515158653259"
"20500","0.33459949493408203","0.3288581073284149","0.34034088253974915"
"20600","0.3339279741048813","0.3288799822330475","0.3389759659767151"
"20700","0.3332791179418564","0.3289022147655487","0.33765602111816406"
"20800","0.3326414227485657","0.328940212726593","0.33634263277053833"
"20900","0.3320050835609436","0.32897448539733887","0.33503568172454834"
"21000","0.33135490119457245","0.328980952501297","0.3337288498878479"
"21100","0.33070503175258636","0.32898199558258057","0.33242806792259216"
"21200","0.3300527334213257","0.3289709985256195","0.33113446831703186"
"21300","0.3293915241956711","0.3289261758327484","0.32985687255859375"
"21400","0.32873569428920746","0.3286014199256897","0.3288699686527252"
"21500","0.3280763179063797","0.32735148072242737","0.32880115509033203"
"21600","0.32741938531398773","0.3261306583881378","0.32870811223983765"
"21700","0.3267703056335449","0.3249206244945526","0.32861998677253723"
"21800","0.32614798843860626","0.32373735308647156","0.32855862379074097"
"21900","0.325517863035202","0.3225601613521576","0.32847556471824646"
"22000","0.3248840272426605","0.32139652967453003","0.328371524810791"
"22100","0.32426005601882935","0.32025787234306335","0.32826223969459534"
"22200","0.32363350689411163","0.31913506984710693","0.32813194394111633"
"22300","0.32300472259521484","0.3180173337459564","0.32799211144447327"
"22400","0.32237687706947327","0.31690362095832825","0.3278501331806183"
"22500","0.3217603266239166","0.3157920837402344","0.3277285695075989"
"22600","0.3211536705493927","0.31468501687049866","0.32762232422828674"
"22700","0.32056398689746857","0.31359681487083435","0.3275311589241028"
"22800","0.3199934959411621","0.31253546476364136","0.32745152711868286"
"22900","0.31942319869995117","0.3114950358867645","0.3273513615131378"
"23000","0.31885381042957306","0.3104560971260071","0.32725152373313904"
"23100","0.31828995048999786","0.30942559242248535","0.3271543085575104"
"23200","0.3177264332771301","0.3083999454975128","0.32705292105674744"
"23300","0.3171665370464325","0.3073790371417999","0.32695403695106506"
"23400","0.3166152685880661","0.30636051297187805","0.32687002420425415"
"23500","0.3160722255706787","0.30534160137176514","0.3268028497695923"
"23600","0.31553104519844055","0.3043209910392761","0.326741099357605"
"23700","0.31499534845352173","0.3033110201358795","0.32667967677116394"
"23800","0.3144276738166809","0.30230557918548584","0.326549768447876"
"23900","0.3138587772846222","0.3013053834438324","0.326412171125412"
"24000","0.3132960796356201","0.30029794573783875","0.3262942135334015"
"24100","0.31273089349269867","0.29930198192596436","0.326159805059433"
"24200","0.3121606260538101","0.298312783241272","0.32600846886634827"
"24300","0.311592772603035","0.2973203957080841","0.32586514949798584"
"24400","0.3110279440879822","0.29632827639579773","0.3257276117801666"
"24500","0.3104546219110489","0.29534876346588135","0.32556048035621643"
"24600","0.30988362431526184","0.294382244348526","0.3253850042819977"
"24700","0.30930763483047485","0.2934201955795288","0.3251950740814209"
"24800","0.3087179958820343","0.29246142506599426","0.32497456669807434"
"24900","0.30813153088092804","0.29150956869125366","0.3247534930706024"
"25000","0.30754078924655914","0.29055652022361755","0.32452505826950073"
"25100","0.3069406598806381","0.2896018326282501","0.3242794871330261"
"25200","0.30634376406669617","0.2886542081832886","0.32403331995010376"
"25300","0.30574357509613037","0.28771013021469116","0.3237770199775696"
"25400","0.30513179302215576","0.28677529096603394","0.3234882950782776"
"25500","0.3045133948326111","0.28586137294769287","0.3231654167175293"
"25600","0.30389033257961273","0.2849578261375427","0.32282283902168274"
"25700","0.3032618463039398","0.2840685546398163","0.32245513796806335"
"25800","0.3026261329650879","0.2831735610961914","0.3220787048339844"
"25900","0.3020029067993164","0.2822878062725067","0.3217180073261261"
"26000","0.3013821244239807","0.2814008891582489","0.3213633596897125"
"26100","0.3007606863975525","0.28051337599754333","0.32100799679756165"
"26200","0.3001573085784912","0.27962222695350647","0.32069239020347595"
"26300","0.29955995082855225","0.2787269651889801","0.3203929364681244"
"26400","0.2989642322063446","0.27783992886543274","0.32008853554725647"
"26500","0.29837244749069214","0.27696120738983154","0.31978368759155273"
"26600","0.2977973520755768","0.2761116027832031","0.31948310136795044"
"26700","0.2972445636987686","0.2752874791622162","0.31920164823532104"
"26800","0.29668742418289185","0.2744832932949066","0.3188915550708771"
"26900","0.2961488515138626","0.27368542551994324","0.318612277507782"
"27000","0.29560689628124237","0.2728866636753082","0.3183271288871765"
"27100","0.29506078362464905","0.2720854580402374","0.31803610920906067"
"27200","0.29451052844524384","0.2712777256965637","0.31774333119392395"
"27300","0.2939756214618683","0.2704784572124481","0.31747278571128845"
"27400","0.29342156648635864","0.2696779668331146","0.31716516613960266"
"27500","0.2928667217493057","0.2688823938369751","0.31685104966163635"
"27600","0.2923238128423691","0.26809361577033997","0.3165540099143982"
"27700","0.29179300367832184","0.2673305869102478","0.3162554204463959"
"27800","0.29128657281398773","0.26660969853401184","0.3159634470939636"
"27900","0.2907886207103729","0.26590514183044434","0.3156720995903015"
"28000","0.2902912348508835","0.2652045786380768","0.3153778910636902"
"28100","0.289802223443985","0.2645089328289032","0.3150955140590668"
"28200","0.28931887447834015","0.26382267475128174","0.31481507420539856"
"28300","0.28884752094745636","0.2631274163722992","0.3145676255226135"
"28400","0.28838443756103516","0.26245051622390747","0.31431835889816284"
"28500","0.2879364639520645","0.2618010342121124","0.3140718936920166"
"28600","0.2875141054391861","0.2611921727657318","0.3138360381126404"
"28700","0.2871132791042328","0.26059848070144653","0.31362807750701904"
"28800","0.28672364354133606","0.26001879572868347","0.31342849135398865"
"28900","0.28634487092494965","0.25944387912750244","0.31324586272239685"
"29000","0.2859724164009094","0.2588777244091034","0.31306710839271545"
"29100","0.28561995923519135","0.2583198845386505","0.3129200339317322"
"29200","0.2852771431207657","0.2577742636203766","0.3127800226211548"
"29300","0.284952312707901","0.25724443793296814","0.31266018748283386"
"29400","0.284650593996048","0.25672993063926697","0.312571257352829"
"29500","0.28435198962688446","0.2562119662761688","0.3124920129776001"
"29600","0.2841004431247711","0.2557310461997986","0.31246984004974365"
"29700","0.2838868945837021","0.25526997447013855","0.3125038146972656"
"29800","0.2836815416812897","0.25482916831970215","0.3125339150428772"
"29900","0.28348593413829803","0.2544018030166626","0.31257006525993347"
"30000","0.28330767154693604","0.2539932131767273","0.3126221299171448"
"30100","0.2831527292728424","0.2536007761955261","0.3127046823501587"
"30200","0.2830011397600174","0.25320571660995483","0.31279656291007996"
"30300","0.28286051750183105","0.25282129645347595","0.31289973855018616"
"30400","0.28271518647670746","0.2524237036705017","0.3130066692829132"
"30500","0.28257590532302856","0.2520383298397064","0.3131134808063507"
"30600","0.28245995938777924","0.2516782581806183","0.3132416605949402"
"30700","0.2823829799890518","0.25133833289146423","0.3134276270866394"
"30800","0.2823074609041214","0.2510019838809967","0.3136129379272461"
"30900","0.2822514623403549","0.25069335103034973","0.3138095736503601"
"31000","0.282198041677475","0.2503924071788788","0.31400367617607117"
"31100","0.28214065730571747","0.25008702278137207","0.31419429183006287"
"31200","0.28208450973033905","0.2497802972793579","0.3143887221813202"
"31300","0.2820458337664604","0.24946622550487518","0.31462544202804565"
"31400","0.28201456367969513","0.24915358424186707","0.3148755431175232"
"31500","0.28196901828050613","0.24883536994457245","0.3151026666164398"
"31600","0.2819117233157158","0.24849103391170502","0.31533241271972656"
"31700","0.28185489773750305","0.24814912676811218","0.3155606687068939"
"31800","0.28180234134197235","0.24782896041870117","0.31577572226524353"
"31900","0.2817601338028908","0.2475271373987198","0.31599313020706177"
"32000","0.28173860162496567","0.24726666510105133","0.31621053814888"
"32100","0.2817241698503494","0.24701979756355286","0.316428542137146"
"32200","0.2817132920026779","0.2467747926712036","0.3166517913341522"
"32300","0.28170573711395264","0.246532142162323","0.3168793320655823"
"32400","0.28169412910938263","0.24629655480384827","0.317091703414917"
"32500","0.28168103843927383","0.24608109891414642","0.31728097796440125"
"32600","0.2816765308380127","0.24588340520858765","0.31746965646743774"
"32700","0.2816694751381874","0.24569247663021088","0.31764647364616394"
"32800","0.28166578710079193","0.24550485610961914","0.3178267180919647"
"32900","0.2816644683480263","0.24531857669353485","0.3180103600025177"
"33000","0.2816716209053993","0.2451234608888626","0.31821978092193604"
"33100","0.28168103098869324","0.24492383003234863","0.31843823194503784"
"33200","0.28168901056051254","0.24472589790821075","0.31865212321281433"
"33300","0.2816922441124916","0.24452431499958038","0.31886017322540283"
"33400","0.2816965952515602","0.2443290501832962","0.3190641403198242"
"33500","0.2816935330629349","0.244129478931427","0.31925758719444275"
"33600","0.28168096393346786","0.24392710626125336","0.3194348216056824"
"33700","0.2816624343395233","0.2437146008014679","0.31961026787757874"
"33800","0.28164980560541153","0.24351070821285248","0.3197889029979706"
"33900","0.28164882957935333","0.24331873655319214","0.3199789226055145"
"34000","0.28164416551589966","0.2431367039680481","0.3201516270637512"
"34100","0.28164568543434143","0.2429666519165039","0.32032471895217896"
"34200","0.28165968507528305","0.24282802641391754","0.32049134373664856"
"34300","0.28167007118463516","0.24268604815006256","0.32065409421920776"
"34400","0.28168880194425583","0.24256177246570587","0.3208158314228058"
"34500","0.28171899169683456","0.24247373640537262","0.3209642469882965"
"34600","0.2817309573292732","0.24236662685871124","0.3210952877998352"
"34700","0.28174668550491333","0.24225637316703796","0.3212369978427887"
"34800","0.28175684064626694","0.24214835464954376","0.3213653266429901"
"34900","0.281764954328537","0.2420504093170166","0.3214794993400574"
"35000","0.2817792445421219","0.2419867217540741","0.3215717673301697"
"35100","0.2818097695708275","0.2419566661119461","0.32166287302970886"
"35200","0.28184864670038223","0.24194754660129547","0.321749746799469"
"35300","0.28189731389284134","0.24196039140224457","0.3218342363834381"
"35400","0.2819445729255676","0.24195995926856995","0.3219291865825653"
"35500","0.2819966673851013","0.24196475744247437","0.32202857732772827"
"35600","0.28205617517232895","0.2419857233762741","0.3221266269683838"
"35700","0.28212258219718933","0.2420058250427246","0.32223933935165405"
"35800","0.2821929082274437","0.24202512204647064","0.32236069440841675"
"35900","0.2822521701455116","0.2420348972082138","0.32246944308280945"
"36000","0.28230351209640503","0.24202895164489746","0.3225780725479126"
"36100","0.2823830470442772","0.24207530915737152","0.32269078493118286"
"36200","0.28247886151075363","0.24214212596416473","0.32281559705734253"
"36300","0.28258537501096725","0.2422192245721817","0.3229515254497528"
"36400","0.28272105753421783","0.24235498905181885","0.3230871260166168"
"36500","0.28287361562252045","0.24251902103424072","0.32322821021080017"
"36600","0.2830391973257065","0.242703378200531","0.32337501645088196"
"36700","0.2832183763384819","0.24289537966251373","0.3235413730144501"
"36800","0.2834067791700363","0.24308881163597107","0.32372474670410156"
"36900","0.28361307084560394","0.2433183491230011","0.3239077925682068"
"37000","0.2838239520788193","0.24355947971343994","0.3240884244441986"
"37100","0.28404945880174637","0.24381877481937408","0.32428014278411865"
"37200","0.2842890992760658","0.24409432709217072","0.32448387145996094"
"37300","0.28453759104013443","0.244389608502388","0.32468557357788086"
"37400","0.28481483459472656","0.24475619196891785","0.3248734772205353"
"37500","0.2851259335875511","0.24517257511615753","0.3250792920589447"
"37600","0.2854553312063217","0.24560129642486572","0.3253093659877777"
"37700","0.28580599278211594","0.24607689678668976","0.3255350887775421"
"37800","0.2861678749322891","0.24656909704208374","0.3257666528224945"
"37900","0.2865406572818756","0.2470623254776001","0.3260189890861511"
"38000","0.2869145795702934","0.24754314124584198","0.3262860178947449"
"38100","0.28729885816574097","0.2480316162109375","0.32656610012054443"
"38200","0.2876994460821152","0.24854186177253723","0.3268570303916931"
"38300","0.28812775015830994","0.2490960657596588","0.32715943455696106"
"38400","0.28858577460050583","0.24969084560871124","0.3274807035923004"
"38500","0.2890404313802719","0.25026509165763855","0.3278157711029053"
"38600","0.2895045876502991","0.2508370578289032","0.32817211747169495"
"38700","0.2899900823831558","0.25144490599632263","0.328535258769989"
"38800","0.29050274193286896","0.25210079550743103","0.3289046883583069"
"38900","0.29104551672935486","0.25276967883110046","0.32932135462760925"
"39000","0.2915993332862854","0.25345155596733093","0.32974711060523987"
"39100","0.29219692945480347","0.2542145550251007","0.3301793038845062"
"39200","0.2928097993135452","0.2550046443939209","0.33061495423316956"
"39300","0.2934258282184601","0.25580140948295593","0.33105024695396423"
"39400","0.29405343532562256","0.2566033601760864","0.3315035104751587"
"39500","0.2947056144475937","0.257415771484375","0.3319954574108124"
"39600","0.2953699082136154","0.25823283195495605","0.3325069844722748"
"39700","0.29600803554058075","0.2590496242046356","0.3329664468765259"
"39800","0.2966429740190506","0.2598680853843689","0.3334178626537323"
"39900","0.2972717881202698","0.26069363951683044","0.3338499367237091"
"40000","0.29790012538433075","0.2615197002887726","0.3342805504798889"
"40100","0.2985387295484543","0.26236411929130554","0.334713339805603"
"40200","0.2991800010204315","0.26320523023605347","0.33515477180480957"
"40300","0.29983334243297577","0.2640587091445923","0.33560797572135925"
"40400","0.30048321187496185","0.2649233937263489","0.33604303002357483"
"40500","0.3011157363653183","0.26578807830810547","0.33644339442253113"
"40600","0.3017503023147583","0.26665791869163513","0.33684268593788147"
"40700","0.3023912161588669","0.26753926277160645","0.3372431695461273"
"40800","0.30306535959243774","0.2684747278690338","0.3376559913158417"
"40900","0.30375656485557556","0.2694205343723297","0.3380925953388214"
"41000","0.3044489771127701","0.27036815881729126","0.3385297954082489"
"41100","0.30514930188655853","0.27131810784339905","0.338980495929718"
"41200","0.30584660172462463","0.2722516655921936","0.33944153785705566"
"41300","0.3065536767244339","0.2732012867927551","0.33990606665611267"
"41400","0.3072747588157654","0.2741882801055908","0.34036123752593994"
"41500","0.3079860955476761","0.2751590609550476","0.34081313014030457"
"41600","0.3086968809366226","0.2761209309101105","0.34127283096313477"
"41700","0.30939599871635437","0.27706509828567505","0.3417268991470337"
"41800","0.3100805878639221","0.2779730260372162","0.34218814969062805"
"41900","0.31076814234256744","0.27887195348739624","0.34266433119773865"
"42000","0.3114522844552994","0.27975812554359436","0.3431464433670044"
"42100","0.31213682889938354","0.28063520789146423","0.34363844990730286"
"42200","0.3128263056278229","0.2815231382846832","0.3441294729709625"
"42300","0.31349678337574005","0.2823774814605713","0.3446160852909088"
"42400","0.314171701669693","0.2832488417625427","0.34509456157684326"
"42500","0.31485649943351746","0.28413739800453186","0.34557560086250305"
"42600","0.3155412971973419","0.2850145697593689","0.34606802463531494"
"42700","0.31622926890850067","0.28588783740997314","0.3465707004070282"
"42800","0.31691958010196686","0.286770761013031","0.3470683991909027"
"42900","0.31759609282016754","0.2876540422439575","0.34753814339637756"
"43000","0.31830115616321564","0.2885320484638214","0.34807026386260986"
"43100","0.319036602973938","0.28940367698669434","0.34866952896118164"
"43200","0.31976325809955597","0.2902604341506958","0.34926608204841614"
"43300","0.3204968422651291","0.29112446308135986","0.3498692214488983"
"43400","0.32123515009880066","0.2919909954071045","0.3504793047904968"
"43500","0.3219725340604782","0.292827308177948","0.3511177599430084"
"43600","0.32272976636886597","0.2936658561229706","0.35179367661476135"
"43700","0.3234790116548538","0.29449987411499023","0.3524581491947174"
"43800","0.32423071563243866","0.2953307628631592","0.35313066840171814"
"43900","0.3249894678592682","0.29616430401802063","0.35381463170051575"
"44000","0.32574349641799927","0.2969883680343628","0.35449862480163574"
"44100","0.32649387419223785","0.2978005111217499","0.35518723726272583"
"44200","0.32725898921489716","0.29863986372947693","0.3558781147003174"
"44300","0.3280322998762131","0.2994939982891083","0.35657060146331787"
"44400","0.32880842685699463","0.30035099387168884","0.3572658598423004"
"44500","0.32959528267383575","0.3012210428714752","0.3579695224761963"
"44600","0.3303866535425186","0.30209881067276","0.3586744964122772"
"44700","0.3311798721551895","0.30298078060150146","0.35937896370887756"
"44800","0.33197982609272003","0.3038702607154846","0.36008939146995544"
"44900","0.33278389275074005","0.304756224155426","0.3608115613460541"
"45000","0.3335982710123062","0.305642694234848","0.3615538477897644"
"45100","0.33445701003074646","0.3065758943557739","0.362338125705719"
"45200","0.335289865732193","0.30749544501304626","0.3630842864513397"
"45300","0.33608272671699524","0.3083866536617279","0.3637787997722626"
"45400","0.3368586152791977","0.3092552721500397","0.3644619584083557"
"45500","0.33763717114925385","0.3101176917552948","0.3651566505432129"
"45600","0.3384064882993698","0.3109777867794037","0.36583518981933594"
"45700","0.33916887640953064","0.31183043122291565","0.36650732159614563"
"45800","0.3399438261985779","0.3126828074455261","0.36720484495162964"
"45900","0.3407386839389801","0.31354787945747375","0.36792948842048645"
"46000","0.34154359996318817","0.31441530585289","0.36867189407348633"
"46100","0.34233662486076355","0.3152754604816437","0.3693977892398834"
"46200","0.3431309163570404","0.3161308765411377","0.3701309561729431"
"46300","0.3439231514930725","0.31698641180992126","0.37085989117622375"
"46400","0.34471653401851654","0.3178568482398987","0.3715762197971344"
"46500","0.34550635516643524","0.31872567534446716","0.3722870349884033"
"46600","0.34628623723983765","0.3195549547672272","0.3730175197124481"
"46700","0.34704843163490295","0.32034799456596375","0.37374886870384216"
"46800","0.3478371202945709","0.32119283080101013","0.3744814097881317"
"46900","0.34862640500068665","0.3220416307449341","0.3752111792564392"
"47000","0.3494136780500412","0.32288628816604614","0.37594106793403625"
"47100","0.350199431180954","0.3237282335758209","0.37667062878608704"
"47200","0.35098522901535034","0.3245639503002167","0.377406507730484"
"47300","0.3517615348100662","0.32538875937461853","0.3781343102455139"
"47400","0.35253748297691345","0.32622069120407104","0.37885427474975586"
"47500","0.3533155024051666","0.3270532190799713","0.37957778573036194"
"47600","0.3540867269039154","0.3278835415840149","0.3802899122238159"
"47700","0.3548528850078583","0.32871079444885254","0.380994975566864"
"47800","0.35560861229896545","0.3295254409313202","0.3816917836666107"
"47900","0.3563604950904846","0.33033818006515503","0.3823828101158142"
"48000","0.35708948969841003","0.33113935589790344","0.3830396234989166"
"48100","0.3578003793954849","0.33191150426864624","0.3836892545223236"
"48200","0.3585225045681","0.33267155289649963","0.3843734562397003"
"48300","0.3592565506696701","0.33342060446739197","0.38509249687194824"
"48400","0.35999085009098053","0.3341510593891144","0.3858306407928467"
"48500","0.36071188747882843","0.33487528562545776","0.3865484893321991"
"48600","0.36142730712890625","0.335590124130249","0.3872644901275635"
"48700","0.36212827265262604","0.3362899124622345","0.3879666328430176"
"48800","0.362840473651886","0.33699673414230347","0.3886842131614685"
"48900","0.36355364322662354","0.337726354598999","0.38938093185424805"
"49000","0.36425015330314636","0.3384590446949005","0.3900412619113922"
"49100","0.3649473190307617","0.33919328451156616","0.3907013535499573"
"49200","0.36562956869602203","0.33993834257125854","0.3913207948207855"
"49300","0.3662807494401932","0.34062889218330383","0.3919326066970825"
"49400","0.3669222891330719","0.34128904342651367","0.3925555348396301"
"49500","0.3675483912229538","0.341917484998703","0.3931792974472046"
"49600","0.3681611567735672","0.3425622582435608","0.3937600553035736"
"49700","0.3687819689512253","0.3432088792324066","0.39435505867004395"
"49800","0.3693947494029999","0.3438391387462616","0.39495036005973816"
"49900","0.37000858783721924","0.3444836735725403","0.3955335021018982"
"50000","0.37061913311481476","0.34513092041015625","0.39610734581947327"
"50100","0.3712198883295059","0.34579887986183167","0.3966408967971802"
"50200","0.3717462867498398","0.34641727805137634","0.3970752954483032"
"50300","0.3722542077302933","0.3470028340816498","0.39750558137893677"
"50400","0.37276940047740936","0.3475910723209381","0.3979477286338806"
"50500","0.3733089119195938","0.3482227027416229","0.3983951210975647"
"50600","0.373855322599411","0.3488401174545288","0.3988705277442932"
"50700","0.37438592314720154","0.34943413734436035","0.3993377089500427"
"50800","0.3748905062675476","0.34999707341194153","0.3997839391231537"
"50900","0.37536270916461945","0.35054129362106323","0.40018412470817566"
"51000","0.37580278515815735","0.3510816991329193","0.4005238711833954"
"51100","0.37621332705020905","0.35159096121788025","0.40083569288253784"
"51200","0.3766404539346695","0.3521377742290497","0.4011431336402893"
"51300","0.37705837190151215","0.3526737093925476","0.4014430344104767"
"51400","0.3774670213460922","0.35320401191711426","0.4017300307750702"
"51500","0.3779200166463852","0.35379576683044434","0.40204426646232605"
"51600","0.3783963471651077","0.35442501306533813","0.4023676812648773"
"51700","0.37888549268245697","0.35507506132125854","0.4026959240436554"
"51800","0.3794005811214447","0.35572874546051025","0.40307241678237915"
"51900","0.3799270689487457","0.35639774799346924","0.4034563899040222"
"52000","0.38041962683200836","0.35705795884132385","0.40378129482269287"
"52100","0.38090115785598755","0.3577220141887665","0.4040803015232086"
"52200","0.3813936561346054","0.3584270775318146","0.40436023473739624"
"52300","0.38190121948719025","0.35916778445243835","0.40463465452194214"
"52400","0.38241101801395416","0.3599156439304352","0.40490639209747314"
"52500","0.3829558938741684","0.3606763184070587","0.4052354693412781"
"52600","0.38351188600063324","0.361439049243927","0.4055847227573395"
"52700","0.38406771421432495","0.3621990978717804","0.4059363305568695"
"52800","0.3845844268798828","0.36296531558036804","0.4062035381793976"
"52900","0.38509519398212433","0.36374667286872864","0.40644371509552"
"53000","0.3856383115053177","0.3645409941673279","0.4067356288433075"
"53100","0.3862425535917282","0.36537542939186096","0.40710967779159546"
"53200","0.38685496151447296","0.3662869930267334","0.4074229300022125"
"53300","0.38743238151073456","0.3671691417694092","0.40769562125205994"
"53400","0.38801243901252747","0.3680575489997864","0.40796732902526855"
"53500","0.3885952979326248","0.3689517080783844","0.40823888778686523"
"53600","0.38918206095695496","0.36986181139945984","0.4085023105144501"
"53700","0.38980384171009064","0.3708150386810303","0.408792644739151"
"53800","0.390439048409462","0.3717641830444336","0.40911391377449036"
"53900","0.3910847157239914","0.3727363646030426","0.4094330668449402"
"54000","0.3917655199766159","0.3737882971763611","0.4097427427768707"
"54100","0.39244765043258667","0.3748167157173157","0.41007858514785767"
"54200","0.39310719072818756","0.3758420944213867","0.4103722870349884"
"54300","0.39372730255126953","0.37680187821388245","0.4106527268886566"
"54400","0.3943328857421875","0.37773802876472473","0.41092774271965027"
"54500","0.3949161469936371","0.37865787744522095","0.4111744165420532"
"54600","0.3954642117023468","0.3795974850654602","0.4113309383392334"
"54700","0.39600950479507446","0.38050442934036255","0.4115145802497864"
"54800","0.3965672552585602","0.3813975155353546","0.41173699498176575"
"54900","0.39714600145816803","0.38228318095207214","0.4120088219642639"
"55000","0.3977239429950714","0.3831580877304077","0.4122897982597351"
"55100","0.3982924818992615","0.384013295173645","0.41257166862487793"
"55200","0.39885370433330536","0.3848685324192047","0.412838876247406"
"55300","0.3993831276893616","0.38571059703826904","0.4130556583404541"
"55400","0.39990824460983276","0.3865475058555603","0.4132689833641052"
"55500","0.40044108033180237","0.3873937129974365","0.4134884476661682"
"55600","0.40101876854896545","0.3882256746292114","0.4138118624687195"
"55700","0.4016287177801132","0.3890945017337799","0.41416293382644653"
"55800","0.4022112339735031","0.3899172246456146","0.4145052433013916"
"55900","0.40278859436511993","0.39073267579078674","0.4148445129394531"
"56000","0.403387188911438","0.391549676656723","0.41522470116615295"
"56100","0.40401603281497955","0.392365038394928","0.41566702723503113"
"56200","0.4046371579170227","0.39315760135650635","0.41611671447753906"
"56300","0.4052467942237854","0.39392828941345215","0.41656529903411865"
"56400","0.4058527797460556","0.3946877121925354","0.4170178472995758"
"56500","0.40647733211517334","0.39543434977531433","0.41752031445503235"
"56600","0.4070861488580704","0.3961678743362427","0.41800442337989807"
"56700","0.4076951891183853","0.39687874913215637","0.41851162910461426"
"56800","0.4082834869623184","0.397553950548172","0.41901302337646484"
"56900","0.408858060836792","0.3982127904891968","0.4195033311843872"
"57000","0.4094003289937973","0.398764044046402","0.4200366139411926"
"57100","0.4099366068840027","0.3992719054222107","0.4206013083457947"
"57200","0.41046155989170074","0.39976930618286133","0.42115381360054016"
"57300","0.4109587073326111","0.4002206027507782","0.42169681191444397"
"57400","0.4114277958869934","0.40067383646965027","0.42218175530433655"
"57500","0.41195477545261383","0.4011523723602295","0.42275717854499817"
"57600","0.4124792367219925","0.40161025524139404","0.42334821820259094"
"57700","0.41296765208244324","0.4020540714263916","0.4238812327384949"
"57800","0.4134729504585266","0.4025217890739441","0.42442411184310913"
"57900","0.41400015354156494","0.40303507447242737","0.4249652326107025"
"58000","0.414536252617836","0.4035331904888153","0.4255393147468567"
"58100","0.4150829166173935","0.4040331244468689","0.4261327087879181"
"58200","0.4155958741903305","0.40453335642814636","0.42665839195251465"
"58300","0.41609741747379303","0.4050162732601166","0.4271785616874695"
"58400","0.41656483709812164","0.4054649770259857","0.42766469717025757"
"58500","0.41701214015483856","0.4059111177921295","0.4281131625175476"
"58600","0.4174492806196213","0.4063735902309418","0.4285249710083008"
"58700","0.4178888499736786","0.4068615436553955","0.42891615629196167"
"58800","0.4182998538017273","0.40729254484176636","0.42930716276168823"
"58900","0.4187083840370178","0.4077235758304596","0.42969319224357605"
"59000","0.4191010147333145","0.40812596678733826","0.43007606267929077"
"59100","0.4194924533367157","0.408532977104187","0.4304519295692444"
"59200","0.41990844905376434","0.40896502137184143","0.43085187673568726"
"59300","0.42033131420612335","0.40940308570861816","0.43125954270362854"
"59400","0.4207526743412018","0.40985581278800964","0.4316495358943939"
"59500","0.42117467522621155","0.4103148281574249","0.43203452229499817"
"59600","0.4216082692146301","0.4107711911201477","0.43244534730911255"
"59700","0.42204539477825165","0.4112277328968048","0.4328630566596985"
"59800","0.4224455952644348","0.411618173122406","0.4332730174064636"
"59900","0.42283156514167786","0.4120079278945923","0.4336552023887634"
"60000","0.4232115000486374","0.4123938977718353","0.43402910232543945"
"60100","0.4235919564962387","0.41279172897338867","0.43439218401908875"
"60200","0.42401279509067535","0.4132496118545532","0.4347759783267975"
"60300","0.42444224655628204","0.4137304127216339","0.4351540803909302"
"60400","0.42490287125110626","0.41429656744003296","0.43550917506217957"
"60500","0.42538972198963165","0.41486209630966187","0.43591734766960144"
"60600","0.4258754849433899","0.4154212772846222","0.4363296926021576"
"60700","0.42634038627147675","0.4159601628780365","0.436720609664917"
"60800","0.4268237203359604","0.4165540933609009","0.4370933473110199"
"60900","0.427318274974823","0.41714897751808167","0.43748757243156433"
"61000","0.42781589925289154","0.4177181124687195","0.4379136860370636"
"61100","0.42823679745197296","0.41819992661476135","0.43827366828918457"
"61200","0.42861297726631165","0.41862180829048157","0.4386041462421417"
"61300","0.4289689362049103","0.41899558901786804","0.4389422833919525"
"61400","0.4293142706155777","0.41926535964012146","0.43936318159103394"
"61500","0.42969025671482086","0.41957229375839233","0.4398082196712494"
"61600","0.430047869682312","0.419895201921463","0.440200537443161"
"61700","0.4303983896970749","0.4202399253845215","0.4405568540096283"
"61800","0.43072694540023804","0.42058050632476807","0.440873384475708"
"61900","0.4310387521982193","0.42091673612594604","0.44116076827049255"
"62000","0.43136081099510193","0.42130744457244873","0.4414141774177551"
"62100","0.4316740185022354","0.4217197000980377","0.4416283369064331"
"62200","0.43196921050548553","0.4220874011516571","0.44185101985931396"
"62300","0.43223391473293304","0.4223916530609131","0.442076176404953"
"62400","0.43243998289108276","0.4226142168045044","0.44226574897766113"
"62500","0.4326298236846924","0.42279231548309326","0.4424673318862915"
"62600","0.43282367289066315","0.4229724109172821","0.4426749348640442"
"62700","0.43301182985305786","0.42312854528427124","0.4428951144218445"
"62800","0.4331841319799423","0.42324888706207275","0.4431193768978119"
"62900","0.43335558474063873","0.4233189523220062","0.44339221715927124"
"63000","0.43353354930877686","0.42333778738975525","0.44372931122779846"
"63100","0.4337354302406311","0.4234089255332947","0.44406193494796753"
"63200","0.4339568167924881","0.42351818084716797","0.4443954527378082"
"63300","0.4341776818037033","0.42363518476486206","0.44472017884254456"
"63400","0.4343418627977371","0.42372557520866394","0.4449581503868103"
"63500","0.4344750940799713","0.42378291487693787","0.44516727328300476"
"63600","0.43461112678050995","0.4238852858543396","0.4453369677066803"
"63700","0.4347570538520813","0.4239973723888397","0.4455167353153229"
"63800","0.43489494919776917","0.4240589439868927","0.44573095440864563"
"63900","0.4350247234106064","0.4239961802959442","0.44605326652526855"
"64000","0.4351371228694916","0.4238816797733307","0.44639256596565247"
"64100","0.43525949120521545","0.42377498745918274","0.44674399495124817"
"64200","0.4353968948125839","0.42368805408477783","0.44710573554039"
"64300","0.4355570524930954","0.42361608147621155","0.44749802350997925"
"64400","0.43577057123184204","0.42360907793045044","0.44793206453323364"
"64500","0.4359835982322693","0.4236069321632385","0.44836026430130005"
"64600","0.43620142340660095","0.423554003238678","0.4488488435745239"
"64700","0.4365113228559494","0.4236571490764618","0.449365496635437"
"64800","0.4368249177932739","0.423778772354126","0.4498710632324219"
"64900","0.4371386766433716","0.42389926314353943","0.45037809014320374"
"65000","0.437455490231514","0.42401644587516785","0.4508945345878601"
"65100","0.43776220083236694","0.42410340905189514","0.45142099261283875"
"65200","0.43806304037570953","0.4241529405117035","0.4519731402397156"
"65300","0.43835584819316864","0.4241774082183838","0.4525342881679535"
"65400","0.4386064112186432","0.42411601543426514","0.45309680700302124"
"65500","0.43882451951503754","0.4239876866340637","0.45366135239601135"
"65600","0.43901605904102325","0.4238166809082031","0.4542154371738434"
"65700","0.43917298316955566","0.42357540130615234","0.454770565032959"
"65800","0.43935662508010864","0.4234040081501007","0.4553092420101166"
"65900","0.4395756423473358","0.42331463098526","0.4558366537094116"
"66000","0.4397673010826111","0.42320066690444946","0.4563339352607727"
"66100","0.4399384707212448","0.42302119731903076","0.45685574412345886"
"66200","0.44012996554374695","0.4228336811065674","0.4574262499809265"
"66300","0.44034744799137115","0.4226568341255188","0.4580380618572235"
"66400","0.44056810438632965","0.4224948287010193","0.45864138007164"
"66500","0.4407714605331421","0.42233243584632874","0.45921048521995544"
"66600","0.44100770354270935","0.4222353398799896","0.4597800672054291"
"66700","0.44123533368110657","0.4221320152282715","0.46033865213394165"
"66800","0.4414464235305786","0.4220034182071686","0.46088942885398865"
"66900","0.44160430133342743","0.4218105971813202","0.46139800548553467"
"67000","0.44175830483436584","0.42164888978004456","0.46186771988868713"
"67100","0.4419211894273758","0.42152348160743713","0.46231889724731445"
"67200","0.44205935299396515","0.4213409721851349","0.4627777338027954"
"67300","0.44216808676719666","0.42110565304756165","0.46323052048683167"
"67400","0.44230057299137115","0.4209150969982147","0.4636860489845276"
"67500","0.44245313107967377","0.4207601547241211","0.46414610743522644"
"67600","0.4426255375146866","0.42063838243484497","0.4646126925945282"
"67700","0.44281473755836487","0.42054691910743713","0.4650825560092926"
"67800","0.44300851225852966","0.420473575592041","0.4655434489250183"
"67900","0.443164587020874","0.4203323423862457","0.4659968316555023"
"68000","0.443317249417305","0.4201754331588745","0.4664590656757355"
"68100","0.4434445947408676","0.4199542999267578","0.4669348895549774"
"68200","0.4435856193304062","0.4197635352611542","0.4674077033996582"
"68300","0.4437198340892792","0.41956642270088196","0.4678732454776764"
"68400","0.44383056461811066","0.41930070519447327","0.46836042404174805"
"68500","0.4439190924167633","0.4189867377281189","0.4688514471054077"
"68600","0.44399042427539825","0.41865456104278564","0.46932628750801086"
"68700","0.44406895339488983","0.4182935357093811","0.46984437108039856"
"68800","0.4441652297973633","0.4179706871509552","0.47035977244377136"
"68900","0.44425278902053833","0.41764533519744873","0.47086024284362793"
"69000","0.44433093070983887","0.41730281710624695","0.4713590443134308"
"69100","0.4444379508495331","0.4169561266899109","0.4719197750091553"
"69200","0.4445938616991043","0.41665640473365784","0.4725313186645508"
"69300","0.4448148310184479","0.4164975583553314","0.47313210368156433"
"69400","0.4450436532497406","0.4163546860218048","0.4737326204776764"
"69500","0.4452619105577469","0.4161948561668396","0.4743289649486542"
"69600","0.44552844762802124","0.41606301069259644","0.47499388456344604"
"69700","0.44580501317977905","0.415944367647171","0.4756656587123871"
"69800","0.4460591971874237","0.41592109203338623","0.4761973023414612"
"69900","0.44629304111003876","0.41589799523353577","0.47668808698654175"
"70000","0.446505606174469","0.41585683822631836","0.47715437412261963"
"70100","0.44669732451438904","0.41581374406814575","0.4775809049606323"
"70200","0.4468480795621872","0.41577479243278503","0.47792136669158936"
"70300","0.4469795376062393","0.4157380163669586","0.47822105884552"
"70400","0.4471024125814438","0.415664941072464","0.4785398840904236"
"70500","0.4472557157278061","0.41562849283218384","0.47888293862342834"
"70600","0.4474336802959442","0.4156285226345062","0.4792388379573822"
"70700","0.44763876497745514","0.4157056212425232","0.4795719087123871"
"70800","0.44785259664058685","0.4158267080783844","0.4798784852027893"
"70900","0.4480730891227722","0.41596242785453796","0.48018375039100647"
"71000","0.44830529391765594","0.41610226035118103","0.48050832748413086"
"71100","0.4485306590795517","0.4162295162677765","0.4808318018913269"
"71200","0.4487651437520981","0.41633790731430054","0.48119238018989563"
"71300","0.4490346163511276","0.416464626789093","0.48160460591316223"
"71400","0.44935572147369385","0.41664499044418335","0.48206645250320435"
"71500","0.4496844708919525","0.41684308648109436","0.48252585530281067"
"71600","0.45006372034549713","0.41715124249458313","0.48297619819641113"
"71700","0.45042261481285095","0.4174024164676666","0.4834428131580353"
"71800","0.45080500841140747","0.41767963767051697","0.483930379152298"
"71900","0.4512067139148712","0.4180263876914978","0.48438704013824463"
"72000","0.45155730843544006","0.41838330030441284","0.4847313165664673"
"72100","0.45192575454711914","0.41882285475730896","0.4850286543369293"
"72200","0.4523196369409561","0.4193243682384491","0.48531490564346313"
"72300","0.45266665518283844","0.419780433177948","0.4855528771877289"
"72400","0.4529833048582077","0.4202282726764679","0.4857383370399475"
"72500","0.4533097892999649","0.4206785559654236","0.4859410226345062"
"72600","0.4537094235420227","0.4211483299732208","0.4862705171108246"
"72700","0.45416951179504395","0.42164847254753113","0.48669055104255676"
"72800","0.45466169714927673","0.4221394658088684","0.48718392848968506"
"72900","0.4551919847726822","0.4226169288158417","0.4877670407295227"
"73000","0.4557122141122818","0.4230872690677643","0.4883371591567993"
"73100","0.4562310129404068","0.42355290055274963","0.48890912532806396"
"73200","0.45677538216114044","0.42405807971954346","0.4894926846027374"
"73300","0.45730456709861755","0.4245977997779846","0.4900113344192505"
"73400","0.4578588753938675","0.4251328110694885","0.49058493971824646"
"73500","0.4584113210439682","0.4256376028060913","0.4911850392818451"
"73600","0.4589893966913223","0.4260970652103424","0.49188172817230225"
"73700","0.45960545539855957","0.426626980304718","0.4925839304924011"
"73800","0.4602084159851074","0.4271337389945984","0.49328309297561646"
"73900","0.4607512503862381","0.42758432030677795","0.49391818046569824"
"74000","0.46128447353839874","0.4280129075050354","0.4945560395717621"
"74100","0.46183593571186066","0.42846208810806274","0.49520978331565857"
"74200","0.4623076319694519","0.42883139848709106","0.49578386545181274"
"74300","0.4627409726381302","0.4291399121284485","0.4963420331478119"
"74400","0.46316705644130707","0.42942553758621216","0.496908575296402"
"74500","0.46369022130966187","0.4297915995121002","0.4975888431072235"
"74600","0.4642944484949112","0.4301627278327942","0.4984261691570282"
"74700","0.46491579711437225","0.4305416941642761","0.4992899000644684"
"74800","0.4655415862798691","0.4309125244617462","0.5001706480979919"
"74900","0.46615661680698395","0.4312821328639984","0.5010311007499695"
"75000","0.46675756573677063","0.4316396117210388","0.5018755197525024"
"75100","0.46736112236976624","0.4319835305213928","0.5027387142181396"
"75200","0.4679516851902008","0.43225252628326416","0.5036508440971375"
"75300","0.46854861080646515","0.43250754475593567","0.5045896768569946"
"75400","0.46915777027606964","0.43275967240333557","0.5055558681488037"
"75500","0.4697914123535156","0.4329908490180969","0.5065919756889343"
"75600","0.4704379737377167","0.43319785594940186","0.5076780915260315"
"75700","0.47108782827854156","0.43337711691856384","0.5087985396385193"
"75800","0.4717101454734802","0.433526873588562","0.5098934173583984"
"75900","0.4723174124956131","0.43367281556129456","0.5109620094299316"
"76000","0.472943514585495","0.4338723421096802","0.5120146870613098"
"76100","0.4736279249191284","0.43413209915161133","0.5131237506866455"
"76200","0.4742737114429474","0.434323787689209","0.5142236351966858"
"76300","0.47492286562919617","0.4345228672027588","0.5153228640556335"
"76400","0.4755937457084656","0.43468260765075684","0.5165048837661743"
"76500","0.4763418883085251","0.4349518120288849","0.5177319645881653"
"76600","0.477090984582901","0.43522411584854126","0.5189578533172607"
"76700","0.4778701812028885","0.43551304936408997","0.520227313041687"
"76800","0.47866757214069366","0.43586215376853943","0.5214729905128479"
"76900","0.47945623099803925","0.436205118894577","0.5227073431015015"
"77000","0.48031653463840485","0.43663260340690613","0.5240004658699036"
"77100","0.4813057780265808","0.43723994493484497","0.5253716111183167"
"77200","0.4823329299688339","0.4378720819950104","0.5267937779426575"
"77300","0.4833391010761261","0.438515305519104","0.5281628966331482"
"77400","0.48432837426662445","0.4391650855541229","0.529491662979126"
"77500","0.4853447377681732","0.4398568272590637","0.5308326482772827"
"77600","0.4863639622926712","0.4405685365200043","0.5321593880653381"
"77700","0.4874109774827957","0.44131436944007874","0.5335075855255127"
"77800","0.4883572906255722","0.4418801963329315","0.5348343849182129"
"77900","0.4893476068973541","0.44254469871520996","0.5361505150794983"
"78000","0.490417942404747","0.4433656632900238","0.5374702215194702"
"78100","0.491490438580513","0.44419893622398376","0.5387819409370422"
"78200","0.4925761818885803","0.4450768828392029","0.5400754809379578"
"78300","0.4936695545911789","0.44597163796424866","0.5413674712181091"
"78400","0.4947197735309601","0.4468321204185486","0.5426074266433716"
"78500","0.49578022956848145","0.44770872592926025","0.5438517332077026"
"78600","0.4968469440937042","0.4486337900161743","0.5450600981712341"
"78700","0.497902050614357","0.44959214329719543","0.5462119579315186"
"78800","0.49897347390651703","0.45061007142066956","0.5473368763923645"
"78900","0.5000340193510056","0.45165660977363586","0.5484114289283752"
"79000","0.5010844171047211","0.45272260904312134","0.5494462251663208"
"79100","0.5021136999130249","0.4538309574127197","0.5503964424133301"
"79200","0.5031545162200928","0.45495396852493286","0.5513550639152527"
"79300","0.5041181296110153","0.4561237394809723","0.5521125197410583"
"79400","0.5050627738237381","0.45730409026145935","0.5528214573860168"
"79500","0.5059887766838074","0.45845502614974976","0.553522527217865"
"79600","0.5068920701742172","0.4595251977443695","0.5542589426040649"
"79700","0.5078323632478714","0.4605666697025299","0.5550980567932129"
"79800","0.5087638646364212","0.4615955054759979","0.5559322237968445"
"79900","0.5097018629312515","0.46262601017951965","0.5567777156829834"
"80000","0.5106482654809952","0.4636547863483429","0.5576417446136475"
"80100","0.5116724073886871","0.46490544080734253","0.5584393739700317"
"80200","0.5126839876174927","0.4661708474159241","0.5591971278190613"
"80300","0.5136849284172058","0.46742063760757446","0.5599492192268372"
"80400","0.5146713852882385","0.4686170816421509","0.5607256889343262"
"80500","0.5156551450490952","0.4698096811771393","0.561500608921051"
"80600","0.5165182054042816","0.4710267186164856","0.5620096921920776"
"80700","0.5173055082559586","0.47217729687690735","0.5624337196350098"
"80800","0.5180187672376633","0.47331705689430237","0.5627204775810242"
"80900","0.5186737477779388","0.47439688444137573","0.562950611114502"
"81000","0.5193251073360443","0.4754405617713928","0.5632096529006958"
"81100","0.5198713093996048","0.4765080511569977","0.5632345676422119"
"81200","0.52043117582798","0.4775840938091278","0.5632782578468323"
"81300","0.5209770649671555","0.4786323606967926","0.5633217692375183"
"81400","0.5215041786432266","0.4796643555164337","0.5633440017700195"
"81500","0.5220134109258652","0.48068079352378845","0.5633460283279419"
"81600","0.5224834829568863","0.48159632086753845","0.5633706450462341"
"81700","0.5229293256998062","0.4824206531047821","0.5634379982948303"
"81800","0.5233675390481949","0.4832333028316498","0.56350177526474"
"81900","0.5238690376281738","0.484014630317688","0.5637234449386597"
"82000","0.5243391543626785","0.48482099175453186","0.5638573169708252"
"82100","0.524677500128746","0.48559585213661194","0.5637591481208801"
"82200","0.5249814242124557","0.48648205399513245","0.563480794429779"
"82300","0.5252663195133209","0.48734188079833984","0.563190758228302"
"82400","0.525491014122963","0.48811474442481995","0.562867283821106"
"82500","0.5256178975105286","0.4888454079627991","0.5623903870582581"
"82600","0.5256028473377228","0.489410936832428","0.5617947578430176"
"82700","0.5255323946475983","0.4899469017982483","0.5611178874969482"
"82800","0.5254635959863663","0.4904673397541046","0.5604598522186279"
"82900","0.5253172367811203","0.49094852805137634","0.5596859455108643"
"83000","0.525208368897438","0.4914362132549286","0.5589805245399475"
"83100","0.5251913219690323","0.491894394159317","0.5584882497787476"
"83200","0.525099128484726","0.49218910932540894","0.558009147644043"
"83300","0.5251556932926178","0.4925893545150757","0.5577220320701599"
"83400","0.5252398550510406","0.49297648668289185","0.5575032234191895"
"83500","0.5254403650760651","0.4934108257293701","0.55746990442276"
"83600","0.5256232172250748","0.49387213587760925","0.5573742985725403"
"83700","0.525814950466156","0.4943346381187439","0.5572952628135681"
"83800","0.5260156691074371","0.4947608709335327","0.5572704672813416"
"83900","0.5261569023132324","0.4951411485671997","0.5571726560592651"
"84000","0.5262516885995865","0.49549320340156555","0.5570101737976074"
"84100","0.5262919366359711","0.4958917498588562","0.5566921234130859"
"84200","0.526448130607605","0.4963493347167969","0.5565469264984131"
"84300","0.5266849845647812","0.4967736303806305","0.5565963387489319"
"84400","0.5270252525806427","0.49726927280426025","0.5567812323570251"
"84500","0.5273809880018234","0.4977562129497528","0.557005763053894"
"84600","0.5277551859617233","0.4982434809207916","0.557266891002655"
"84700","0.528188556432724","0.4987565279006958","0.5576205849647522"
"84800","0.5286831557750702","0.49925971031188965","0.5581066012382507"
"84900","0.5291461795568466","0.49975261092185974","0.5585397481918335"
"85000","0.5295779705047607","0.5002725124359131","0.5588834285736084"
"85100","0.5301244854927063","0.5009669065475464","0.5592820644378662"
"85200","0.530685693025589","0.501693606376648","0.55967777967453"
"85300","0.5312532186508179","0.5024308562278748","0.560075581073761"
"85400","0.5318822264671326","0.5031896233558655","0.5605748295783997"
"85500","0.5325402021408081","0.5040026307106018","0.5610777735710144"
"85600","0.5332799851894379","0.5050576329231262","0.5615023374557495"
"85700","0.5340003967285156","0.5061159133911133","0.561884880065918"
"85800","0.5347237586975098","0.5071841478347778","0.5622633695602417"
"85900","0.5354084968566895","0.508259654045105","0.5625573396682739"
"86000","0.5360824167728424","0.5093376040458679","0.5628272294998169"
"86100","0.5367768108844757","0.5104633569717407","0.5630902647972107"
"86200","0.5375199913978577","0.5116273760795593","0.563412606716156"
"86300","0.5383553802967072","0.5127673745155334","0.5639433860778809"
"86400","0.5392020046710968","0.5137999653816223","0.5646040439605713"
"86500","0.5400197505950928","0.5147843956947327","0.5652551054954529"
"86600","0.5408511161804199","0.5157968401908875","0.5659053921699524"
"86700","0.5417187809944153","0.516890287399292","0.5665472745895386"
"86800","0.5425825715065002","0.5179822444915771","0.5671828985214233"
"86900","0.5433556139469147","0.5190009474754333","0.567710280418396"
"87000","0.5440148711204529","0.5200161933898926","0.5680135488510132"
"87100","0.5447395443916321","0.5210554599761963","0.5684236288070679"
"87200","0.5455122292041779","0.52215176820755","0.5688726902008057"
"87300","0.546298623085022","0.5232350826263428","0.5693621635437012"
"87400","0.5470395088195801","0.524312436580658","0.5697665810585022"
"87500","0.5477724075317383","0.5254049897193909","0.5701398253440857"
"87600","0.5484570860862732","0.5264815092086792","0.5704326629638672"
"87700","0.549110472202301","0.5275561213493347","0.5706648230552673"
"87800","0.5497777163982391","0.5286348462104797","0.5709205865859985"
"87900","0.5504647791385651","0.5297095775604248","0.5712199807167053"
"88000","0.5512169003486633","0.5308274030685425","0.5716063976287842"
"88100","0.5520516335964203","0.5320152044296265","0.5720880627632141"
"88200","0.5529401004314423","0.533208966255188","0.5726712346076965"
"88300","0.5538560450077057","0.5344263315200806","0.5732857584953308"
"88400","0.5548140704631805","0.5357204079627991","0.573907732963562"
"88500","0.5556873381137848","0.5368612408638","0.5745134353637695"
"88600","0.5565133690834045","0.5379189252853394","0.5751078128814697"
"88700","0.5573321282863617","0.5389209389686584","0.5757433176040649"
"88800","0.5582321584224701","0.540050208568573","0.5764141082763672"
"88900","0.5592601001262665","0.5412615537643433","0.5772586464881897"
"89000","0.5603013336658478","0.5424880981445312","0.5781145691871643"
"89100","0.5614009499549866","0.5436739921569824","0.5791279077529907"
"89200","0.5623805820941925","0.5446050763130188","0.5801560878753662"
"89300","0.563439816236496","0.5455623865127563","0.5813172459602356"
"89400","0.5644649267196655","0.5464954972267151","0.582434356212616"
"89500","0.5655811131000519","0.5474303364753723","0.5837318897247314"
"89600","0.5667707324028015","0.548375129699707","0.585166335105896"
"89700","0.5679669380187988","0.5492933392524719","0.5866405367851257"
"89800","0.5691817998886108","0.5501959919929504","0.5881676077842712"
"89900","0.5704191625118256","0.5511080026626587","0.5897303223609924"
"90000","0.5716550648212433","0.5520017147064209","0.5913084149360657"
"90100","0.5728331208229065","0.5528194308280945","0.5928468108177185"
"90200","0.5740209817886353","0.5536406636238098","0.5944012999534607"
"90300","0.5752690434455872","0.5545784831047058","0.5959596037864685"
"90400","0.5765292644500732","0.5555577874183655","0.597500741481781"
"90500","0.5777519047260284","0.5564847588539124","0.5990190505981445"
"90600","0.5790392458438873","0.5574837923049927","0.600594699382782"
"90700","0.58042311668396","0.5585384368896484","0.6023077964782715"
"90800","0.581809788942337","0.5596356987953186","0.6039838790893555"
"90900","0.5831713080406189","0.5607377886772156","0.6056048274040222"
"91000","0.5845236480236053","0.5618219375610352","0.6072253584861755"
"91100","0.5858658850193024","0.5628959536552429","0.6088358163833618"
"91200","0.5872389674186707","0.5641348958015442","0.6103430390357971"
"91300","0.5886023044586182","0.565398097038269","0.6118065118789673"
"91400","0.589936226606369","0.5665988922119141","0.613273561000824"
"91500","0.5912792682647705","0.5677917003631592","0.6147668361663818"
"91600","0.5925926268100739","0.5689089298248291","0.6162763237953186"
"91700","0.5938684642314911","0.5699143409729004","0.6178225874900818"
"91800","0.5951241552829742","0.5708706378936768","0.6193776726722717"
"91900","0.5963985919952393","0.5718592405319214","0.6209379434585571"
"92000","0.5976602733135223","0.572861909866333","0.6224586367607117"
"92100","0.5988307595252991","0.5736942291259766","0.6239672899246216"
"92200","0.5999476909637451","0.5743730068206787","0.6255223751068115"
"92300","0.6009761393070221","0.5749109387397766","0.6270413398742676"
"92400","0.6019255518913269","0.575275719165802","0.6285753846168518"
"92500","0.6026976108551025","0.5752701759338379","0.6301250457763672"
"92600","0.6033375263214111","0.5749699473381042","0.631705105304718"
"92700","0.603931337594986","0.5746247172355652","0.6332379579544067"
"92800","0.6045259833335876","0.5742202997207642","0.6348316669464111"
"92900","0.6052190661430359","0.5739068984985352","0.6365312337875366"
"93000","0.6058939397335052","0.5735836029052734","0.6382042765617371"
"93100","0.6065526008605957","0.5732303261756897","0.6398748755455017"
"93200","0.6071106493473053","0.5727416276931763","0.6414796710014343"
"93300","0.607632040977478","0.572209358215332","0.643054723739624"
"93400","0.6081260442733765","0.57168048620224","0.6445716023445129"
"93500","0.6085876822471619","0.5711511373519897","0.646024227142334"
"93600","0.6090465188026428","0.5706080794334412","0.6474849581718445"
"93700","0.6094986796379089","0.5700755715370178","0.6489217877388"
"93800","0.6099506318569183","0.5695399641990662","0.6503612995147705"
"93900","0.6104758977890015","0.5691390633583069","0.651812732219696"
"94000","0.6110236346721649","0.5688258409500122","0.6532214283943176"
"94100","0.6115695536136627","0.5685340166091919","0.6546050906181335"
"94200","0.6120846271514893","0.5682305693626404","0.6559386849403381"
"94300","0.612604171037674","0.5679686069488525","0.6572397351264954"
"94400","0.6132482886314392","0.5679584741592407","0.6585381031036377"
"94500","0.6139434576034546","0.5680007934570312","0.6598861217498779"
"94600","0.6146460473537445","0.5680456757545471","0.6612464189529419"
"94700","0.6153946816921234","0.5681716203689575","0.6626177430152893"
"94800","0.6162880063056946","0.5685513019561768","0.6640247106552124"
"94900","0.617363840341568","0.5692750811576843","0.6654525995254517"
"95000","0.6184077262878418","0.5698968172073364","0.6669186353683472"
"95100","0.6194160580635071","0.5704758763313293","0.6683562397956848"
"95200","0.6204383969306946","0.5710878372192383","0.6697889566421509"
"95300","0.6214442253112793","0.571636438369751","0.6712520122528076"
"95400","0.6224813461303711","0.5722228288650513","0.6727398633956909"
"95500","0.6235756278038025","0.572902500629425","0.6742487549781799"
"95600","0.6247453093528748","0.5736846923828125","0.675805926322937"
"95700","0.6259461641311646","0.5745022892951965","0.6773900389671326"
"95800","0.6271593272686005","0.5753524899482727","0.6789661645889282"
"95900","0.6284000873565674","0.576244592666626","0.6805555820465088"
"96000","0.6296043992042542","0.577059268951416","0.6821495294570923"
"96100","0.6307665705680847","0.5778170824050903","0.6837160587310791"
"96200","0.6319268345832825","0.5785773992538452","0.6852762699127197"
"96300","0.6330351531505585","0.5792953372001648","0.6867749691009521"
"96400","0.6341384053230286","0.5800099968910217","0.6882668137550354"
"96500","0.6352320313453674","0.5807071924209595","0.6897568702697754"
"96600","0.6362957060337067","0.5813478231430054","0.691243588924408"
"96700","0.6372716128826141","0.5818217992782593","0.692721426486969"
"96800","0.6382487118244171","0.5823105573654175","0.6941868662834167"
"96900","0.63923180103302","0.5828151702880859","0.6956484317779541"
"97000","0.6403286755084991","0.5835737586021423","0.697083592414856"
"97100","0.6414536833763123","0.5844047665596008","0.6985026001930237"
"97200","0.6425527930259705","0.5852226614952087","0.6998829245567322"
"97300","0.6436241269111633","0.5860036015510559","0.7012446522712708"
"97400","0.6446305215358734","0.5867152810096741","0.7025457620620728"
"97500","0.6455401182174683","0.5872693657875061","0.7038108706474304"
"97600","0.6464555859565735","0.5878142714500427","0.7050969004631042"
"97700","0.647350400686264","0.5883182287216187","0.7063825726509094"
"97800","0.6481456160545349","0.5886407494544983","0.7076504826545715"
"97900","0.6489006578922272","0.5889127254486084","0.708888590335846"
"98000","0.6496978998184204","0.5892907977104187","0.7101050019264221"
"98100","0.650503933429718","0.5896703004837036","0.7113375663757324"
"98200","0.6512797474861145","0.5900294780731201","0.7125300168991089"
"98300","0.6520301401615143","0.59041827917099","0.7136420011520386"
"98400","0.6527746915817261","0.5908550024032593","0.7146943807601929"
"98500","0.6535122990608215","0.5913302898406982","0.7156943082809448"
"98600","0.6543255150318146","0.5920368432998657","0.7166141867637634"
"98700","0.6551855802536011","0.5928571820259094","0.7175139784812927"
"98800","0.6560388505458832","0.593669056892395","0.7184086441993713"
"98900","0.6569052934646606","0.5945073366165161","0.7193032503128052"
"99000","0.657720685005188","0.5953330397605896","0.7201083302497864"
"99100","0.6583898365497589","0.5961452126502991","0.7206344604492188"
"99200","0.6590175330638885","0.5970242023468018","0.7210108637809753"
"99300","0.6596512198448181","0.5979303121566772","0.721372127532959"
"99400","0.6602910757064819","0.5988550186157227","0.7217271327972412"
"99500","0.660942941904068","0.5998284816741943","0.7220574021339417"
"99600","0.6615747213363647","0.6007904410362244","0.7223590016365051"
"99700","0.6622113585472107","0.6017791628837585","0.7226435542106628"
"99800","0.6629245281219482","0.6029099225997925","0.722939133644104"
"99900","0.6637136936187744","0.6041879653930664","0.7232394218444824"
"100000","0.664491206407547","0.6054829955101013","0.7234994173049927"