"Step","env: TAXI - lambdas/component_2","env: TAXI - lambdas/component_2__MIN","env: TAXI - lambdas/component_2__MAX"
"1","0.3333333333333333","0.3333333333333333","0.3333333333333333"
"2","0.3333333333333333","0.3333333333333333","0.3333333333333333"
"3","0.3333333333333333","0.3333333333333333","0.3333333333333333"
"4","0.3333333333333333","0.3333333333333333","0.3333333333333333"
"5","0.3333333333333333","0.3333333333333333","0.3333333333333333"
"6","0.3333333333333333","0.3333333333333333","0.3333333333333333"
"7","0.3333333333333333","0.3333333333333333","0.3333333333333333"
"8","0.3333333333333333","0.3333333333333333","0.3333333333333333"
"9","0.3333333333333333","0.3333333333333333","0.3333333333333333"
"10","0.3874710219432594","0.3801456990724926","0.4109056814985331"
"11","0.3874891106311816","0.3801483273360874","0.41075237494818706"
"12","0.38750454328632356","0.38014524788693227","0.4105979165817863"
"13","0.38751912015133366","0.38013999360537487","0.4104398581856217"
"14","0.38755850475505593","0.38012950902094517","0.41044071201909543"
"15","0.38759479853092266","0.3801217051055924","0.41044156156903755"
"16","0.3876204107287787","0.3800955419910713","0.4104271738470634"
"17","0.38763718944782344","0.3800611862521871","0.41040401262779186"
"18","0.3876466014690619","0.3800116693622904","0.41036868159183976"
"19","0.38764930441563805","0.3799615228167392","0.4103305778187742"
"20","0.3876699241097287","0.379907244996612","0.4102838179854564"
"21","0.3876372395508877","0.37984622764541237","0.4102363077765151"
"22","0.38760180978201053","0.3797885805474665","0.41018461082520735"
"23","0.3875632771670815","0.3797303439837704","0.41012825637053496"
"24","0.3875511474139747","0.37966670135086317","0.41003876261553845"
"25","0.3875608638769442","0.3795998699739093","0.409947255707899"
"26","0.38760048802909447","0.37954563933331403","0.4098537455532721"
"27","0.38763949561515343","0.37949386942385077","0.40976119103553277"
"28","0.38770315952793977","0.3795755380585674","0.4096715535335734"
"29","0.38776782779240027","0.3796541385598971","0.4095862932942718"
"30","0.38780960681534865","0.3797336324870281","0.4095103041983991"
"31","0.3878526221002418","0.3798201673850327","0.409432726378686"
"32","0.387929384326648","0.37990932668540284","0.40935897489059575"
"33","0.3880077785272401","0.37999670528603186","0.4092890308704737"
"34","0.3880621005588898","0.38009375045742605","0.4092523706570957"
"35","0.3880908691035801","0.3801859025615127","0.40921048534673415"
"36","0.3881127200960537","0.3803901491998448","0.40917077481238245"
"37","0.3881349292441921","0.3805924903345762","0.4091332282854438"
"38","0.38813321250934507","0.3806666617570359","0.4090924272806456"
"39","0.3881321875465795","0.38074529489270703","0.40905035440944293"
"40","0.3881283191452299","0.38081820819049045","0.4090035745489757"
"41","0.38812228143094507","0.38089028704360517","0.40895407755743063"
"42","0.38808341230853277","0.38095578159239274","0.40890531842391653"
"43","0.3880418810959332","0.38102047133130273","0.4088563101840389"
"44","0.3879660041106484","0.3810830306215701","0.4086445434937989"
"45","0.3879215302029647","0.38114302414061957","0.40859735619315585"
"46","0.38785272406574656","0.38108091033085356","0.40854942054381344"
"47","0.3878118317566696","0.38117899475484307","0.4084889463538184"
"48","0.3877704485841565","0.38127703630783194","0.40842926393733714"
"49","0.38775938350926736","0.38137636795091556","0.40836840365384114"
"50","0.387807035247129","0.38147476469467123","0.4083009654164636"
"51","0.3878544283345284","0.38157089693738716","0.40822452437203643"
"52","0.38793212737626526","0.3816714441445282","0.4081445310513328"
"53","0.38803707418967437","0.3819080456363821","0.4080634603688466"
"54","0.38814255578988444","0.3821439987665465","0.4079857410949559"
"55","0.3882192389231813","0.38238064596863003","0.40775719540944977"
"56","0.3882974062287651","0.38261888210592737","0.40753189068853896"
"57","0.38834696137395686","0.38269688730643114","0.40731716629178294"
"58","0.3883956323229875","0.38277315087092684","0.40710657727300414"
"59","0.388441180261306","0.3828427584372249","0.40688686297841203"
"60","0.38845309869186595","0.3829151335956757","0.40666984163136854"
"61","0.3884643108173217","0.38298713257856953","0.4064613714590322"
"62","0.3884756442254189","0.3830542769328802","0.4064120137113792"
"63","0.38845656307332355","0.3829816009707533","0.4063540851664822"
"64","0.3884653908496344","0.38290437143321987","0.40628860698634933"
"65","0.3884976288783434","0.3828329145867406","0.40621855415931507"
"66","0.3885596437920065","0.3827604817348196","0.4062983700059463"
"67","0.38865057182375495","0.3828250569522848","0.40637676220638574"
"68","0.3887389545983265","0.38289108176617537","0.406452264655026"
"69","0.38882539150866335","0.3829545148112418","0.406676917692159"
"70","0.38888191748526346","0.3829534251831696","0.4069029076233816"
"71","0.38893698783897623","0.3828540709263546","0.40713319037106527"
"72","0.3889589102072063","0.38276103860413435","0.40720079159923744"
"73","0.3889814316329842","0.3826622263988239","0.40727342664491883"
"74","0.38900800882752434","0.38256839150819466","0.40752301312549"
"75","0.3890285107149552","0.3824808487622975","0.4077575861414535"
"76","0.38904823692004586","0.38239733083012234","0.40783623165711674"
"77","0.3890340132892179","0.38230753878362483","0.407913956689283"
"78","0.38901947295561035","0.38221820782276117","0.40799521957921137"
"79","0.38897502243369536","0.38212486748426067","0.40793068292003426"
"80","0.3889625523928251","0.38219614812994573","0.4078625119928674"
"81","0.38895053365093146","0.3822724227760955","0.4077877557206781"
"82","0.3889380508313039","0.38234293511880424","0.4077143655678952"
"83","0.38892529989006464","0.38241486931205493","0.40763936532554923"
"84","0.38890176474630794","0.38247791870259495","0.40739192341867136"
"85","0.38889457846951947","0.3825442152827633","0.4071587278601042"
"86","0.38885150981619965","0.3826016422454222","0.40692486277228324"
"87","0.38884096894150455","0.38265965203267394","0.4066898396983622"
"88","0.38883087015997186","0.3827195897507309","0.40645119992841794"
"89","0.38881784525994717","0.38277965314293433","0.40621192748648527"
"90","0.388773284284755","0.3826777766475881","0.40597695620825486"
"91","0.38875040655846693","0.38256969226884485","0.40586706265137384"
"92","0.38872976989664093","0.38246755332321863","0.4057606747317724"
"93","0.3887691480726722","0.3825507490354701","0.40565136727280876"
"94","0.3887807077891972","0.38263038275033057","0.4055386618490712"
"95","0.3887508384891844","0.38270646780398737","0.4054137027403085"
"96","0.38874655439407196","0.3827848644832772","0.4052947890448637"
"97","0.38873723123617815","0.3828615152765558","0.40518090493174974"
"98","0.3887249958350119","0.38292877382532253","0.4050666031074936"
"99","0.38874297907880334","0.3829911785263347","0.40509338334051487"
"100","0.3887599322761955","0.3830537042057858","0.40511647980017035"
"101","0.3887531933115154","0.38311319529562454","0.4050156927130301"
"102","0.38874261628841555","0.3831656040921359","0.40490208465371935"
"103","0.3886707742846511","0.3830421004023085","0.40479743481206226"
"104","0.3886011430032802","0.3829205915467708","0.40469133437187216"
"105","0.388530801508197","0.38279430360151767","0.4045882323768328"
"106","0.3884607764583234","0.38266867199665716","0.40448416558706046"
"107","0.3883628753647451","0.38254549635964086","0.4043687744882918"
"108","0.38832339304724106","0.38242205914804756","0.40438559034941457"
"109","0.3882583587947598","0.3823019672632176","0.40426865229039516"
"110","0.38822661835391","0.3821861041734868","0.4041552627729504"
"111","0.388196536607503","0.38207850271937044","0.40404095960732805"
"112","0.3881671264002076","0.3819728112356572","0.4039326610039109"
"113","0.38813753266619994","0.3818681185348861","0.40381848499586886"
"114","0.388142360018522","0.381769374215711","0.4037014239399706"
"115","0.3881507800216003","0.3816787985648614","0.40359630728664075"
"116","0.38819274705029677","0.38159319557887245","0.4034936924986219"
"117","0.38823977795273656","0.38150848604940696","0.40340048075713164"
"118","0.38823178920202944","0.38142466520596835","0.4031811595118857"
"119","0.38825425434618077","0.3815056341635455","0.40296158074885524"
"120","0.3882695415539156","0.3815880006829151","0.4028726150201554"
"121","0.38830872701563474","0.38166409546069024","0.4027890267616265"
"122","0.38834201464263374","0.38172852887542646","0.40269944384744527"
"123","0.388371896343447","0.38178179506867205","0.40260833566013554"
"124","0.38839534608598114","0.38197986905138365","0.4025216291616191"
"125","0.38841797530614025","0.3821720087006026","0.40243091661716196"
"126","0.38837961479064265","0.3823550591476745","0.40233128515600086"
"127","0.38836341046833517","0.38253266575113415","0.40222623224155674"
"128","0.3883481913200933","0.38271119239117046","0.4021202245065584"
"129","0.38830106845371937","0.38272808177061374","0.4020137600086709"
"130","0.388229967652481","0.3827434749091511","0.4017809610489506"
"131","0.38816501120438074","0.3827496563237094","0.4015440472618021"
"132","0.3881389704602147","0.38276074755114026","0.4014849280757816"
"133","0.38811541384240095","0.38278218640256156","0.40142708942481703"
"134","0.3880620245748193","0.38265103056221006","0.4013744669011403"
"135","0.38801013194205086","0.38252874337620696","0.4013260490320755"
"136","0.3879620165319701","0.382413458880736","0.40128181487388925"
"137","0.38788319477392985","0.3822946891808206","0.4012284392085213"
"138","0.38780058890968694","0.382174724594195","0.40116990963140625"
"139","0.38774483794810816","0.38218037615401557","0.40110230970919364"
"140","0.3877145619466694","0.38206302453284496","0.4010271628850537"
"141","0.38765616786900675","0.3819462900307377","0.40095830427946566"
"142","0.3875616924083084","0.3818237822587796","0.4007225292674652"
"143","0.3875299168033825","0.38186825480312164","0.40049299997276644"
"144","0.3874968260630707","0.38191613762054843","0.4002593446026075"
"145","0.38748509285320026","0.38195965326306713","0.4000245413227996"
"146","0.38747176314086185","0.382004302154587","0.399791055418764"
"147","0.387491097951101","0.38204459498669846","0.3995760683954549"
"148","0.38754641738897033","0.3820915240802402","0.3993652231060822"
"149","0.3875708037026938","0.3821276803247141","0.3991609457382507"
"150","0.38765879411569504","0.382317741984435","0.3989617224711937"
"151","0.38777556120450984","0.3826684563719952","0.3987591894159806"
"152","0.3878920033076637","0.38301351819894636","0.39855924673975296"
"153","0.387968269871805","0.3831883514920545","0.3983535557776898"
"154","0.38807679027634384","0.3835237454118304","0.39814362288607374"
"155","0.3882030287611753","0.38386365213730045","0.3979348558690932"
"156","0.3883332795408032","0.3841997611143665","0.39773457920425587"
"157","0.38846657802320805","0.38453670409084156","0.3975207546322496"
"158","0.38855850271775466","0.3848633684209667","0.39729786587599303"
"159","0.38868199573154855","0.3852024946877479","0.39707085289788063"
"160","0.3887377230969484","0.3853765718558065","0.3968436452604193"
"161","0.3887818777847446","0.38537462992249155","0.3966094195721542"
"162","0.3888460940725145","0.3853796316928214","0.39636724752573715"
"163","0.3889131197687741","0.38538457839506146","0.39627747872833013"
"164","0.3890313785134053","0.38521857854732944","0.3963474762352698"
"165","0.3891040222365105","0.3850432522428537","0.39641413684036975"
"166","0.3891728255213834","0.3848688693836502","0.39647259000519686"
"167","0.3892625481125382","0.38468428259393717","0.3965375186366486"
"168","0.3893793334909229","0.38450068979922913","0.3966084149464728"
"169","0.3894966315122201","0.3843125171025619","0.3966891745491482"
"170","0.3895864827636514","0.3841286049547015","0.3967606794655706"
"171","0.3896774368537315","0.3839521754067736","0.3969706335650811"
"172","0.38974616359219655","0.38377669412158855","0.3971780437939939"
"173","0.3898181824296178","0.38376061845389825","0.3972439968029543"
"174","0.389802815984006","0.38375432131642934","0.39714908942107946"
"175","0.389785007738851","0.38375033769569566","0.3970477789306131"
"176","0.3897644056096268","0.38374633728481283","0.3969454970411608"
"177","0.3896866145318466","0.38374278494492225","0.39685108548054543"
"178","0.3896270732655385","0.38374339569019966","0.3969557074135364"
"179","0.3895346738822417","0.38375512346576196","0.39705439296599676"
"180","0.3894636845058884","0.38376676704718926","0.3971506050287678"
"181","0.3894354588838242","0.38378716182408196","0.3973009435703573"
"182","0.38940727729242525","0.3838120861711297","0.3974515633957884"
"183","0.3893469423356271","0.3836864098420848","0.39758423582843666"
"184","0.3893162407833949","0.3835702358102424","0.39772859722138665"
"185","0.3892862811845973","0.38344677809793964","0.397870799562605"
"186","0.3892902479350117","0.3833174729518781","0.3980162792687459"
"187","0.38929431548193144","0.3831948958799415","0.3981428060123395"
"188","0.3892544573622579","0.38307157797607766","0.398071464261676"
"189","0.38926821623077196","0.3830628134046275","0.3981384124195393"
"190","0.3892622976170144","0.3830577714070929","0.3982079493375379"
"191","0.3891870941230037","0.3830434224643944","0.39808380681645483"
"192","0.38914217258228534","0.3830198048474447","0.39796918553768873"
"193","0.3891591622029459","0.3831556250856218","0.3978709581390386"
"194","0.3891780143466005","0.3832758259002987","0.39791193630369326"
"195","0.38926189670557804","0.3834051542995617","0.3979595683068396"
"196","0.38934183403147127","0.3835351920533348","0.3981599901500121"
"197","0.38945103547477206","0.38366547259057554","0.39837476585976994"
"198","0.3895603568975151","0.38378664974088744","0.3985889789203017"
"199","0.38961357058665447","0.38377378900871684","0.3986588157962432"
"200","0.38965951896803325","0.3837553473795707","0.3987257865846734"
"201","0.3897061923620325","0.38373836505708525","0.3987948751180284"
"202","0.38971877281971257","0.3837219004602059","0.39885662112139536"
"203","0.3896661973326909","0.38354418991387507","0.398908561550275"
"204","0.3895812205254478","0.3833721175830948","0.3988079662683448"
"205","0.3894655004662419","0.3832019104967416","0.39870439813480224"
"206","0.38932582298516394","0.38303963338718494","0.3984418290452855"
"207","0.3891591931795653","0.382881034830991","0.3981837352245703"
"208","0.388996798757081","0.3827373032979679","0.39792114317357474"
"209","0.3888660050998997","0.3826148888652882","0.39765259456197294"
"210","0.3887929790720074","0.3824889256535374","0.3973999669245018"
"211","0.38871818695983495","0.38235943462845107","0.3971542252309694"
"212","0.3886467303254868","0.3822362339412505","0.3969098709880086"
"213","0.38860432410288664","0.38210669391621205","0.39679243090570465"
"214","0.38856586765976653","0.3819750482505727","0.39667310556347046"
"215","0.3884975310886825","0.3818455046614425","0.39655983492920366"
"216","0.388450837078329","0.381714788913557","0.39645308389822165"
"217","0.38843034640062574","0.38157824916061944","0.3963453850107567"
"218","0.3884051319260452","0.38143638523049944","0.39624169918912455"
"219","0.3884059050225722","0.38142988035059433","0.3961479532337577"
"220","0.3883861790382781","0.3815915596906532","0.39604377768005544"
"221","0.3883954586718102","0.38176317835903933","0.3959366590685526"
"222","0.38847293038907516","0.3820958220107438","0.39583305461733914"
"223","0.38852517244447826","0.38243825493216266","0.3955970914680133"
"224","0.3885773570960085","0.38277547588188265","0.39537730486462086"
"225","0.3886520354099775","0.3831023303392494","0.39515627231992406"
"226","0.3887481479705198","0.3834174208510303","0.3949409246059031"
"227","0.38884358358247634","0.3837348801220246","0.3947139302045232"
"228","0.3889702264647543","0.3840438707884705","0.39465675874494965"
"229","0.3890735498625778","0.38420527205996263","0.3945939450668576"
"230","0.3891703820667525","0.3841975153858209","0.39454626969943435"
"231","0.3892962726336694","0.3843052630833464","0.3946742897854552"
"232","0.38941729416612986","0.38424924283422757","0.3949515497942915"
"233","0.3895351599653358","0.3841821240499969","0.39523104609833687"
"234","0.38972369181596517","0.3842448097988032","0.3956196858743538"
"235","0.3898850308460188","0.3843146272321634","0.3959966973913294"
"236","0.3900236673622219","0.38438871884630976","0.39635810356636425"
"237","0.39018357077262456","0.38446091547183286","0.39671987193639857"
"238","0.3903350992794179","0.3845321726428079","0.39702855435111806"
"239","0.3904465932386965","0.3845944271960747","0.39733770532998586"
"240","0.39052902103298914","0.3846586290147551","0.39762477828044346"
"241","0.3905564282824094","0.384605371128314","0.397739635694868"
"242","0.3905531283731784","0.3845452195310352","0.3977016448712816"
"243","0.3906009533607962","0.38462936149919075","0.39766724036026946"
"244","0.39057026221473723","0.38458086343808556","0.3975165836088766"
"245","0.39053779042804904","0.3845230647151714","0.3973737342540227"
"246","0.3904764430113032","0.3844645703178476","0.3972371448993149"
"247","0.390393754839388","0.38441156941164195","0.39711079827532164"
"248","0.39031089946108144","0.38436403775005884","0.39685903652984694"
"249","0.39025686965918466","0.3843209991429374","0.3966056936167913"
"250","0.39025533207569757","0.3843833628117283","0.3965097567036449"
"251","0.390362461744417","0.3846039085971559","0.39654019913612204"
"252","0.3904330775478392","0.3848338175904382","0.3965684265928085"
"253","0.3904837716675028","0.3850702145143952","0.396603483677282"
"254","0.39056517321474116","0.3853154905742968","0.39663128435752815"
"255","0.3906471649853061","0.3855653245637254","0.3966563777484291"
"256","0.39075349725827396","0.3858173148242619","0.3966797798418969"
"257","0.3908869882288998","0.3860599265472947","0.3966894276171675"
"258","0.3910003463142938","0.38630135691695555","0.39671304486314657"
"259","0.3910870512715524","0.38654112949622527","0.39673497697625015"
"260","0.39114964581731104","0.3868217086879172","0.3966044109243776"
"261","0.3911356594955343","0.3869275936796755","0.3963384057481752"
"262","0.39118465002480945","0.3870237471818049","0.39626424983178365"
"263","0.39120165570455556","0.3869754497604638","0.3961768982298074"
"264","0.391253978644067","0.38691578277651845","0.39625467261272124"
"265","0.3913074586141557","0.3868525321425248","0.3963396003908713"
"266","0.3913624962925192","0.38678039819344884","0.39643518106988324"
"267","0.39138970575579757","0.38671489074915616","0.39653684227608493"
"268","0.3914449820477642","0.38664727713903985","0.39664254627722634"
"269","0.39152174176214455","0.38657660041743874","0.39675127031561735"
"270","0.39163187303721586","0.38649272122514355","0.397030992922306"
"271","0.3917364893652849","0.3864160115184349","0.39730545648591775"
"272","0.3917785478143281","0.3863401506830446","0.3973832120640962"
"273","0.39185235158612364","0.38626852041450577","0.39762373662909456"
"274","0.3918627723036348","0.3862011008604633","0.3977044716266332"
"275","0.391870938336887","0.38613496975338757","0.39778125806976544"
"276","0.3918828730537383","0.38607399145710786","0.39784499193432005"
"277","0.3918623465665302","0.3860094326080937","0.3979043388535579"
"278","0.3918065742843555","0.3859413101878668","0.3979441043653811"
"279","0.39182344628190363","0.38588706258489613","0.3979816094723268"
"280","0.3918032493653677","0.38569718437478123","0.3978551436352414"
"281","0.3917459971014904","0.38549916678680457","0.3977333958442334"
"282","0.391759126732235","0.38548342598990915","0.3977982326148699"
"283","0.3917408722085444","0.3854682409659429","0.3977097302371322"
"284","0.3917224309198791","0.3854502238243463","0.3976176307624346"
"285","0.39173127311933564","0.38542938795836607","0.39752195377789484"
"286","0.3917370173983983","0.38540913266641347","0.39743640821272225"
"287","0.391779702390068","0.3853836502016078","0.39734877238073085"
"288","0.3918260280248219","0.3853578032750116","0.3972686882022354"
"289","0.3917758889825056","0.3853165944577148","0.39718648553326497"
"290","0.391694298813177","0.38526929025535217","0.3970925480975524"
"291","0.39164466246734236","0.38523914836852885","0.39699403275372724"
"292","0.3915458680224806","0.38502282252849357","0.3967090351199557"
"293","0.3914452639616616","0.3847917455978488","0.39641960539111004"
"294","0.39137256459245534","0.38456582574964066","0.3961333599214203"
"295","0.39130778626652263","0.3843455134190244","0.396167757211847"
"296","0.39121608850223","0.3841312559825685","0.396251588504619"
"297","0.391090095445595","0.38393266690895067","0.39614730867308856"
"298","0.39099905435642285","0.3837481997036115","0.39602940007778226"
"299","0.390941479222355","0.3835686041630739","0.39592222732933124"
"300","0.390920645387826","0.38340686182686595","0.3958287682202372"
"301","0.39087543027101707","0.38325467072066016","0.3957408538698627"
"302","0.39080745842106995","0.3831134152467679","0.39565491336304903"
"303","0.3907655791551349","0.38312302988209307","0.3955587972680011"
"304","0.39073039544847005","0.3831345201403656","0.395643933590605"
"305","0.39069472264649974","0.3831459506734518","0.3955503898065847"
"306","0.39069050469241107","0.3831631024784885","0.39545176755285655"
"307","0.3906849656597008","0.3831676413828147","0.39534657693601977"
"308","0.3907056740551612","0.3831663718353049","0.3952560937904286"
"309","0.39069505953248046","0.38316944060048275","0.3951539446556065"
"310","0.3906530058021015","0.38316188728016154","0.395050809870455"
"311","0.3906715102761852","0.38312785557590034","0.395085186232696"
"312","0.39074717005922605","0.38308434088104926","0.3952831854595698"
"313","0.39082553663481495","0.382901626602046","0.3954792082064847"
"314","0.3908912023925851","0.38271702671807656","0.3954945949167209"
"315","0.39091822575545127","0.38252766515997677","0.3955098534397658"
"316","0.3909149032818059","0.38233405363952927","0.3955376699807809"
"317","0.39091171881457104","0.38214680084230945","0.3955678453691109"
"318","0.39084504151865995","0.38195384787655373","0.39559021504605263"
"319","0.39077767366036","0.3817533088664906","0.3956119215034956"
"320","0.39073575527114784","0.38154667301943196","0.39562737756084065"
"321","0.390632336024544","0.38135606525638843","0.3955012242622761"
"322","0.3904738307464052","0.38117610584118317","0.395211499686155"
"323","0.3903480616838008","0.38099857291437483","0.3949219237893567"
"324","0.39020152509767675","0.38081721785954337","0.3946446654996259"
"325","0.39009524499511333","0.3806363788117697","0.39454400663595357"
"326","0.38998969202034733","0.38044647064255366","0.3944337347536532"
"327","0.3898895972580734","0.38026527010457833","0.3943377221590759"
"328","0.38984660530872395","0.3800941591860729","0.3942386623519257"
"329","0.38983595457531117","0.38009758273093824","0.3941401185341569"
"330","0.3898033367366192","0.38010912295202465","0.39404664717728477"
"331","0.3898353568853347","0.38027464042354353","0.3939546751540657"
"332","0.38986984940435665","0.38043219173921694","0.39387533599955354"
"333","0.389873938133999","0.38058755945038075","0.39380602937028314"
"334","0.3899798662938493","0.38087531312798406","0.39384539717133693"
"335","0.39011042141403374","0.381295496280345","0.39388605649370173"
"336","0.3902411220087133","0.3817148820535154","0.39394169177847904"
"337","0.39039082567588246","0.3822582683965396","0.39398080074797875"
"338","0.39048258750150616","0.3827902894519428","0.3940212056288215"
"339","0.3905394201664409","0.38314417702522663","0.3940659476795994"
"340","0.3905906261609716","0.3834881517143637","0.3941084094759626"
"341","0.3905769562460687","0.3836616104685267","0.39416739651462235"
"342","0.39056095583161604","0.3838316683321382","0.3942301410845991"
"343","0.3905126835705202","0.38399248029095967","0.3942895115851428"
"344","0.39038738872621603","0.38402831194642073","0.39422919636308856"
"345","0.390255339936093","0.38406338669155154","0.3939929605534887"
"346","0.3901224006976429","0.38409624211975507","0.39374434710097983"
"347","0.3900026245863131","0.38398437061001156","0.39367669341565364"
"348","0.3899159261412735","0.3838735385981111","0.39360685262270234"
"349","0.38985805798340495","0.3839007497064486","0.39353229981881427"
"350","0.3898373418545201","0.38393213321859265","0.3936341077720858"
"351","0.38981194787465284","0.3839642495507427","0.3937242560570689"
"352","0.3898188214296048","0.3841796694833929","0.39379770939716674"
"353","0.3898618745689118","0.3843940287493311","0.3938758757586352"
"354","0.3898760761780565","0.3846014370175467","0.39395416208941086"
"355","0.3898356496731032","0.3846770632125183","0.39404223165832736"
"356","0.3897917205937823","0.3847527712396478","0.3941247836651723"
"357","0.38970735448146765","0.3848290539091505","0.3940276732549722"
"358","0.3896499042283855","0.3849093569259607","0.3940960275538351"
"359","0.3896223389567729","0.38485407602545535","0.3942857844743844"
"360","0.38955880418113853","0.38479562478208484","0.39430086681436677"
"361","0.3894964788931656","0.3847458361076663","0.3943112425344993"
"362","0.3894475547102669","0.3846519825758603","0.3943205001967284"
"363","0.3893988584795002","0.38456499940650635","0.3944885887715131"
"364","0.38935320535356993","0.384478943729274","0.39465429202856267"
"365","0.389349228408906","0.38440464290156534","0.394826822260421"
"366","0.38936721486066206","0.38433022129806094","0.39512177406696186"
"367","0.38946578070788723","0.3843811432975594","0.39557303357951284"
"368","0.38954895619746377","0.3844287977811416","0.39585623162664185"
"369","0.3896350176741209","0.38447960797479663","0.39615348207140316"
"370","0.3897560723608913","0.3845291233383244","0.39644674290151705"
"371","0.3898960370739003","0.3845694501503243","0.3967375704416631"
"372","0.3900143754941975","0.3844727770608806","0.39702752207494346"
"373","0.39015282360196346","0.3845330305076245","0.39714593056478403"
"374","0.390287294422213","0.38459294130024885","0.39726574296957684"
"375","0.3903810462782156","0.38465003918755264","0.397377632171021"
"376","0.39049781257925875","0.3847167029883013","0.39737467850834046"
"377","0.3905576999806145","0.3846631301554701","0.39721091412778853"
"378","0.390622607705273","0.3846078487323773","0.39717039030442974"
"379","0.39066201820085045","0.3845592771313746","0.39699422856216376"
"380","0.39069342783975236","0.3846569748054974","0.39681228082435005"
"381","0.39077836223055923","0.3847809260375054","0.3967886952934586"
"382","0.39083494976083755","0.38490626795157595","0.3967662182771505"
"383","0.3908616321392462","0.3848734753424251","0.396745363961956"
"384","0.390934995652119","0.38495078081457257","0.39685080117562854"
"385","0.3910076928293772","0.38501726540303666","0.39695458434983355"
"386","0.3910622686669588","0.3850734636962629","0.3971923126398828"
"387","0.39109284186555027","0.38512934180061803","0.397431913136479"
"388","0.39107312371647784","0.3851918557926373","0.3975476305251634"
"389","0.3911181559006311","0.3854205848926411","0.3976757438010871"
"390","0.39117564165932833","0.3855094551680061","0.397813091093316"
"391","0.39115820704224663","0.38557747003714593","0.3977921250723308"
"392","0.3911400869238766","0.38564163528776924","0.39777122916146507"
"393","0.39115823954985174","0.3856994741386898","0.39775353709076444"
"394","0.3911534673436331","0.38564812772496637","0.39760714667062247"
"395","0.39114362493231525","0.38559505018329643","0.3974495369160632"
"396","0.39110714000265184","0.38554373744710485","0.3971490515204089"
"397","0.3910724369739637","0.38549418036655186","0.3968471801635996"
"398","0.39104161738685983","0.385436906411647","0.3965512239941784"
"399","0.3909673213473133","0.38522191130473893","0.3962450142991395"
"400","0.39089634666265977","0.38500164999786957","0.3959437028785156"
"401","0.3908812560076357","0.3847751650272668","0.3957769065765919"
"402","0.3909306266858002","0.38455044937327854","0.39561308612163854"
"403","0.39092188461250194","0.3843269952427983","0.39546520684138814"
"404","0.3909449960269784","0.3841003285973387","0.39547773880011083"
"405","0.3910059349170755","0.38388039114673944","0.3954917445209261"
"406","0.39111825965563235","0.38365821616328744","0.39564608780337573"
"407","0.39126206953901255","0.38343035208527865","0.3959677548948033"
"408","0.3914408723241669","0.383206739578525","0.39648392883922934"
"409","0.3915947943285077","0.3831216144629903","0.39699654438017395"
"410","0.3917924131134561","0.3831736527548732","0.39768383002231616"
"411","0.39195527579412937","0.38322786390212116","0.3982353940157968"
"412","0.3921156402166212","0.3832792831669328","0.3987838789832899"
"413","0.39227000693292136","0.3833413146961028","0.39931242483700485"
"414","0.3923940728957137","0.3834020109210322","0.39968036446293986"
"415","0.39251882586487724","0.38345740488729735","0.4002293115221203"
"416","0.3926071641329437","0.383512484044642","0.40063473921009174"
"417","0.392694859997448","0.38357570014918707","0.4010422602044846"
"418","0.3927439607904975","0.38364205240938964","0.40124542826301524"
"419","0.39278274787437284","0.38355192288392453","0.40157350135966924"
"420","0.3927582464498198","0.38346473906892464","0.40170834448623655"
"421","0.3927389328693081","0.3833755136731267","0.40184038306929265"
"422","0.3927383918849994","0.3832872403080262","0.40210510223497614"
"423","0.3927897934327779","0.383331479250008","0.40236589314075066"
"424","0.392856739312076","0.3833764461742869","0.40282727304210847"
"425","0.3929431202178341","0.3836030390642088","0.4031018022686182"
"426","0.3930336929106687","0.3838300691691985","0.4033739807169915"
"427","0.3931137965977511","0.38405154771748273","0.4035961063184911"
"428","0.3931909616199579","0.3842654890409098","0.40381655654106596"
"429","0.39328252909735467","0.3844914189999765","0.40409068252500413"
"430","0.39340987092790913","0.3845779279458415","0.40447744769367433"
"431","0.3935505034074135","0.38466450550296744","0.40507028707861864"
"432","0.3936332342630827","0.38486700453819295","0.4055283633433534"
"433","0.3937011287203725","0.3849381066177191","0.4059840353889622"
"434","0.39372598597794745","0.3850093429841549","0.40623199551141986"
"435","0.3936936246507054","0.3848966442661222","0.40647985459603286"
"436","0.39366528574594867","0.3847875374681975","0.4067276162079572"
"437","0.3937053997719087","0.38485792842974337","0.4069937735861786"
"438","0.3937805324083682","0.3849344814621623","0.4072576118260476"
"439","0.39387692637139204","0.385012654708821","0.407339417384467"
"440","0.3939770521469434","0.38510048162460836","0.4074938142318243"
"441","0.3940990836263038","0.3851949113872731","0.40743773720951393"
"442","0.394260296175091","0.38536632319196257","0.40737812129609485"
"443","0.39438234014274365","0.385523877196899","0.4073209799883195"
"444","0.39456113920951175","0.385681717672436","0.4072641206818874"
"445","0.3948390060242494","0.38602537131590725","0.4074149782394736"
"446","0.3951481516557899","0.3865085089466411","0.4077252478521827"
"447","0.3954345340418514","0.38680838292339637","0.4080822762499072"
"448","0.3957321333822713","0.3871014295930365","0.4085490057848071"
"449","0.395969222215773","0.38737956684085834","0.40901168312276165"
"450","0.39616990923875417","0.3876605587014308","0.40928319681506004"
"451","0.39632874091019266","0.38793375185059353","0.40968516916553493"
"452","0.39651428713723524","0.38812353596928917","0.4102960206870843"
"453","0.3967637038825025","0.38844882056348223","0.41110297425803355"
"454","0.3970074027750724","0.3887710981896188","0.4120746347715337"
"455","0.3971986119820385","0.3890399039307985","0.412833177949385"
"456","0.3973788109961424","0.3891625911835194","0.41355237879200396"
"457","0.39757700127743234","0.3893986958727239","0.41428522729504513"
"458","0.3978185469881287","0.3896324980353879","0.41510910636639653"
"459","0.3981007221103534","0.3899760827470025","0.41593214553247665"
"460","0.3984199775715727","0.39030295142935256","0.41675378622549647"
"461","0.39871191948684054","0.39062751374535315","0.4174407787804633"
"462","0.3989485666024075","0.3908371898594474","0.4179123322100911"
"463","0.39911654760571186","0.3909073150667988","0.4181789476455857"
"464","0.39925573204941867","0.3909769403162556","0.4182757858975147"
"465","0.399369936886473","0.390910886886115","0.41837385322714976"
"466","0.3995228031075749","0.39084509373892035","0.4185014748274363"
"467","0.3996443687146612","0.3908549969829474","0.4184111164261833"
"468","0.39973156033906515","0.3908663740172837","0.41811590605664556"
"469","0.39984415631028597","0.39076587455569967","0.4178229571973539"
"470","0.3999199586910144","0.3908427908056705","0.41753168968005216"
"471","0.400015772830497","0.390919851771357","0.41724096304814295"
"472","0.40016373458570875","0.39099602271389955","0.4170724674469273"
"473","0.400370462368531","0.3912080029728166","0.4169042944138963"
"474","0.4006426048360227","0.3914195329641389","0.41685969126494254"
"475","0.40088528572717347","0.3916295783820736","0.4168140894329721"
"476","0.40113552785170875","0.3919693436693136","0.41681384303319113"
"477","0.401392544804673","0.3921212726167146","0.41702719371070107"
"478","0.4016456630340942","0.39227087947949646","0.41741488286653017"
"479","0.4019056501592459","0.3926067507006132","0.41779920699241285"
"480","0.40216344710029517","0.39276128219122625","0.41818130935460424"
"481","0.4024003634034221","0.39291661163381425","0.41856119602634806"
"482","0.40264104559209307","0.3930722166464074","0.4190209375574545"
"483","0.4028748200017419","0.39309353019798315","0.419480014026306"
"484","0.40303642382181304","0.39322838703453183","0.4198128989199625"
"485","0.40328816083852026","0.393547902427543","0.4202894749086518"
"486","0.4034642507977984","0.3937344325412675","0.4205611433681854"
"487","0.40372191119632594","0.3940721543041503","0.42080754981745894"
"488","0.40397888938156107","0.3944094716748411","0.4208771591559017"
"489","0.40419063209188055","0.394555218625276","0.42113074164631153"
"490","0.40436514700550835","0.39470129167675577","0.42138319286100945"
"491","0.40460190187544215","0.3948434822204386","0.4216350919423064"
"492","0.40477684496025945","0.3951752787609384","0.42168225028767004"
"493","0.40496514213848833","0.39550353128367827","0.4217274380103953"
"494","0.4051970180553407","0.39586627734478413","0.42195704880914686"
"495","0.4053369196081415","0.3960424977775484","0.42203943257665594"
"496","0.4055169945722886","0.3962178918295507","0.4223240922894209"
"497","0.4056900952848855","0.3964374581747031","0.42261501975387555"
"498","0.4058390253147201","0.39683287375407605","0.4229041192200091"
"499","0.40601058478066765","0.39740485506196627","0.4230067653647762"
"500","0.4061827624702811","0.3979737411319718","0.42310776849823933"
"501","0.40632559215400876","0.39872148533418716","0.42320771335531426"
"502","0.40648312529622954","0.39882920041992226","0.42345320246213564"
"503","0.4066956984968897","0.3986655780577475","0.423917268230342"
"504","0.40689948243701934","0.3985157730472833","0.42419611027738696"
"505","0.4072560763819951","0.39837269757657723","0.4246572814025263"
"506","0.40762239450905274","0.39810601945934726","0.4250899183786589"
"507","0.40793475847883665","0.39798718008134343","0.42548997677137523"
"508","0.40827925545532473","0.39787863937285145","0.42588721091210335"
"509","0.4086327114201291","0.3979325843768383","0.42628396117299194"
"510","0.40904401598632995","0.3981428988264282","0.4268196952238133"
"511","0.4094201487597611","0.39836519233408924","0.4273550893445876"
"512","0.40980861900464083","0.3985795019925413","0.4277416080569722"
"513","0.41017532219706265","0.39897838698099725","0.4281100657907347"
"514","0.4105879809744931","0.39936165325313444","0.4286239380511368"
"515","0.4109288918691495","0.3999034067846282","0.42907387105060113"
"516","0.41124104492545654","0.40043072940368896","0.42947401889458353"
"517","0.41151796986555755","0.4009816086794732","0.42984566716522504"
"518","0.41181952620107565","0.4017032057479292","0.43021429277460493"
"519","0.4121431058892223","0.4022500377839734","0.4307130770141111"
"520","0.41246918657295595","0.40262880239113774","0.4312368587478993"
"521","0.41288860070728195","0.4031384148169279","0.4319351775882202"
"522","0.41335365646026573","0.40364392275592875","0.4328007134862851"
"523","0.41374927821333474","0.40415574531135073","0.4334549221166616"
"524","0.4141647872435682","0.404835866105987","0.4341803373562937"
"525","0.41453770654997424","0.4053470698807821","0.43500376358601817"
"526","0.4149071867111621","0.4059950902903648","0.43580870707449154"
"527","0.41531768019243176","0.4061972592458305","0.43646621639623223"
"528","0.41572155536258276","0.40642092765374105","0.4372667816942708"
"529","0.4161431720082486","0.40664626870106013","0.4379298891194837"
"530","0.4165935420135945","0.406852874076575","0.4384215393253217"
"531","0.4169796737960711","0.40706010743848076","0.43891122063850485"
"532","0.4173293385606952","0.4070690342981869","0.4394301818517446"
"533","0.41775380413407737","0.4070789376307174","0.44017627810895066"
"534","0.4181889067784551","0.40715395055306774","0.4409156055226407"
"535","0.41861301979348486","0.4072280140454923","0.4414237448050211"
"536","0.4190098309173079","0.4074337183457568","0.44181082646997555"
"537","0.41942457416192214","0.4076389589995321","0.4423772790477698"
"538","0.41988477491203036","0.40769334570094967","0.4429577304245131"
"539","0.42026845984811034","0.40774464990337184","0.44353668326882245"
"540","0.4206737257881672","0.40782618553690153","0.4441110367431718"
"541","0.4211518880406363","0.4081182858793321","0.44450012440761205"
"542","0.42161148648335356","0.4084080028974862","0.4448720666528309"
"543","0.42201606169052575","0.4088594075412247","0.4450111412529566"
"544","0.4224197549683414","0.4092582464403444","0.44513523510049235"
"545","0.4228928432264228","0.40977340550643493","0.44547835261650554"
"546","0.42342172869070255","0.41015210749721137","0.4458206413205948"
"547","0.42393647466842543","0.4106865865462334","0.4459758453682561"
"548","0.42435247148632166","0.4112183712592065","0.44619903334443123"
"549","0.42479796931457503","0.4117525362390945","0.44642122232371045"
"550","0.42514413946525914","0.41211082376608055","0.44664179099614487"
"551","0.4254186531601699","0.4122530510428507","0.447074322295751"
"552","0.42582642196624604","0.4125999906576278","0.44754523127496754"
"553","0.4262411370943721","0.412781573576568","0.44816258922245805"
"554","0.42654423894019555","0.41283922941185736","0.44875010550095834"
"555","0.4268475346365016","0.41297813849510023","0.4491132175131213"
"556","0.42717605827063954","0.41327975223269253","0.44947418895891933"
"557","0.4275045020345555","0.413421715136345","0.45004369119519755"
"558","0.42790019995623857","0.41377820306233004","0.4505441445446265"
"559","0.4283048490603118","0.41412811882623585","0.45127540724794446"
"560","0.4287674372314492","0.4146917159986455","0.4520080251183812"
"561","0.4293315617423417","0.4154009970112696","0.45252240570050617"
"562","0.4297307727902215","0.41589951556838334","0.4530061788308261"
"563","0.4300958235767217","0.41639787260280686","0.4533380872117803"
"564","0.43051583005671057","0.4168920622162774","0.4536220695551943"
"565","0.4310045866673156","0.41737176678191784","0.45413976821416074"
"566","0.43150165383610534","0.4178932844943708","0.4548895836616062"
"567","0.4319910184743632","0.4185530471050189","0.45542354576922217"
"568","0.43244271162130243","0.4189929668102242","0.4559663853075882"
"569","0.432933153175416","0.41962473186423727","0.4565065400317569"
"570","0.43344189429851127","0.42003842589776746","0.457040799360903"
"571","0.4339387271899226","0.4203021692510445","0.45778683092547373"
"572","0.43447993510505833","0.4205664942108641","0.4583207525396726"
"573","0.4350854629500237","0.42102101605115677","0.4590037138912069"
"574","0.4356956757297839","0.4215910415703779","0.4595414252232046"
"575","0.43622539674024824","0.42214147243182837","0.45998180223595175"
"576","0.43667431566766535","0.4224790325213069","0.4601838885112324"
"577","0.43717866911085784","0.42283960702984713","0.4605566324391937"
"578","0.43770908774793593","0.42334310707689465","0.4609296811765551"
"579","0.43827503961659603","0.42386858867344857","0.46123986016290275"
"580","0.43884861294344457","0.4243896597615703","0.46175378884384555"
"581","0.43943603897778144","0.4249086762260694","0.4622570516541312"
"582","0.44005368607867534","0.4256461806423003","0.4629776806608397"
"583","0.44066460641801475","0.426185075797174","0.46354470739056636"
"584","0.4412772142721046","0.426603627544217","0.4643513843562909"
"585","0.44189117932823596","0.4269624931269178","0.46522924226160467"
"586","0.4426297629658916","0.42749396638353965","0.46634275828583327"
"587","0.4433080712873435","0.428056644296109","0.46746605945601805"
"588","0.4439386755255459","0.4284699911080357","0.46859985299661383"
"589","0.4445488368962701","0.42883224943013665","0.4697461847882786"
"590","0.4451475236921441","0.4291923762540166","0.47081207860406654"
"591","0.4457852923334233","0.4297427149655554","0.47188315641010825"
"592","0.44645414958798335","0.4300678968439985","0.4728887699882373"
"593","0.44710363560709804","0.43060471718613075","0.4741232567151244"
"594","0.4478287378341374","0.43125449229963786","0.4753487123378977"
"595","0.4485525561177523","0.43200654148605605","0.4763524441919854"
"596","0.44929276170518395","0.4327247734326408","0.47735394249064583"
"597","0.44994314198988106","0.4334067185717032","0.47816022614173176"
"598","0.45068419023872563","0.43426849320439403","0.47875898255954735"
"599","0.4513564033035327","0.4351786120703113","0.4791573142148179"
"600","0.45208909861441154","0.4360872726721618","0.47966297988986084"
"601","0.4527680543298428","0.43695903688284665","0.4799420787959615"
"602","0.45340510598040007","0.43782933263706847","0.4802288757667686"
"603","0.45410541414564803","0.4386527017385531","0.4805130454217044"
"604","0.45465353644056855","0.43935791775886","0.48075680690700506"
"605","0.4552500196035478","0.43983412820625367","0.48124319490331335"
"606","0.4557226660205977","0.4401637962840706","0.4814823216292139"
"607","0.4563683488651697","0.4404827800930257","0.48196517321972104"
"608","0.4570039477089263","0.4407911025084392","0.4826823428225398"
"609","0.45767149652049993","0.44086845541610736","0.48339982545144383"
"610","0.4582797069505061","0.4411211714146314","0.48404561217595504"
"611","0.45890493394793186","0.44143036958374376","0.4849410257628486"
"612","0.4595538680019745","0.4418801299703371","0.48587890740273504"
"613","0.46026056976241103","0.4423715631471192","0.48674153995466185"
"614","0.4608775497085234","0.4430107458795256","0.4864825135064438"
"615","0.46143891062156195","0.4438774687263846","0.4857159814218868"
"616","0.4619416352491291","0.44474276032093385","0.484848417166992"
"617","0.4624394925965725","0.4456185587900477","0.48398625382809907"
"618","0.46299477911704506","0.44653575932574324","0.4831118346388624"
"619","0.46352577406807366","0.44745091695355843","0.4823280532115253"
"620","0.4641034757485306","0.4484197405519951","0.48159407863284726"
"621","0.46471411167450505","0.4493801840907814","0.48086294126565177"
"622","0.46533609848484414","0.4504098648176802","0.48014208014567655"
"623","0.46589461558244805","0.4514183807800553","0.47941199850261557"
"624","0.46644754374656394","0.452473482948742","0.47879263240409353"
"625","0.46697720155743044","0.45345665326532997","0.4781769136736531"
"626","0.4676294967607082","0.4546221677373273","0.4777251425413628"
"627","0.46819642300997133","0.4558204604793164","0.4772200164075884"
"628","0.4686921126276692","0.45678927940733166","0.4766498455273633"
"629","0.46904034215269297","0.45799309039612396","0.4760651428111306"
"630","0.4692103081517428","0.4589539139479041","0.4767274182564182"
"631","0.4693101875802701","0.459686331594444","0.47777798760409734"
"632","0.4694325234573973","0.4601929456251553","0.4788474511560607"
"633","0.4695847985484868","0.46072897616298586","0.47991128872904926"
"634","0.4694905697930178","0.4597389649655237","0.48108456491957724"
"635","0.469004690879259","0.45864595855068546","0.4805783797782071"
"636","0.4685447355095553","0.4575649827588388","0.4799261964610143"
"637","0.4681764260347922","0.45652645389520385","0.4795091401303134"
"638","0.46780132765857285","0.4556620171134817","0.47898627653908"
"639","0.46738238039265756","0.4547959774096115","0.47846798486663883"
"640","0.46690876138079007","0.45409024684754395","0.4779507805389669"
"641","0.4665205874401221","0.45358364522612843","0.47745711356698595"
"642","0.466163979136498","0.45325631167863456","0.47696954123784857"
"643","0.46576197245841405","0.45278891825751044","0.47649985906766296"
"644","0.4653679364233729","0.45232209233525755","0.4760146075621113"
"645","0.4649672083976558","0.4518337950223121","0.47554250925484326"
"646","0.46451582511583284","0.4513294929152693","0.4760099116848217"
"647","0.46407106099015083","0.4508168177919526","0.47675192647792247"
"648","0.4636655739745444","0.4503345560839256","0.47771889267618833"
"649","0.46326527078590035","0.4496513639258507","0.4788809845089825"
"650","0.46290143771477077","0.44882867437872825","0.4800883615987573"
"651","0.46253256851660635","0.44802060402894395","0.4812970697322731"
"652","0.46206400550785104","0.4472183434071331","0.4822025824579433"
"653","0.4612827168759213","0.446525553047906","0.4816747041583094"
"654","0.46045051805770865","0.4458659295869647","0.4811636400651427"
"655","0.4596143131711827","0.4452620652263299","0.48063706600574224"
"656","0.45882563324443676","0.44462879486476536","0.4800693951142406"
"657","0.4580535915441749","0.44398979954483986","0.4795014490032666"
"658","0.4573228236240598","0.44335258640608644","0.478955733514418"
"659","0.4566480432339122","0.44275954065929324","0.4783902977831557"
"660","0.4560456225071615","0.4421675630811599","0.47783553295702846"
"661","0.45531353164204785","0.44159790047093567","0.47725344360377625"
"662","0.4546288277596641","0.44102727194717783","0.4766934155342313"
"663","0.4539624894918658","0.44046912374651714","0.4760510577228067"
"664","0.45327472684553155","0.4398861419100877","0.47521185665488747"
"665","0.4525509107050703","0.4392997457471634","0.474226827920428"
"666","0.4517747845827758","0.43870819506717096","0.47318845847711355"
"667","0.4509770542950651","0.4380538938125938","0.47216907446951956"
"668","0.45019781429448325","0.437480268259184","0.47114380815627116"
"669","0.4494561939762624","0.43705113391189526","0.470170970868308"
"670","0.4485612651465594","0.4365348075567424","0.4691815139780264"
"671","0.4477538462944886","0.4359089427088229","0.468230928457962"
"672","0.44691536848284175","0.435347133801583","0.46725556214467334"
"673","0.4461441765265981","0.4347881018911374","0.4663729650987853"
"674","0.445460189785332","0.43418277601725497","0.46569421917832693"
"675","0.4448703620398319","0.4335898001187685","0.4651168367847917"
"676","0.444363084175893","0.43301596454364544","0.4645979132753334"
"677","0.443928241296489","0.43252547058205076","0.464045642964813"
"678","0.44345853099876653","0.4317418652225527","0.46351002583156925"
"679","0.44299073653988785","0.43096122038452284","0.4629752388496304"
"680","0.4427089208227528","0.43016197373733006","0.4624597186614231"
"681","0.44251573310251535","0.42932230715059333","0.4619120892630629"
"682","0.44243321071011266","0.42875809838934287","0.4614075666328949"
"683","0.4423394369396113","0.42842672560185907","0.4609429534696163"
"684","0.44221786721772494","0.42813895394584633","0.46029414636951577"
"685","0.4421450321675976","0.42805498533873193","0.4597464920558917"
"686","0.442062964330291","0.42815008405601596","0.4592246562871747"
"687","0.44193153862540224","0.4282348718531926","0.4587164793872345"
"688","0.4418098456817908","0.4282972285286116","0.4581413871727755"
"689","0.44163077113182175","0.4283764312289865","0.457480963550119"
"690","0.44147232140729137","0.428651809356896","0.4567942265657731"
"691","0.44120006606379886","0.4283030877584274","0.4560461168196567"
"692","0.4408505927912819","0.42768655717778836","0.45529291533872956"
"693","0.44044455891698736","0.42706467095596196","0.4545641872419799"
"694","0.4400661850297019","0.42645270962734433","0.45401709526995815"
"695","0.4395486399988737","0.4258382778047659","0.4534118465153821"
"696","0.43902911022595636","0.42524481815734394","0.45284320082390006"
"697","0.4385783182787277","0.4247832058033736","0.45228597989488223"
"698","0.4381608761658276","0.42459882973523444","0.4517844446164571"
"699","0.43777589930379257","0.42460846009405645","0.45118848972064424"
"700","0.437423348736729","0.42487584035264775","0.4505991433525836"
"701","0.43711978237499566","0.4253419748441658","0.4500901066967274"
"702","0.4368237962480134","0.4260675118924042","0.449332313370325"
"703","0.4365888712798422","0.4267565841615696","0.4485569642964515"
"704","0.43638646573301854","0.42744256964520405","0.4478216990825363"
"705","0.4363454406502195","0.427820313001827","0.4470109003095386"
"706","0.4362510734283694","0.42778235230225437","0.44647064219144417"
"707","0.4362490318582541","0.42769689651723575","0.4466905391946327"
"708","0.4362732460739477","0.4276054040647443","0.4471367697166399"
"709","0.4363286602958425","0.4274383062911068","0.44763768176772323"
"710","0.4363003424084546","0.42726861317973713","0.44796637303555525"
"711","0.4362786600290514","0.42710059689297597","0.448318835971437"
"712","0.43620289648997534","0.4267234442753524","0.4486599393073081"
"713","0.4361618941446082","0.4263377168532839","0.4490819221440954"
"714","0.4361098478484163","0.42606542545387044","0.44939632342468006"
"715","0.4359124146552098","0.42560515703357826","0.4497838417373799"
"716","0.43588774646965006","0.4259280698768054","0.4501650545064525"
"717","0.4357340676167275","0.42622685092882884","0.4498559613182526"
"718","0.43558896207749215","0.4267686358660299","0.4493558982557668"
"719","0.4354088339188541","0.4273976339956144","0.4488037109843039"
"720","0.43524974799207883","0.4279414201557092","0.44855029044975414"
"721","0.43508034952579083","0.42722919772301987","0.4484910357051832"
"722","0.4348956100557146","0.4264891059744395","0.4484654826247267"
"723","0.43467874631642667","0.4256915320764553","0.4484176100968471"
"724","0.4344368538470138","0.42498187930416476","0.44847452747343997"
"725","0.43436726260095926","0.42459978382947106","0.4485335804678415"
"726","0.4343709830581677","0.4246511972475013","0.4486897056998794"
"727","0.43444152878976255","0.42480011640808135","0.44894937668504864"
"728","0.43454334911122655","0.4252551803212322","0.44918270056752"
"729","0.434722570109318","0.42593250469223715","0.44942606897495135"
"730","0.43491780505463584","0.42695265589932513","0.449433757819509"
"731","0.43519380217112935","0.4281024759291838","0.44945975890066026"
"732","0.4355745044799278","0.4292528834321028","0.44948270295634596"
"733","0.435978632577058","0.43031937835112993","0.449502115006317"
"734","0.4363744961673449","0.43130181337708856","0.4493095342482075"
"735","0.43671121282079445","0.4320891732932009","0.44914088216277276"
"736","0.436869155280864","0.4321791402393873","0.44891435210386865"
"737","0.43695444651002086","0.43197805853694027","0.44865406135995367"
"738","0.4369707042169237","0.4317834108819774","0.4483997930258748"
"739","0.43695802394726097","0.43158685450819867","0.44815155435052306"
"740","0.43692113321129894","0.4313900502447137","0.4479684520187976"
"741","0.43686356863999826","0.43122561605697934","0.44780595634809794"
"742","0.43676699646340367","0.4311116383030013","0.4476275913491555"
"743","0.43671913161816833","0.43099920193393043","0.44751294423270305"
"744","0.43669500320267723","0.4308638737429512","0.4476944103948027"
"745","0.436679080762138","0.4306827411435913","0.44779067230055614"
"746","0.4366090311180967","0.430515899132941","0.4478382754442854"
"747","0.4365163241962856","0.43063636816122436","0.4477988779894666"
"748","0.4364559952177192","0.43073241751599717","0.4478138159499305"
"749","0.43646419187782415","0.4299055323004158","0.4478070728988995"
"750","0.43645668270422283","0.42911096796612236","0.447724598876836"
"751","0.43641806529666616","0.428299611673655","0.44780926186233305"
"752","0.43640512892415495","0.4275818957403124","0.44788450447360006"
"753","0.4363399300267532","0.42707389654137184","0.4478064826527003"
"754","0.4363280233563172","0.4268999707657013","0.4475910275859146"
"755","0.4362266424477005","0.4265434697684827","0.4474349785448342"
"756","0.4362564689234339","0.4266677845465424","0.4473266967337395"
"757","0.43632186578144294","0.42720335211526367","0.44721615890790867"
"758","0.436359009551923","0.42774235938531496","0.44708523523661325"
"759","0.4363376655716712","0.4284863109162196","0.4469603096499989"
"760","0.4362967952965189","0.4290132812120732","0.44670329700805567"
"761","0.4363498239120604","0.42948276336358365","0.44637784235380173"
"762","0.43644424442981444","0.430006899988068","0.44649503649987216"
"763","0.4365573478713255","0.43038876779123025","0.4467302281918241"
"764","0.4367004190314746","0.4304441707651842","0.4474756100417669"
"765","0.43693181322628655","0.43063282355244137","0.44825476264595027"
"766","0.43711431488811564","0.43047510856569393","0.44905098957080547"
"767","0.4372754676637459","0.43019914356589023","0.4498480754295722"
"768","0.43744081587658024","0.42997269910617103","0.45061379199942386"
"769","0.43748833677717347","0.4296575238297943","0.4513024835608515"
"770","0.4376217058775628","0.4296069315810723","0.4522518141108312"
"771","0.4376192466838922","0.4296336915315972","0.4531220968458761"
"772","0.4375758157401509","0.4295372413074184","0.45357864687686383"
"773","0.4374951236237008","0.42940876188128607","0.4539423991974092"
"774","0.4373313365154112","0.42928078371414397","0.45383907755466446"
"775","0.43714360865257407","0.42915239736247424","0.4537213388230066"
"776","0.43691622500542915","0.42898674782083124","0.45358099314164785"
"777","0.4368529044023589","0.4287918896126714","0.4535151622184341"
"778","0.436930464306292","0.4285324642579535","0.45344894801582564"
"779","0.43716336674355","0.4284500218482552","0.4534554707996864"
"780","0.43733408892150216","0.4284667473775446","0.45304861105219263"
"781","0.4376012049372961","0.4281752203523671","0.4526677799663915"
"782","0.437936011511456","0.42795826996301084","0.45221687015323"
"783","0.43818517428748543","0.4276003997162973","0.4517840242819312"
"784","0.438563434909763","0.42729150728833853","0.45128803746655405"
"785","0.4389575432033504","0.42708004851319437","0.4507659128848838"
"786","0.4393908877841664","0.4270163788448707","0.4502423793519871"
"787","0.43972997627584204","0.42735716590969947","0.4496685198022968"
"788","0.44003134581157033","0.42777921193076357","0.4494153875773817"
"789","0.44027731152562233","0.42806283297020925","0.4492755711112365"
"790","0.4405942632851493","0.42822937582385573","0.4497233017264489"
"791","0.44094034000188104","0.42873455435454727","0.45034139927161565"
"792","0.4412451668628279","0.4291548116075826","0.45125203644027956"
"793","0.4416278500285329","0.42969522534171284","0.4521435664970557"
"794","0.44191580928600444","0.4302842940398323","0.4531153142871749"
"795","0.4421797613780415","0.4307758830441541","0.4541002738370386"
"796","0.44242783019821497","0.43121527038746194","0.4551375963124155"
"797","0.4425926049135221","0.4312710954175737","0.4560644641925562"
"798","0.4426274849169773","0.4311830141296108","0.4567060833430924"
"799","0.4426536586508165","0.43121417734693307","0.45722073008528485"
"800","0.4426281375704904","0.43118682760176674","0.4574217373294044"
"801","0.4425601564972309","0.4310524529679515","0.4573660215063975"
"802","0.4424285484832498","0.43091591124885315","0.45694515087011384"
"803","0.44228241889635","0.43083724701255705","0.45659786780336803"
"804","0.4421205556352322","0.4306581459193189","0.4562537064082736"
"805","0.44195306763340614","0.43044706014020306","0.4560011090612725"
"806","0.44179735741429066","0.4303456131251196","0.45571003792728854"
"807","0.4417872299834237","0.43090642129518775","0.45550058191020315"
"808","0.4418309988913648","0.4317295097426432","0.4552387113057143"
"809","0.4419150211753271","0.432598060221568","0.4549894021060901"
"810","0.44200092319200407","0.4334939124255982","0.4548424778145499"
"811","0.44213329828735465","0.4345238519138539","0.45493180466022815"
"812","0.4422884978138734","0.43556461906809246","0.4551443500260556"
"813","0.4424554014836205","0.4359614565733921","0.45533590418093184"
"814","0.4426403856126628","0.4357323181625033","0.4556480499401648"
"815","0.44284112946148807","0.4356278698564864","0.4558525980571977"
"816","0.4430406723967211","0.43562454207680107","0.4560748528246103"
"817","0.4430715521401137","0.43574900049377635","0.45627180088226355"
"818","0.4430809768545765","0.4359858206438108","0.456459238399307"
"819","0.4429988296079176","0.43608609714258056","0.45660548967268183"
"820","0.4429033819146738","0.43613801230177657","0.4567088133729294"
"821","0.44281458544361324","0.4362780741217208","0.45656863558588967"
"822","0.44279888228264275","0.43640223362211616","0.45646185225680735"
"823","0.4428012457252522","0.4366066342633013","0.4562971784181629"
"824","0.442881128470591","0.4367226912764834","0.4561947170454893"
"825","0.44297679396887846","0.4369351672601645","0.456130283654899"
"826","0.44316537387539856","0.4370054569974159","0.4560462803890418"
"827","0.44336354827905333","0.43697984427392744","0.4561397027521072"
"828","0.4435754834161931","0.4368092285631212","0.4563887448393679"
"829","0.44389738785584704","0.43684118222021967","0.4568519433660282"
"830","0.4442613748471434","0.43685480005069705","0.45744828702853735"
"831","0.4445913967315763","0.4365778352208449","0.4580709400141921"
"832","0.4448656481250234","0.43629624822045426","0.45860882039593487"
"833","0.4451201074622972","0.43605603477101007","0.4591238413847396"
"834","0.44527259583704415","0.4356776744677017","0.45944652507319583"
"835","0.4454131645153536","0.4352819517594181","0.45965424844442726"
"836","0.44547528149202514","0.4349747586445628","0.4598548707964131"
"837","0.4456548212710116","0.4353362417572779","0.45990790530581327"
"838","0.4457632370866005","0.43570794344151836","0.4598928318351284"
"839","0.44590059149435596","0.4362735644581216","0.459687039787735"
"840","0.44602561229044096","0.436830176581621","0.4593209730543412"
"841","0.4461522006122626","0.4373177667554894","0.4590745777226594"
"842","0.44634537546761377","0.4378570229420689","0.45909413320209164"
"843","0.4466445659430979","0.4383511058712503","0.4596201056549924"
"844","0.447045489881008","0.4387157623261366","0.46053114018720326"
"845","0.44743897985498765","0.4391187099304774","0.4615324650547273"
"846","0.4478587201213992","0.4394713625680246","0.4625351866139399"
"847","0.44817913292904465","0.4393487128676862","0.4635349522816405"
"848","0.448564624369222","0.43925859393874345","0.4644614708262301"
"849","0.4488595027145972","0.4390630831131547","0.4653563561451535"
"850","0.4491021981718223","0.4388898731353915","0.4662263688314611"
"851","0.449334474836002","0.43881358471862786","0.46697299058069475"
"852","0.4494610118463189","0.4386849877521002","0.46749953296386376"
"853","0.44949440195118096","0.4386357574585359","0.46750669029913566"
"854","0.44942892157411823","0.4388378831066596","0.467168613920063"
"855","0.4493366365984883","0.4390081898431494","0.46683070870302"
"856","0.4491934640885911","0.43913861135644894","0.4665163230002166"
"857","0.44903785344678243","0.4392744218290757","0.4662217265536773"
"858","0.4489343225388624","0.43949428155285836","0.4659509001374405"
"859","0.4489586812227572","0.44014551211881253","0.4657619593186213"
"860","0.44902643867033215","0.4408063531176605","0.46563218767424064"
"861","0.4490700013603529","0.4413435846658908","0.46548177323406487"
"862","0.44916105362751224","0.44190884683059406","0.465333130296132"
"863","0.4492516204927141","0.442416391017511","0.46517313217902473"
"864","0.4493598528477694","0.44280092622961426","0.46514459041576817"
"865","0.4494909098154897","0.4431662990838782","0.4651551786650161"
"866","0.4495928367115761","0.44344897233943503","0.46513826421135945"
"867","0.4496943154731012","0.4437006218141005","0.46510063400103313"
"868","0.449742883921134","0.4438572008487743","0.46513777478372936"
"869","0.4496638963359155","0.4435065493013815","0.4651821038831612"
"870","0.44956677489290336","0.44313930280733843","0.46519857209095195"
"871","0.44949398498391246","0.4427669416773143","0.46518474317147085"
"872","0.449447263103559","0.4424227381234071","0.4651850023775711"
"873","0.4494421580033207","0.44225282140912714","0.46532970165054016"
"874","0.4494845896498382","0.44215178121265564","0.4653641641191736"
"875","0.44958658233467963","0.44228587066040603","0.4653909652768715"
"876","0.44983823374951604","0.4427441554325477","0.46544163085332635"
"877","0.4501366822978918","0.44342659185487954","0.46549000298791754"
"878","0.45041960156932365","0.44411184504584644","0.46544793604822093"
"879","0.4508020079449745","0.4451529891017394","0.4653829190415894"
"880","0.4512505727941253","0.44595212166151066","0.46540693579034204"
"881","0.45167047969169316","0.44623899172684794","0.4655978840042727"
"882","0.4520334150910865","0.44658121169810966","0.46583102158914896"
"883","0.4523475673644958","0.4469303067603936","0.46616079700973606"
"884","0.45261225060848165","0.44707778195590525","0.46641564009872727"
"885","0.452807116004826","0.4471513416597205","0.46664585077375176"
"886","0.45286757110970477","0.446973487150996","0.4668445725393683"
"887","0.453052207996054","0.4469584902625662","0.46748173958022016"
"888","0.45321583787462993","0.44700771736076433","0.4681116540328721"
"889","0.45329239481843125","0.44698081973424375","0.46872758299837264"
"890","0.4533016123696066","0.4469636244347923","0.46925347270098167"
"891","0.4533122474052792","0.44694692187743273","0.4696828098350517"
"892","0.4533111080364704","0.4468431802107782","0.4700447541936783"
"893","0.45329761588027084","0.4467752734502556","0.4701396196037078"
"894","0.45339480715568403","0.44729905506772183","0.47024083261192373"
"895","0.4535964484498923","0.44785678387334504","0.470338245851992"
"896","0.4538036703478924","0.4483839040932123","0.4704216324457995"
"897","0.4539999141790296","0.4487970223509878","0.4700877224023105"
"898","0.45432071974516264","0.44940080386211023","0.4697523845441723"
"899","0.45472242631829235","0.45003986216096514","0.4694487982339118"
"900","0.45519613020087224","0.4506251827151163","0.4691482663238432"
"901","0.45566000556547104","0.451002536709183","0.46881588500768645"
"902","0.4561356563647571","0.4513819042404619","0.4685886398964165"
"903","0.45661537573129723","0.45175402746682575","0.46843467360326846"
"904","0.4569658289982332","0.452123960641054","0.4683178218624529"
"905","0.4571976000632926","0.45247715892107815","0.4682412670815488"
"906","0.45749279046535685","0.45263859037053156","0.4684852227004402"
"907","0.45767738448916634","0.4525853917861937","0.4688774063381439"
"908","0.4577340870615079","0.45234260817116684","0.46928100636184256"
"909","0.4576843440017456","0.4520370907108129","0.4696527581835938"
"910","0.45754997287047355","0.4517132145904591","0.4700131214450936"
"911","0.4574243463130059","0.45139229343301684","0.4703390098769265"
"912","0.4573113422458134","0.45102775697962","0.47056543221150604"
"913","0.4572538877046144","0.45079942302112586","0.470868859100624"
"914","0.45723005563670505","0.4507730009356578","0.47117954566924064"
"915","0.4572472143590852","0.4508646169842155","0.47145963457947027"
"916","0.4573465177296587","0.4511935379849006","0.47148774973351554"
"917","0.4574484793087123","0.45157419875957533","0.47133434941959373"
"918","0.4576083835914462","0.45214863519730947","0.4711781394317071"
"919","0.45772591568473525","0.4529011273961623","0.471023827673104"
"920","0.4578930233137197","0.45335085336435865","0.47087457861057497"
"921","0.45810295086052016","0.4536460866504814","0.4707589439117677"
"922","0.458305684606313","0.4539420742201825","0.4706918186490797"
"923","0.4585182247278457","0.4542428589900526","0.4706889664731395"
"924","0.458669508621132","0.4540657013049398","0.4706894690120095"
"925","0.4587906191897143","0.45368449267309174","0.4706676570561835"
"926","0.4587551387347014","0.45316277876664296","0.47063994176631074"
"927","0.4587176060401026","0.45261704538529063","0.4706325620008094"
"928","0.45868899384404205","0.4522193677244465","0.47066021570834266"
"929","0.4587316582969797","0.45224971063312136","0.470769375170092"
"930","0.4588060664800377","0.45235953376173765","0.47086444314342524"
"931","0.45885278831602694","0.45242428394715856","0.4709486229675232"
"932","0.4588995449522769","0.45247885064209514","0.4710849762435429"
"933","0.4589506405721394","0.45256608076509597","0.47115035383893833"
"934","0.4590884208471794","0.4527798824820477","0.47125463340175633"
"935","0.45931319122737974","0.4533556104615511","0.47144636854116817"
"936","0.4595486625708656","0.453912922424478","0.4715083218710901"
"937","0.4597631368275392","0.4543969989737849","0.47153876478543816"
"938","0.45998107710304115","0.4545646307591899","0.4715244273068238"
"939","0.4602036644228365","0.4548064265485474","0.4714359823198605"
"940","0.46036663029644814","0.4550668543950043","0.4713919280755834"
"941","0.460548865614272","0.45546602928208213","0.4713414705994208"
"942","0.46072130959832036","0.4558762812440431","0.47115339742703394"
"943","0.4608453937830529","0.45631902307122707","0.4709262451787959"
"944","0.46086243089111856","0.45645754481000933","0.4705418932040014"
"945","0.46079107027841715","0.45658896423448264","0.4700784337984229"
"946","0.46073277581466554","0.45671099626285694","0.4696151339687916"
"947","0.46071474680413277","0.45683515189734764","0.4691242935418719"
"948","0.46063760850412044","0.4569189680139249","0.46863457088081306"
"949","0.4605337462132474","0.4569128301142726","0.4681955776303265"
"950","0.4604158474747135","0.45689938448941886","0.46777643293030746"
"951","0.46041325580039005","0.45673990998751984","0.4678154688515219"
"952","0.4604659077832484","0.45669157837043156","0.468016013638136"
"953","0.46057412247538265","0.4565371271472896","0.468570146073488"
"954","0.46081411907378655","0.4564246563713649","0.4696678182678835"
"955","0.4611353742056329","0.4564831941203084","0.47093926646306855"
"956","0.4614384527764385","0.4566199238894823","0.47226373951178774"
"957","0.4616863103982216","0.45686283701254043","0.47361316975884177"
"958","0.46193959106775395","0.4571176071277856","0.4749746618790496"
"959","0.46227688651561183","0.456999355264508","0.4763236456913274"
"960","0.4627206858701126","0.457124588425096","0.4778551251369378"
"961","0.4630646871780623","0.4572823317291868","0.47894399543533994"
"962","0.46344009173475104","0.45744016214676525","0.47991524437606514"
"963","0.4637610795365631","0.45762940639754707","0.4804876596311406"
"964","0.46398467008841476","0.45779834537835734","0.48070953390836296"
"965","0.46419693829253134","0.4583088199448546","0.4807646558315518"
"966","0.4643999502907182","0.4587746526874978","0.48084164657097245"
"967","0.4647020197273563","0.4593167572731049","0.48093373659448624"
"968","0.46501175538004097","0.4599212472285894","0.48100410240055275"
"969","0.4652969412185334","0.46066417568898765","0.48101935443220345"
"970","0.4654668485623419","0.4610100525790397","0.4808052557732224"
"971","0.46560988564049294","0.4607919895904756","0.48061410553827044"
"972","0.46566981812774155","0.46055889540919737","0.4804009030422267"
"973","0.4656858521585546","0.4602297764602043","0.4801748398855552"
"974","0.4657108229802048","0.460000377434862","0.47984559439175534"
"975","0.46566383235876946","0.45980501025940307","0.47951253816283645"
"976","0.4657022669665321","0.45976307612202016","0.47943334717049546"
"977","0.4656790013537875","0.4599724430542062","0.4793526054627565"
"978","0.4656445340357118","0.4601753670195591","0.47928917680132466"
"979","0.46555637714911546","0.46038557247848816","0.4792738225203786"
"980","0.4655103101697072","0.4606391457777096","0.4793427966666785"
"981","0.4654382983552427","0.4608931029778872","0.479396626708027"
"982","0.4653616440564427","0.4611216622832545","0.47944901705730003"
"983","0.4654078381422533","0.4613787072879523","0.4795076294847711"
"984","0.4654775952317981","0.4610336123969545","0.4795529464934694"
"985","0.46562893306421316","0.46076994730945353","0.47960068462332045"
"986","0.4657066597335696","0.46055182510401177","0.47940114076430385"
"987","0.46577576588492275","0.4603485376709687","0.47919585295275363"
"988","0.4659664629628887","0.46022304499567973","0.47954310679993034"
"989","0.4662266303871022","0.46009033497495627","0.47997526135137425"
"990","0.46646490543248137","0.4599909437667577","0.4803484640120938"
"991","0.46670491246847207","0.4598824588366595","0.4806919603636224"
"992","0.4669538802347922","0.4598046045154503","0.4810946070724243"
"993","0.4671031808602953","0.4597270338574394","0.4815109796488625"
"994","0.46721764504604846","0.45962749771947714","0.48205179955040106"
"995","0.46725074830512037","0.4594475267613177","0.48258814734230504"
"996","0.4672941763036825","0.45940142095493447","0.4831259922660013"
"997","0.46734068846873944","0.4594120687431148","0.48363129924519527"
"998","0.46731351296069157","0.45940972219517373","0.4835769147664522"
"999","0.4672493527394517","0.4594058363563261","0.4833976833292468"
"1000","0.4672401945377979","0.4593965439990211","0.48329701824525595"