"Step","env: TAXI - losses/qf_update_0","env: TAXI - losses/qf_update_0__MIN","env: TAXI - losses/qf_update_0__MAX"
"1","-0.580002","-1","0"
"2","-0.70200960002","-0.90001","0"
"3","-0.7078084600740002","-1","0"
"4","-0.720008","-0.90001","0"
"5","-0.36200360002","-1","0"
"6","-0.4878104600740002","-0.90001","0"
"7","-0.70200960002","-0.90001","0"
"8","-0.46390942119980183","-1","0"
"9","-0.52200760002","-0.90001","0"
"10","-0.6228355522052011","-1","0"
"11","-0.5951352532970026","-1","0"
"12","-0.8716117201080003","-1","-0.729024300270001"
"13","-0.6532334321172006","-0.90001","0"
"14","-0.5995247181940335","-1","0"
"15","-0.6552330321372006","-1","0"
"16","-0.6732314321172007","-1","0"
"17","-0.6698120600940002","-1","0"
"18","-0.3078084600740002","-0.8100180001","0"
"19","-0.33543148829101593","-0.6561291604860036","0"
"20","-0.7240195823656035","-0.90001","-0.5905228057290082"
"21","-0.6878104600740003","-1","0"
"22","-0.5258068600540001","-1","0"
"23","-0.72200760002","-1","0"
"24","-0.72200760002","-1","0"
"25","-0.5440175823656035","-0.8100180001","0"
"26","-0.717780581607812","-0.90001","-0.478334102110052"
"27","-0.39513525329700255","-0.729024300270001","0"
"28","-0.6239134211998018","-0.90001","0"
"29","-0.6498140600940002","-0.90001","0"
"30","-0.3995247181940337","-0.8100180001","0"
"31","-0.4671716377924935","-0.90001","0"
"32","-0.4801081611658017","-1","0"
"33","-0.6370458363680672","-0.8100180001","-0.5314764303841646"
"34","-0.1312258320972007","-0.6561291604860036","0"
"35","-0.6497282047244123","-0.729024300270001","-0.478334102110052"
"36","-0.43109830871302635","-0.6561291604860036","0"
"37","-0.3726975125732113","-0.729024300270001","0"
"38","-0.5066812117696607","-0.90001","0"
"39","-0.2394954465741627","-0.8100180001","0"
"40","-0.5258068600540001","-1","0"
"41","-0.5477669665528435","-1","0"
"42","-0.3477669665528435","-0.729024300270001","0"
"43","-0.5754454117616261","-0.6561291604860036","-0.4305054752400679"
"44","-0.48189369377679725","-0.90001","0"
"45","-0.4666940035675456","-0.5314764303841646","-0.3138489528492947"
"46","-0.2610770776612328","-0.478334102110052","0"
"47","-0.5165261387253637","-0.8100180001","0"
"48","-0.5439677065188434","-0.90001","0"
"49","-0.3691015666621631","-0.729024300270001","0"
"50","-0.5307259496986741","-0.8100180001","-0.3138489528492947"
"51","-0.4694270732760474","-0.729024300270001","0"
"52","-0.5834772804960107","-0.90001","0"
"53","-0.45011169032769943","-0.6561291604860036","0"
"54","-0.44905738253569627","-0.8100180001","0"
"55","-0.3189451034051801","-0.6561291604860036","0"
"56","-0.3108744856378725","-0.8100180001","0"
"57","-0.26213981794205843","-0.5314764303841646","0"
"58","-0.4523437068182557","-0.8100180001","0"
"59","-0.564615373517904","-0.90001","-0.3138489528492947"
"60","-0.4491617943617651","-0.6561291604860036","-0.3138489528492947"
"61","-0.5151642669961731","-0.90001","0"
"62","-0.515982233642609","-0.6561291604860036","-0.3487171840860598"
"63","-0.34499721366501274","-0.6561291604860036","0"
"64","-0.3382012411788467","-0.729024300270001","0"
"65","-0.24495498161451756","-0.478334102110052","0"
"66","-0.6224429493904233","-0.90001","-0.3487171840860598"
"67","-0.16734594999297164","-0.3874592327708135","0"
"68","-0.5001843707318596","-0.729024300270001","0"
"69","-0.2037287225821534","-0.3874592327708135","0"
"70","-0.3769336502226481","-0.8100180001","0"
"71","-0.2774347358920344","-0.478334102110052","0"
"72","-0.20871767865136343","-0.6561291604860036","0"
"73","-0.2588576057365475","-0.5314764303841646","0"
"74","-0.3030503624116333","-0.5314764303841646","0"
"75","-0.2602221617929321","-0.3874592327708135","0"
"76","-0.3886292950477107","-0.5314764303841646","0"
"77","-0.41101070355993097","-0.5314764303841646","-0.3138489528492947"
"78","-0.3440740923412937","-0.8100180001","0"
"79","-0.2101343113603784","-0.5905228057290082","0"
"80","-0.45575036403747804","-0.8100180001","-0.2542233011204649"
"81","-0.4473831640877629","-0.729024300270001","-0.3138489528492947"
"82","-0.2494049639183396","-0.4305054752400679","0"
"83","-0.348552759242415","-0.6561291604860036","0"
"84","-0.1719975786762766","-0.3487171840860598","0"
"85","-0.3687921525190462","-0.6561291604860036","0"
"86","-0.15211361679817956","-0.3487171840860598","0"
"87","-0.1652224619243297","-0.4305054752400679","0"
"88","-0.09660536287237889","-0.2542233011204649","0"
"89","-0.1837871326309956","-0.5314764303841646","0"
"90","-0.241084788156339","-0.4305054752400679","0"
"91","-0.3987171828336437","-0.5314764303841646","-0.2824671960538937"
"92","-0.23995601145773637","-0.478334102110052","0"
"93","-0.285397800509242","-0.6561291604860036","0"
"94","-0.318392482386612","-0.4305054752400679","-0.20592544995241902"
"95","-0.34906707664669184","-0.90001","0"
"96","-0.29981946050172503","-0.90001","0"
"97","-0.2519218702432392","-0.3874592327708135","-0.1501246570593474"
"98","-0.21512857969805416","-0.478334102110052","0"
"99","-0.2923163407001036","-0.729024300270001","0"
"100","-0.30392451282735633","-0.3874592327708135","-0.20592544995241902"
"101","-0.35685549214289136","-0.5314764303841646","-0.2542233011204649"
"102","-0.14757328409783083","-0.3874592327708135","0"
"103","-0.2834572359182099","-0.478334102110052","0"
"104","-0.24720130420271375","-0.5905228057290082","0"
"105","-0.3930676851666165","-0.6561291604860036","0"
"106","-0.21945458615520116","-0.3487171840860598","-0.121603674476911"
"107","-0.13219518806356795","-0.3138489528492947","0"
"108","-0.13787524930218958","-0.3874592327708135","0"
"109","-0.24961073870517705","-0.6561291604860036","0"
"110","-0.4020138451067444","-0.729024300270001","-0.2542233011204649"
"111","-0.15216025963278915","-0.478334102110052","0"
"112","-0.26163554789280913","-0.729024300270001","0"
"113","-0.21058913163546822","-0.4305054752400679","0"
"114","-0.23686699999640054","-0.3874592327708135","0"
"115","-0.2040227849538483","-0.3138489528492947","-0.1351136925999833"
"116","-0.344189456710954","-0.729024300270001","-0.16680332114015106"
"117","-0.44528542084231953","-0.8100180001","0"
"118","-0.28545051113877334","-0.5905228057290082","0"
"119","-0.3851817384942603","-0.729024300270001","-0.16680332114015106"
"120","-0.11352124604359781","-0.3487171840860598","0"
"121","-0.1908880023140842","-0.5905228057290082","0"
"122","-0.16307704818590346","-0.2542233011204649","0"
"123","-0.0738112203979209","-0.20592544995241902","0"
"124","-0.25654724946147645","-0.3874592327708135","-0.05816718444419622"
"125","-0.23303841354674565","-0.6561291604860036","0"
"126","-0.06738648481945761","-0.1853349642116766","0"
"127","-0.24496408307799253","-0.5905228057290082","0"
"128","-0.12600451179202646","-0.1853349642116766","-0.07978771684654895"
"129","-0.34918988148849844","-0.478334102110052","-0.20592544995241902"
"130","-0.19659349845371524","-0.4305054752400679","0"
"131","-0.12199926409664474","-0.2824671960538937","0"
"132","-0.3731548775637098","-0.5905228057290082","0"
"133","-0.26108754692126446","-0.6561291604860036","0"
"134","-0.2047934214934281","-0.3487171840860598","0"
"135","-0.21363531744353711","-0.5905228057290082","0"
"136","-0.14429405014756547","-0.3874592327708135","0"
"137","-0.18433385497036353","-0.4305054752400679","0"
"138","-0.16544423405722306","-0.4305054752400679","0"
"139","-0.13987536542248738","-0.22880351324142956","0"
"140","-0.11896535955338097","-0.20592544995241902","0"
"141","-0.20334958580950105","-0.5314764303841646","0"
"142","-0.046490286125322425","-0.1853349642116766","0"
"143","-0.31977041546803925","-0.5314764303841646","-0.05235104767162102"
"144","-0.1335610945779671","-0.3138489528492947","0"
"145","-0.11801935941108208","-0.3138489528492947","0"
"146","-0.205980129898692","-0.4305054752400679","0"
"147","-0.14558778070501321","-0.6561291604860036","0"
"148","-0.1713260652797531","-0.3874592327708135","0"
"149","-0.2628846664274546","-0.6561291604860036","0"
"150","-0.20753868560947009","-0.4305054752400679","-0.121603674476911"
"151","-0.0690275764259644","-0.22880351324142956","0"
"152","-0.13270649528705564","-0.22880351324142956","0"
"153","-0.2709255672443188","-0.4305054752400679","-0.1501246570593474"
"154","-0.11083910551803042","-0.2824671960538937","0"
"155","-0.30471541748309805","-0.4305054752400679","0"
"156","-0.19444007936662266","-0.4305054752400679","0"
"157","-0.10383150178717178","-0.4305054752400679","0"
"158","-0.17905540290731375","-0.3487171840860598","0"
"159","-0.14069876366290193","-0.2824671960538937","0"
"160","-0.151989479176576","-0.3874592327708135","0"
"161","-0.14210683915800587","-0.22880351324142956","-0.088652033695791"
"162","-0.08136840482724834","-0.1501246570593474","0"
"163","-0.11321161458138285","-0.1853349642116766","0"
"164","-0.11693476633601382","-0.20592544995241902","0"
"165","-0.18140927600179524","-0.4305054752400679","0"
"166","-0.14787521701232562","-0.478334102110052","0"
"167","-0.0961495457713349","-0.1501246570593474","-0.05235104767162102"
"168","-0.18313966812226312","-0.6561291604860036","0"
"169","-0.18370341188178346","-0.3138489528492947","-0.0202838967655945"
"170","-0.09197034215686103","-0.22880351324142956","0"
"171","-0.16185313445550173","-0.2824671960538937","-0.06462948683258662"
"172","-0.06469433415778922","-0.16680332114015106","0"
"173","-0.14279198543982768","-0.3487171840860598","0"
"174","-0.24447559190484727","-0.478334102110052","-0.07978771684654895"
"175","-0.04534615574165466","-0.1351136925999833","0"
"176","-0.055359648098302475","-0.10944452306596464","0"
"177","-0.07970911022585085","-0.1501246570593474","0"
"178","-0.12062067562709922","-0.20592544995241902","-0.07978771684654895"
"179","-0.17639064866246396","-0.3874592327708135","0"
"180","-0.1424170163924367","-0.3138489528492947","0"
"181","-0.19460730343127333","-0.3874592327708135","0"
"182","-0.057587147595138964","-0.16680332114015106","0"
"183","-0.1821373931304707","-0.3874592327708135","0"
"184","-0.10325730944044127","-0.1501246570593474","0"
"185","-0.06847702859948546","-0.1351136925999833","0"
"186","-0.06931483601225166","-0.16680332114015106","0"
"187","-0.11168789680437063","-0.1501246570593474","-0.07180974303906251"
"188","-0.14915998774022307","-0.6561291604860036","0"
"189","-0.10257281772820133","-0.20592544995241902","0"
"190","-0.14303480792327392","-0.478334102110052","0"
"191","-0.12037920667872437","-0.1853349642116766","-0.027823347943384258"
"192","-0.06348365890500189","-0.09850116520459884","-0.04240529093810608"
"193","-0.14372374840386065","-0.4305054752400679","-0.01478745364628642"
"194","-0.17541362661551346","-0.3487171840860598","-0.06462948683258662"
"195","-0.01595754336930979","-0.07978771684654895","0"
"196","-0.06742145431110518","-0.16680332114015106","0"
"197","-0.08082672987180917","-0.1351136925999833","0"
"198","-0.1346072486979638","-0.2824671960538937","0"
"199","-0.05466202557939102","-0.16680332114015106","0"
"200","-0.08759747472038074","-0.1853349642116766","-0.04240529093810608"
"201","-0.032321334357254726","-0.088652033695791","0"
"202","-0.0675183199942287","-0.16680332114015106","0"
"203","-0.21660790642763325","-0.729024300270001","-0.011978103629136316"
"204","-0.030170442575243973","-0.09850116520459884","0"
"205","-0.043992551036356374","-0.10944452306596464","0"
"206","-0.19729017866109833","-0.4305054752400679","-0.07180974303906251"
"207","-0.08277497618942205","-0.22880351324142956","0"
"208","-0.15902136774231973","-0.2824671960538937","0"
"209","-0.12289244182595735","-0.3138489528492947","0"
"210","-0.08535934795790864","-0.121603674476911","-0.0471164664149355"
"211","-0.14319324851479112","-0.5314764303841646","0"
"212","-0.10233019082015844","-0.2542233011204649","-0.013308856156194149"
"213","-0.07611332328327267","-0.121603674476911","0"
"214","-0.06224182016231015","-0.20592544995241902","0"
"215","-0.06438980830831272","-0.16680332114015106","0"
"216","-0.13462271937516043","-0.3874592327708135","0"
"217","-0.08766453819497397","-0.3138489528492947","0"
"218","-0.19797233463948014","-0.5905228057290082","0"
"219","-0.0636265809207404","-0.16680332114015106","0"
"220","-0.10267216739847748","-0.2824671960538937","-0.018255709928002628"
"221","-0.10368070113167269","-0.22880351324142956","0"
"222","-0.05290586907169614","-0.1351136925999833","0"
"223","-0.12057753873228653","-0.4305054752400679","0"
"224","-0.06822841113349716","-0.1501246570593474","0"
"225","-0.04164979458214233","-0.07180974303906251","0"
"226","-0.12148387089945714","-0.22880351324142956","0"
"227","-0.1503289928895353","-0.3487171840860598","0"
"228","-0.16618252240743908","-0.6561291604860036","-0.0202838967655945"
"229","-0.08483509914555772","-0.16680332114015106","0"
"230","-0.0489792906555826","-0.07180974303906251","-0.03434904895934332"
"231","-0.11649112839719337","-0.3138489528492947","-0.018255709928002628"
"232","-0.18538762235778347","-0.3874592327708135","-0.038165185897204856"
"233","-0.05057621665214969","-0.088652033695791","-0.01478745364628642"
"234","-0.03235911414751713","-0.10944452306596464","0"
"235","-0.05689599346611722","-0.1853349642116766","0"
"236","-0.04444582360396656","-0.088652033695791","0"
"237","-0.08476961169216382","-0.1501246570593474","-0.0471164664149355"
"238","-0.05215634633306569","-0.121603674476911","0"
"239","-0.06475191239341718","-0.20592544995241902","0"
"240","-0.0914047020148592","-0.2824671960538937","0"
"241","-0.07012210520045377","-0.1501246570593474","0"
"242","-0.08119604112782415","-0.20592544995241902","0"
"243","-0.07474118918624087","-0.1501246570593474","0"
"244","-0.059215775713715904","-0.16680332114015106","-0.0250412913825252"
"245","-0.11744463537483056","-0.3487171840860598","0"
"246","-0.03009051556906579","-0.06462948683258662","0"
"247","-0.14826459353160062","-0.3487171840860598","-0.008732328616792628"
"248","-0.06534079620591868","-0.1501246570593474","0"
"249","-0.01018916755572492","-0.022537412657186562","0"
"250","-0.06993413145581577","-0.3138489528492947","0"
"251","-0.05416115131402395","-0.121603674476911","0"
"252","-0.0657068952443498","-0.20592544995241902","0"
"253","-0.028153272162527186","-0.04240529093810608","0"
"254","-0.03258210543543601","-0.10944452306596464","0"
"255","-0.056070013070641946","-0.10944452306596464","-0.01478745364628642"
"256","-0.12564465678682352","-0.4305054752400679","0"
"257","-0.13303799409749395","-0.5314764303841646","-0.009702479546663478"
"258","-0.025736283893206147","-0.05235104767162102","0"
"259","-0.03813073288974809","-0.09850116520459884","0"
"260","-0.02499908940488551","-0.07180974303906251","0"
"261","-0.10105913185497543","-0.3138489528492947","0"
"262","-0.02933964067357402","-0.07180974303906251","0"
"263","-0.08278812769436408","-0.3138489528492947","0"
"264","-0.10483562395943394","-0.3487171840860598","-0.022537412657186562"
"265","-0.06153504026631","-0.2542233011204649","0"
"266","-0.10625669990425549","-0.4305054752400679","-0.007859183078399501"
"267","-0.048745577794134666","-0.10944452306596464","0"
"268","-0.05563293279156223","-0.121603674476911","0"
"269","-0.0436639423853459","-0.1501246570593474","0"
"270","-0.029885404484059054","-0.121603674476911","0"
"271","-0.026578984283872176","-0.05235104767162102","-0.0063660797595849195"
"272","-0.10380077152992788","-0.3874592327708135","0"
"273","-0.05254046667653334","-0.16680332114015106","0"
"274","-0.06217512423506635","-0.2824671960538937","0"
"275","-0.09127200430049218","-0.16680332114015106","0"
"276","-0.02942022327171807","-0.088652033695791","0"
"277","-0.08199257865298268","-0.22880351324142956","-0.0250412913825252"
"278","-0.020849248463116622","-0.05816718444419622","0"
"279","-0.11390774005479873","-0.3874592327708135","0"
"280","-0.012865830260151468","-0.05235104767162102","0"
"281","-0.03113878195779827","-0.09850116520459884","0"
"282","-0.024377498224055195","-0.03434904895934332","-0.003759315281124609"
"283","-0.014067444143221409","-0.0250412913825252","0"
"284","-0.014173152277074807","-0.027823347943384258","0"
"285","-0.12744552731671194","-0.3138489528492947","0"
"286","-0.052339732496137416","-0.1853349642116766","-0.002740632192316239"
"287","-0.045726459249589645","-0.16680332114015106","0"
"288","-0.026148739738087935","-0.05235104767162102","-0.010780413047258963"
"289","-0.025391853921031292","-0.088652033695791","0"
"290","-0.06364311054924174","-0.2542233011204649","0"
"291","-0.027575344608367747","-0.0471164664149355","-0.009702479546663478"
"292","-0.018140239042068074","-0.05235104767162102","0"
"293","-0.03574789677683517","-0.10944452306596464","0"
"294","-0.09825686449916671","-0.3874592327708135","0"
"295","-0.051884242599244866","-0.22880351324142956","0"
"296","-0.1074854382654831","-0.478334102110052","0"
"297","-0.07998564015522731","-0.20592544995241902","0"
"298","-0.07664638277701755","-0.3138489528492947","0"
"299","-0.12021222901682013","-0.3874592327708135","0"
"300","-0.044073999589715786","-0.10944452306596464","-0.007859183078399501"
"301","-0.02643298339511142","-0.07180974303906251","0"
"302","-0.031057913689686866","-0.06462948683258662","-0.008732328616792628"
"303","-0.006754723999863566","-0.0250412913825252","0"
"304","-0.009014965062874625","-0.022537412657186562","0"
"305","-0.0558208508560609","-0.20592544995241902","-0.008732328616792628"
"306","-0.007569111878131496","-0.0202838967655945","0"
"307","-0.0877045360542508","-0.2542233011204649","0"
"308","-0.1311326344787566","-0.5905228057290082","-0.007859183078399501"
"309","-0.019636474044078978","-0.06462948683258662","0"
"310","-0.015276605407708966","-0.038165185897204856","-0.004641026842194362"
"311","-0.019448169263642835","-0.05816718444419622","0"
"312","-0.0464779515297223","-0.121603674476911","-0.013308856156194149"
"313","-0.019272287984091106","-0.04240529093810608","0"
"314","-0.0060910697926076065","-0.013308856156194149","0"
"315","-0.015390781705872514","-0.027823347943384258","0"
"316","-0.18734995399621496","-0.4305054752400679","0"
"317","-0.10505516927348964","-0.3487171840860598","-0.010780413047258963"
"318","-0.021467476385219487","-0.05816718444419622","0"
"319","-0.030699210314394286","-0.10944452306596464","0"
"320","-0.02900705269081081","-0.10944452306596464","0"
"321","-0.04885511949822767","-0.20592544995241902","0"
"322","-0.10014015860255839","-0.4305054752400679","0"
"323","-0.04460293678560616","-0.16680332114015106","-0.0051566391953360435"
"324","-0.015696769742117245","-0.05235104767162102","0"
"325","-0.029247243966274827","-0.07978771684654895","0"
"326","-0.018639820431383014","-0.06462948683258662","0"
"327","-0.01978831454206036","-0.04240529093810608","-0.0009557055407201087"
"328","-0.0033858746252108498","-0.0063660797595849195","0"
"329","-0.007204538031146912","-0.010780413047258963","0"
"330","-0.027330497198821656","-0.07180974303906251","0"
"331","-0.028273209464540216","-0.07978771684654895","0"
"332","-0.0445715808499106","-0.1501246570593474","0"
"333","-0.0499668626682362","-0.121603674476911","0"
"334","-0.013855766856732555","-0.030914487553898584","-0.004641026842194362"
"335","-0.01545673979696931","-0.022537412657186562","-0.0063660797595849195"
"336","-0.08751576372049166","-0.4305054752400679","0"
"337","-0.10490868654543417","-0.478334102110052","0"
"338","-0.025134285741490504","-0.088652033695791","0"
"339","-0.012243806380332112","-0.022537412657186562","-0.002740632192316239"
"340","-0.008955333496747797","-0.0202838967655945","-0.0019979874663007546"
"341","-0.06567773623553566","-0.3138489528492947","0"
"342","-0.0031308888455566565","-0.009702479546663478","0"
"343","-0.01081723757714923","-0.038165185897204856","0"
"344","-0.018647010105655705","-0.06462948683258662","-0.005729535444424005"
"345","-0.008496841295521751","-0.01478745364628642","0"
"346","-0.04544728006320318","-0.20592544995241902","0"
"347","-0.062080636584837354","-0.20592544995241902","-0.0008601445437035338"
"348","-0.038755338592056196","-0.16680332114015106","0"
"349","-0.005083505350222328","-0.011978103629136316","0"
"350","-0.07115410940099451","-0.3138489528492947","0"
"351","-0.047318090936009846","-0.1853349642116766","-0.009702479546663478"
"352","-0.004403005041825447","-0.018255709928002628","0"
"353","-0.14655892975525325","-0.478334102110052","-0.0051566391953360435"
"354","-0.02702021170426454","-0.09850116520459884","0"
"355","-0.027322977126105253","-0.088652033695791","0"
"356","-0.009584836877970715","-0.01478745364628642","-0.003759315281124609"
"357","-0.01418941184285496","-0.05816718444419622","0"
"358","-0.0036997345090927112","-0.018255709928002628","0"
"359","-0.0031090645932711604","-0.007859183078399501","0"
"360","-0.07759921030468916","-0.2542233011204649","0"
"361","-0.021466968516234575","-0.05816718444419622","-0.004641026842194362"
"362","-0.040812258018287695","-0.1351136925999833","0"
"363","-0.007849128991213417","-0.016430321492301725","0"
"364","-0.013141056008434737","-0.030914487553898584","0"
"365","-0.03931726371422935","-0.1853349642116766","-0.00026995546434027684"
"366","-0.026663608936299155","-0.121603674476911","0"
"367","-0.04240455649134822","-0.07978771684654895","0"
"368","-0.006590457773027114","-0.018255709928002628","0"
"369","-0.01332819033091821","-0.027823347943384258","0"
"370","-0.0036544536717179055","-0.008732328616792628","0"
"371","-0.00277765010609754","-0.004641026842194362","0"
"372","-0.010448558181735845","-0.0250412913825252","0"
"373","-0.006955615304855245","-0.010780413047258963","-0.0007741386907785808"
"374","-0.03462443763673358","-0.1351136925999833","-0.0011798571644113798"
"375","-0.006147832979656908","-0.022537412657186562","0"
"376","-0.023858681000245664","-0.07978771684654895","0"
"377","-0.020257913679447424","-0.06462948683258662","-0.0006967325630875543"
"378","-0.0420821640366833","-0.09850116520459884","-0.002740632192316239"
"379","-0.10951479819965688","-0.3874592327708135","-0.005729535444424005"
"380","-0.003921334330090032","-0.007859183078399501","0"
"381","-0.008908287393343817","-0.0250412913825252","0"
"382","-0.14074245337718086","-0.4305054752400679","0"
"383","-0.04211713383223843","-0.121603674476911","0"
"384","-0.011580386873425729","-0.0250412913825252","0"
"385","-0.005088107192186109","-0.0202838967655945","0"
"386","-0.007393422605634803","-0.027823347943384258","0"
"387","-0.05446895293444616","-0.1853349642116766","0"
"388","-0.009226316531414525","-0.030914487553898584","-0.0017982086995452784"
"389","-0.021272069656599668","-0.09850116520459884","0"
"390","-0.018540720745406535","-0.088652033695791","0"
"391","-0.07367382983905088","-0.3487171840860598","0"
"392","-0.011345240314698125","-0.04240529093810608","-0.0016184058116778255"
"393","-0.005318311298277178","-0.010780413047258963","-0.0006270662741043598"
"394","-0.009212613289788308","-0.03434904895934332","-0.0005079349692801438"
"395","-0.007380715517036229","-0.0202838967655945","-0.0005643659173566462"
"396","-0.04865047526159132","-0.22880351324142956","0"
"397","-0.021889240336241976","-0.07978771684654895","-0.0019979874663007546"
"398","-0.006488393320389085","-0.0202838967655945","0"
"399","-0.030851908708449984","-0.121603674476911","0"
"400","-0.04269468343144178","-0.16680332114015106","0"
"401","-0.02036031431100884","-0.07180974303906251","0"
"402","-0.002278016464950916","-0.007859183078399501","0"
"403","-0.10955196357780908","-0.5314764303841646","0"
"404","-0.05904507606652767","-0.2542233011204649","0"
"405","-0.03842036160845617","-0.16680332114015106","-0.002740632192316239"
"406","-0.01243478673024696","-0.0250412913825252","0"
"407","-0.0025157243493608484","-0.010780413047258963","0"
"408","-0.004614284101366684","-0.01478745364628642","0"
"409","-0.0032634461032042816","-0.011978103629136316","0"
"410","-0.01650234326057538","-0.05235104767162102","-0.0009557055407201087"
"411","-0.021494519855430716","-0.088652033695791","0"
"412","-0.018714804084297664","-0.07978771684654895","-0.002466596379406494"
"413","-0.14713403801035654","-0.729024300270001","0"
"414","-0.005865592531787822","-0.027823347943384258","0"
"415","-0.023829417713449152","-0.038165185897204856","-0.007859183078399501"
"416","-0.0017318508994547343","-0.003383421346164983","0"
"417","-0.016376282934847275","-0.04240529093810608","0"
"418","-0.0276470192980266","-0.088652033695791","0"
"419","-0.06960779785295215","-0.1853349642116766","-0.005729535444424005"
"420","-0.0023363000251087618","-0.005729535444424005","0"
"421","-0.03217010979686548","-0.09850116520459884","0"
"422","-0.0017491840588090613","-0.0051566391953360435","0"
"423","-0.010133953269728546","-0.038165185897204856","0"
"424","-0.004232328160504117","-0.008732328616792628","-0.002466596379406494"
"425","-0.013419216642398623","-0.06462948683258662","0"
"426","-0.030924827053274352","-0.1501246570593474","-0.00008472523979918822"
"427","-0.015038632877045498","-0.07180974303906251","0"
"428","-0.0042862041187872405","-0.01478745364628642","0"
"429","-0.008220176560857584","-0.038165185897204856","0"
"430","-0.009376359672919277","-0.030914487553898584","0"
"431","-0.004123040585121074","-0.009702479546663478","-0.00024296261746092895"
"432","-0.007136506204356752","-0.027823347943384258","0"
"433","-0.0012098727814930043","-0.002219961407429638","0"
"434","-0.004297535928577933","-0.016430321492301725","0"
"435","-0.0016449341232058767","-0.002740632192316239","-0.00017712565218619414"
"436","-0.01738438151162498","-0.06462948683258662","-0.0004571465517017037"
"437","-0.002322580272025321","-0.007859183078399501","0"
"438","-0.012925897366517326","-0.06462948683258662","0"
"439","-0.0024130810718624883","-0.004176970568243288","0"
"440","-0.0070142700823761835","-0.0202838967655945","0"
"441","-0.0023446247118426022","-0.008732328616792628","0"
"442","-0.006935397625714601","-0.0250412913825252","0"
"443","-0.00719871623802657","-0.01478745364628642","0"
"444","-0.0024600354062878304","-0.004176970568243288","-0.0008601445437035338"
"445","-0.049927019623589496","-0.10944452306596464","-0.004641026842194362"
"446","0","0","0"
"447","-0.0031664699624977645","-0.007859183078399501","0"
"448","-0.004280334757992943","-0.016430321492301725","0"
"449","-0.00453254179168292","-0.013308856156194149","0"
"450","-0.0019666271079887164","-0.005729535444424005","0"
"451","-0.017997672594914426","-0.04240529093810608","-0.00145658141456817"
"452","-0.0057173940309457995","-0.022537412657186562","0"
"453","-0.0019690939038939483","-0.007073343362390405","0"
"454","-0.016194279727320814","-0.038165185897204856","0"
"455","-0.0021661696031629154","-0.004641026842194362","-0.0009557055407201087"
"456","-0.04687577063723123","-0.20592544995241902","-0.0010618832465417727"
"457","-0.05790240000075566","-0.2824671960538937","-0.0005643659173566462"
"458","-0.02373206771397507","-0.07180974303906251","0"
"459","-0.001469588251220366","-0.005729535444424005","0"
"460","-0.039526770811177656","-0.121603674476911","-0.00029994718318715474"
"461","-0.011284179165041496","-0.038165185897204856","0"
"462","-0.032571650650706906","-0.1351136925999833","0"
"463","-0.04367604042545503","-0.20592544995241902","0"
"464","-0.005888350751012417","-0.027823347943384258","0"
"465","-0.0007669351784780343","-0.002466596379406494","0"
"466","-0.020672839354786365","-0.07180974303906251","-0.00145658141456817"
"467","-0.010552548635485891","-0.030914487553898584","-0.0010618832465417727"
"468","-0.0026006693380560275","-0.007073343362390405","0"
"469","-0.04622028957818349","-0.22880351324142956","0"
"470","-0.0018858122359760366","-0.008732328616792628","0"
"471","-0.0009561267800862305","-0.002740632192316239","0"
"472","-0.0008777248339303601","-0.002466596379406494","0"
"473","-0.003918996390127605","-0.018255709928002628","0"
"474","-0.0050702775634486","-0.016430321492301725","0"
"475","0","0","0"
"476","-0.006345721106569946","-0.027823347943384258","0"
"477","-0.0015913057776018036","-0.003759315281124609","0"
"478","-0.001863152898593534","-0.007859183078399501","0"
"479","-0.002485738618507005","-0.005729535444424005","0"
"480","-0.002487050036167604","-0.011978103629136316","0"
"481","-0.004322390307602397","-0.016430321492301725","0"
"482","-0.002323699671904822","-0.007859183078399501","0"
"483","-0.019999070977450552","-0.088652033695791","0"
"484","-0.004528401878856436","-0.022537412657186562","0"
"485","-0.0012416883976511972","-0.003045113045761938","0"
"486","-0.003947623868992145","-0.011978103629136316","-0.0006967325630875543"
"487","-0.0006073634540970207","-0.00145658141456817","0"
"488","-0.0053507289735488465","-0.018255709928002628","0"
"489","-0.002741589572127001","-0.011978103629136316","0"
"490","-0.009782935022896155","-0.0471164664149355","0"
"491","-0.03313464491349409","-0.1501246570593474","-0.00006862896929993312"
"492","-0.011788264626994959","-0.05816718444419622","0"
"493","-0.00707410707962215","-0.030914487553898584","0"
"494","-0.003813880757996846","-0.007073343362390405","-0.0008601445437035338"
"495","-0.0013611838547051835","-0.003383421346164983","0"
"496","-0.00033805075231456704","-0.0011798571644113798","0"
"497","-0.05663278572339625","-0.2824671960538937","0"
"498","-0.0002698281767071098","-0.0005079349692801438","0"
"499","-0.003182617831244472","-0.010780413047258963","0"
"500","0","0","0"
"501","-0.001844012210859436","-0.007073343362390405","0"
"502","-0.007406419409422082","-0.03434904895934332","0"
"503","-0.0018891862753448452","-0.007859183078399501","0"
"504","-0.0030849508969330586","-0.007073343362390405","0"
"505","-0.0041740488614322","-0.016430321492301725","0"
"506","-0.007726001981069741","-0.0250412913825252","0"
"507","-0.0028246026241769196","-0.007859183078399501","-0.00006862896929993312"
"508","-0.005800641021559127","-0.027823347943384258","0"
"509","-0.0021560826094517926","-0.010780413047258963","0"
"510","-0.007439215328175463","-0.03434904895934332","0"
"511","-0.0015172495831203836","-0.004641026842194362","0"
"512","-0.0017111831282974111","-0.007859183078399501","0"
"513","-0.0072574106144746246","-0.03434904895934332","0"
"514","-0.00011287318347132924","-0.0005643659173566462","0"
"515","-0.007787864917596687","-0.038165185897204856","0"
"516","-0.00011287318347132924","-0.0005643659173566462","0"
"517","-0.0007056959251896533","-0.002466596379406494","0"
"518","-0.005931030841591167","-0.0250412913825252","0"
"519","-0.0012264272733183645","-0.003759315281124609","0"
"520","-0.0009439000878286085","-0.0019979874663007546","0"
"521","-0.00025705893665417534","-0.0006967325630875543","0"
"522","-0.010370494734035752","-0.038165185897204856","-0.00024296261746092895"
"523","-0.0015540151850955918","-0.007073343362390405","0"
"524","-0.0008926012998477617","-0.002740632192316239","0"
"525","-0.00042767626523785294","-0.0013109378389254411","0"
"526","-0.0015275418559494102","-0.007073343362390405","0"
"527","-0.0030312059597547014","-0.01478745364628642","0"
"528","-0.0007518630562249218","-0.003759315281124609","0"
"529","-0.013363598651701091","-0.0471164664149355","0"
"530","-0.0007810515178930943","-0.003045113045761938","0"
"531","0","0","0"
"532","-0.006536514388905146","-0.030914487553898584","0"
"533","-0.0011295353114285423","-0.003759315281124609","0"
"534","-0.00003188297164480325","-0.00015941485822401624","0"
"535","-0.0008075841043763132","-0.003045113045761938","0"
"536","-0.00004859252349218579","-0.00024296261746092895","0"
"537","-0.0009128285688010829","-0.003045113045761938","0"
"538","-0.00482709423888994","-0.013308856156194149","-0.0013109378389254411"
"539","-0.003346053735097776","-0.016430321492301725","0"
"540","-0.0012734917851304761","-0.003759315281124609","0"
"541","-0.0038059697237562418","-0.018255709928002628","0"
"542","-0.017739412632760555","-0.088652033695791","0"
"543","-0.0012713203437056731","-0.005729535444424005","0"
"544","-0.00023597143288227594","-0.0011798571644113798","0"
"545","-0.008887026643556206","-0.04240529093810608","0"
"546","-0.0017901994804267352","-0.008732328616792628","0"
"547","-0.00004859252349218579","-0.00024296261746092895","0"
"548","-0.0002927281020000505","-0.0009557055407201087","0"
"549","-0.0019376068315025475","-0.008732328616792628","0"
"550","-0.000010006437264453716","-0.00005003218632226858","0"
"551","-0.0009866385517625976","-0.002466596379406494","0"
"552","-0.00046558409866628294","-0.0017982086995452784","0"
"553","-0.0003488446163536052","-0.0011798571644113798","0"
"554","-0.044442535608801695","-0.20592544995241902","0"
"555","-0.004549478021658037","-0.022537412657186562","0"
"556","-0.0003903353513306174","-0.0016184058116778255","0"
"557","-0.0045932977490037216","-0.022537412657186562","0"
"558","-0.00012164811229837813","-0.0004114364679971283","0"
"559","-0.0001857547026006934","-0.0008601445437035338","0"
"560","-0.000994775129539005","-0.002219961407429638","0"
"561","-0.0007903572299331474","-0.003759315281124609","0"
"562","-0.011816517158524964","-0.05816718444419622","0"
"563","0","0","0"
"564","-0.0006766842692329967","-0.003383421346164983","0"
"565","0","0","0"
"566","-0.00004859252349218579","-0.00024296261746092895","0"
"567","-0.001905165785810059","-0.004176970568243288","-0.0002186687853410474"
"568","-0.007694975893661371","-0.030914487553898584","0"
"569","-0.00010158699385602876","-0.0005079349692801438","0"
"570","-0.00005374019433266319","-0.0002186687853410474","0"
"571","-0.007707096566553395","-0.038165185897204856","0"
"572","-0.037120983935203376","-0.1853349642116766","0"
"573","-0.0007392675466072696","-0.002740632192316239","0"
"574","-0.058915496729642004","-0.20592544995241902","0"
"575","-0.0008118524928623528","-0.003759315281124609","0"
"576","-0.00004859252349218579","-0.00024296261746092895","0"
"577","-0.0020319252196730362","-0.009702479546663478","0"
"578","-0.01164716268269923","-0.05816718444419622","0"
"579","-0.00007405938711242399","-0.00037029693556211996","0"
"580","0","0","0"
"581","0","0","0"
"582","-0.0013443311735519491","-0.003045113045761938","0"
"583","-0.005924311328585907","-0.027823347943384258","0"
"584","-0.0001514187469777717","-0.0004571465517017037","0"
"585","0","0","0"
"586","-0.0016570141428845719","-0.007859183078399501","0"
"587","-0.00045043161020963396","-0.0011798571644113798","0"
"588","-0.000013725793859986623","-0.00006862896929993312","0"
"589","0","0","0"
"590","-0.00006979469885226575","-0.00033327094497526133","0"
"591","-0.00009142931034034074","-0.0004571465517017037","0"
"592","-0.0020000620792901104","-0.0063660797595849195","0"
"593","0","0","0"
"594","-0.000015250712614323092","-0.00007625356307161546","0"
"595","-0.0003977405494479891","-0.0016184058116778255","0"
"596","-0.00012659897733131588","-0.0005643659173566462","0"
"597","-0.0006632891299357624","-0.002740632192316239","0"
"598","-0.0002927281020000505","-0.0009557055407201087","0"
"599","-0.0009373115573672264","-0.002466596379406494","0"
"600","-0.041251744179478855","-0.20592544995241902","0"
"601","0","0","0"
"602","-0.0007252767927251824","-0.003383421346164983","0"
"603","-0.0009218164702450738","-0.003383421346164983","0"
"604","-0.006182897510779717","-0.030914487553898584","0"
"605","0","0","0"
"606","-0.002034425358661429","-0.003759315281124609","0"
"607","-0.008481058187621215","-0.04240529093810608","0"
"608","0","0","0"
"609","-0.00012541325482087195","-0.0006270662741043598","0"
"610","-0.000004307826030003348","-0.00002153913015001674","0"
"611","-0.004156011694678163","-0.0202838967655945","0"
"612","-0.00015482773815571614","-0.0007741386907785808","0"
"613","-0.011633436888839244","-0.05816718444419622","0"
"614","0","0","0"
"615","0","0","0"
"616","-0.000291316282913634","-0.00145658141456817","0"
"617","-0.0026617712312388296","-0.013308856156194149","0"
"618","0","0","0"
"619","0","0","0"
"620","-0.000310780091277274","-0.0013109378389254411","0"
"621","-0.0001522340021702817","-0.0005643659173566462","0"
"622","-0.00005425275230794835","-0.00017712565218619414","0"
"623","-0.00026218756778508825","-0.0013109378389254411","0"
"624","-0.0010530148906383152","-0.003045113045761938","0"
"625","0","0","0"
"626","0","0","0"
"627","-0.012925897366517326","-0.06462948683258662","0"
"628","-0.0009821964613069278","-0.004641026842194362","0"
"629","-0.00045332867592910996","-0.0013109378389254411","0"
"630","-0.00003936081869895247","-0.00019680409349476236","0"
"631","-0.000020919347419123825","-0.00010459673709561912","0"
"632","0","0","0"
"633","0","0","0"
"634","0","0","0"
"635","-0.016281224531645357","-0.07978771684654895","0"
"636","-0.0007605030877716023","-0.002740632192316239","0"
"637","-0.00015817413448822039","-0.0006967325630875543","0"
"638","0","0","0"
"639","0","0","0"
"640","-0.00010158699385602876","-0.0005079349692801438","0"
"641","-0.0008353941136486576","-0.004176970568243288","0"
"642","-0.0008213992584607422","-0.003045113045761938","0"
"643","-0.000020919347419123825","-0.00010459673709561912","0"
"644","-0.0005360578116439197","-0.0016184058116778255","0"
"645","-0.00028996252575033135","-0.0011798571644113798","0"
"646","0","0","0"
"647","0","0","0"
"648","0","0","0"
"649","-0.000015250712614323092","-0.00007625356307161546","0"
"650","-0.00013404882374985495","-0.00037029693556211996","0"
"651","0","0","0"
"652","-0.00119899370144374","-0.005729535444424005","0"
"653","0","0","0"
"654","-0.003468659380067729","-0.010780413047258963","0"
"655","-0.0068234498610329816","-0.027823347943384258","0"
"656","-0.000042770828888816226","-0.0001291289046448929","0"
"657","-0.00039959749326015095","-0.0019979874663007546","0"
"658","-0.00005399109286805537","-0.00026995546434027684","0"
"659","-0.0001562915605773485","-0.0006967325630875543","0"
"660","-0.0002974421635615787","-0.0008601445437035338","0"
"661","0","0","0"
"662","-0.000043733757068209476","-0.0002186687853410474","0"
"663","0","0","0"
"664","-0.00009142931034034074","-0.0004571465517017037","0"
"665","-0.00013934651261751085","-0.0006967325630875543","0"
"666","-0.000009005893602354042","-0.00004502946801177021","0"
"667","0","0","0"
"668","-0.0003596417399090557","-0.0017982086995452784","0"
"669","-0.000012353351731908546","-0.00006176675865954273","0"
"670","-0.000016945047959837644","-0.00008472523979918822","0"
"671","-0.000012353351731908546","-0.00006176675865954273","0"
"672","0","0","0"
"673","0","0","0"
"674","-0.00012187907707368328","-0.0005643659173566462","0"
"675","-0.00023597143288227594","-0.0011798571644113798","0"
"676","-0.0007518630562249218","-0.003759315281124609","0"
"677","-0.00012541325482087195","-0.0006270662741043598","0"
"678","-0.00033990880640581976","-0.00145658141456817","0"
"679","0","0","0"
"680","-0.03336066422803021","-0.16680332114015106","0"
"681","-0.000062604279792855","-0.00019680409349476236","0"
"682","-0.00006665418899505226","-0.00033327094497526133","0"
"683","-0.000013725793859986623","-0.00006862896929993312","0"
"684","0","0","0"
"685","0","0","0"
"686","-0.000015250712614323092","-0.00007625356307161546","0"
"687","0","0","0"
"688","0","0","0"
"689","-0.000025825780928978582","-0.0001291289046448929","0"
"690","-0.000015250712614323092","-0.00007625356307161546","0"
"691","-0.0040567793531189","-0.0202838967655945","0"
"692","0","0","0"
"693","-0.000025825780928978582","-0.0001291289046448929","0"
"694","0","0","0"
"695","0","0","0"
"696","-0.00007405938711242399","-0.00037029693556211996","0"
"697","-0.00009142931034034074","-0.0004571465517017037","0"
"698","0","0","0"
"699","0","0","0"
"700","-0.00026218756778508825","-0.0013109378389254411","0"
"701","-0.00007405938711242399","-0.00037029693556211996","0"
"702","0","0","0"
"703","0","0","0"
"704","0","0","0"
"705","0","0","0"
"706","0","0","0"
"707","0","0","0"
"708","0","0","0"
"709","-0.00004859252349218579","-0.00024296261746092895","0"
"710","-0.000015250712614323092","-0.00007625356307161546","0"
"711","-0.00021237664930835455","-0.0010618832465417727","0"
"712","-0.00015482773815571614","-0.0007741386907785808","0"
"713","0","0","0"
"714","0","0","0"
"715","0","0","0"
"716","0","0","0"
"717","0","0","0"
"718","0","0","0"
"719","0","0","0"
"720","0","0","0"
"721","0","0","0"
"722","0","0","0"
"723","0","0","0"
"724","0","0","0"
"725","0","0","0"
"726","0","0","0"
"727","0","0","0"
"728","0","0","0"
"729","0","0","0"
"730","0","0","0"
"731","0","0","0"
"732","-0.000007294935924884172","-0.00003647467962442086","0"
"733","0","0","0"
"734","0","0","0"
"735","0","0","0"
"736","0","0","0"
"737","0","0","0"
"738","0","0","0"
"739","0","0","0"
"740","0","0","0"
"741","0","0","0"
"742","0","0","0"
"743","0","0","0"
"744","0","0","0"
"745","0","0","0"
"746","0","0","0"
"747","-0.0000031405098572134806","-0.000015702549286067402","0"
"748","0","0","0"
"749","0","0","0"
"750","0","0","0"
"751","0","0","0"
"752","0","0","0"
"753","0","0","0"
"754","0","0","0"
"755","0","0","0"
"756","-0.00019114110814402174","-0.0009557055407201087","0"
"757","0","0","0"
"758","0","0","0"
"759","0","0","0"
"760","-0.00019114110814402174","-0.0009557055407201087","0"
"761","0","0","0"
"762","0","0","0"
"763","0","0","0"
"764","0","0","0"
"765","0","0","0"
"766","0","0","0"
"767","0","0","0"
"768","0","0","0"
"769","0","0","0"
"770","-0.00025479905475298545","-0.0011798571644113798","0"
"771","0","0","0"
"772","0","0","0"
"773","0","0","0"
"774","-0.00003542513043723883","-0.00017712565218619414","0"
"775","0","0","0"
"776","0","0","0"
"777","0","0","0"
"778","0","0","0"
"779","0","0","0"
"780","0","0","0"
"781","0","0","0"
"782","0","0","0"
"783","0","0","0"
"784","0","0","0"
"785","-0.000015250712614323092","-0.00007625356307161546","0"
"786","-0.000043733757068209476","-0.0002186687853410474","0"
"787","0","0","0"
"788","0","0","0"
"789","0","0","0"
"790","0","0","0"
"791","0","0","0"
"792","-0.00015482773815571614","-0.0007741386907785808","0"
"793","0","0","0"
"794","0","0","0"
"795","0","0","0"
"796","0","0","0"
"797","0","0","0"
"798","0","0","0"
"799","0","0","0"
"800","0","0","0"
"801","-0.024320734895382203","-0.121603674476911","0"
"802","0","0","0"
"803","0","0","0"
"804","0","0","0"
"805","0","0","0"
"806","0","0","0"
"807","0","0","0"
"808","0","0","0"
"809","0","0","0"
"810","0","0","0"
"811","-0.006869809791868664","-0.03434904895934332","0"
"812","-0.001414668672478081","-0.007073343362390405","0"
"813","0","0","0"
"814","0","0","0"
"815","0","0","0"
"816","0","0","0"
"817","0","0","0"
"818","0","0","0"
"819","0","0","0"
"820","0","0","0"
"821","0","0","0"
"822","0","0","0"
"823","0","0","0"
"824","0","0","0"
"825","0","0","0"
"826","0","0","0"
"827","0","0","0"
"828","0","0","0"
"829","0","0","0"
"830","0","0","0"
"831","0","0","0"
"832","0","0","0"
"833","0","0","0"
"834","0","0","0"
"835","0","0","0"
"836","0","0","0"
"837","0","0","0"
"838","0","0","0"
"839","0","0","0"
"840","0","0","0"
"841","0","0","0"
"842","0","0","0"
"843","0","0","0"
"844","0","0","0"
"845","0","0","0"
"846","0","0","0"
"847","0","0","0"
"848","0","0","0"
"849","0","0","0"
"850","0","0","0"
"851","0","0","0"
"852","0","0","0"
"853","0","0","0"
"854","0","0","0"
"855","0","0","0"
"856","0","0","0"
"857","-0.00007405938711242399","-0.00037029693556211996","0"
"858","0","0","0"
"859","0","0","0"
"860","0","0","0"
"861","0","0","0"
"862","0","0","0"
"863","0","0","0"
"864","0","0","0"
"865","0","0","0"
"866","0","0","0"
"867","0","0","0"
"868","0","0","0"
"869","0","0","0"
"870","0","0","0"
"871","0","0","0"
"872","0","0","0"
"873","0","0","0"
"874","0","0","0"
"875","0","0","0"
"876","0","0","0"
"877","0","0","0"
"878","0","0","0"
"879","0","0","0"
"880","0","0","0"
"881","0","0","0"
"882","0","0","0"
"883","0","0","0"
"884","0","0","0"
"885","0","0","0"
"886","0","0","0"
"887","0","0","0"
"888","0","0","0"
"889","0","0","0"
"890","0","0","0"
"891","0","0","0"
"892","0","0","0"
"893","0","0","0"
"894","0","0","0"
"895","0","0","0"
"896","0","0","0"
"897","0","0","0"
"898","0","0","0"
"899","0","0","0"
"900","0","0","0"
"901","0","0","0"
"902","0","0","0"
"903","0","0","0"
"904","0","0","0"
"905","0","0","0"
"906","0","0","0"
"907","0","0","0"
"908","0","0","0"
"909","0","0","0"
"910","0","0","0"
"911","0","0","0"
"912","0","0","0"
"913","0","0","0"
"914","0","0","0"
"915","0","0","0"
"916","0","0","0"
"917","0","0","0"
"918","0","0","0"
"919","0","0","0"
"920","0","0","0"
"921","0","0","0"
"922","0","0","0"
"923","0","0","0"
"924","0","0","0"
"925","0","0","0"
"926","0","0","0"
"927","0","0","0"
"928","0","0","0"
"929","0","0","0"
"930","0","0","0"
"931","0","0","0"
"932","0","0","0"
"933","0","0","0"
"934","0","0","0"
"935","0","0","0"
"936","0","0","0"
"937","0","0","0"
"938","0","0","0"
"939","0","0","0"
"940","0","0","0"
"941","0","0","0"
"942","0","0","0"
"943","0","0","0"
"944","0","0","0"
"945","0","0","0"
"946","0","0","0"
"947","0","0","0"
"948","0","0","0"
"949","0","0","0"
"950","0","0","0"
"951","0","0","0"
"952","0","0","0"
"953","0","0","0"
"954","0","0","0"
"955","0","0","0"
"956","0","0","0"
"957","0","0","0"
"958","0","0","0"
"959","0","0","0"
"960","0","0","0"
"961","0","0","0"
"962","0","0","0"
"963","0","0","0"
"964","0","0","0"
"965","0","0","0"
"966","0","0","0"
"967","0","0","0"
"968","0","0","0"
"969","0","0","0"
"970","0","0","0"
"971","0","0","0"
"972","0","0","0"
"973","0","0","0"
"974","0","0","0"
"975","0","0","0"
"976","0","0","0"
"977","0","0","0"
"978","0","0","0"
"979","0","0","0"
"980","0","0","0"
"981","0","0","0"
"982","0","0","0"
"983","0","0","0"
"984","0","0","0"
"985","0","0","0"
"986","0","0","0"
"987","0","0","0"
"988","0","0","0"
"989","0","0","0"
"990","0","0","0"
"991","0","0","0"
"992","0","0","0"
"993","0","0","0"
"994","0","0","0"
"995","0","0","0"
"996","0","0","0"
"997","0","0","0"
"998","0","0","0"
"999","0","0","0"
"1000","0","0","0"
"1001","0","0","0"
"1002","0","0","0"
"1003","0","0","0"
"1004","0","0","0"
"1005","0","0","0"
"1006","0","0","0"
"1007","0","0","0"
"1008","0","0","0"
"1009","0","0","0"
"1010","0","0","0"
"1011","0","0","0"
"1012","0","0","0"
"1013","0","0","0"
"1014","0","0","0"
"1015","0","0","0"
"1016","0","0","0"
"1017","0","0","0"
"1018","0","0","0"
"1019","0","0","0"
"1020","0","0","0"
"1021","0","0","0"
"1022","0","0","0"
"1023","0","0","0"
"1024","0","0","0"
"1025","0","0","0"
"1026","0","0","0"
"1027","0","0","0"
"1028","0","0","0"
"1029","0","0","0"
"1030","0","0","0"
"1031","0","0","0"
"1032","0","0","0"
"1033","0","0","0"
"1034","0","0","0"
"1035","0","0","0"
"1036","0","0","0"
"1037","0","0","0"
"1038","0","0","0"
"1039","0","0","0"
"1040","0","0","0"
"1041","0","0","0"
"1042","0","0","0"
"1043","0","0","0"
"1044","0","0","0"
"1045","0","0","0"
"1046","0","0","0"
"1047","0","0","0"
"1048","0","0","0"
"1049","0","0","0"
"1050","0","0","0"
"1051","0","0","0"
"1052","0","0","0"
"1053","0","0","0"
"1054","0","0","0"
"1055","0","0","0"
"1056","0","0","0"
"1057","0","0","0"
"1058","0","0","0"
"1059","0","0","0"
"1060","0","0","0"
"1061","0","0","0"
"1062","0","0","0"
"1063","0","0","0"
"1064","0","0","0"
"1065","0","0","0"
"1066","0","0","0"
"1067","0","0","0"
"1068","0","0","0"
"1069","0","0","0"
"1070","0","0","0"
"1071","0","0","0"
"1072","0","0","0"
"1073","0","0","0"
"1074","0","0","0"
"1075","0","0","0"
"1076","0","0","0"
"1077","0","0","0"
"1078","0","0","0"
"1079","0","0","0"
"1080","0","0","0"
"1081","0","0","0"
"1082","0","0","0"
"1083","0","0","0"
"1084","0","0","0"
"1085","0","0","0"
"1086","0","0","0"
"1087","0","0","0"
"1088","0","0","0"
"1089","0","0","0"
"1090","0","0","0"
"1091","0","0","0"
"1092","0","0","0"
"1093","0","0","0"
"1094","0","0","0"
"1095","0","0","0"
"1096","0","0","0"
"1097","0","0","0"
"1098","0","0","0"
"1099","0","0","0"
"1100","0","0","0"
"1101","0","0","0"
"1102","0","0","0"
"1103","0","0","0"
"1104","0","0","0"
"1105","0","0","0"
"1106","0","0","0"
"1107","0","0","0"
"1108","0","0","0"
"1109","0","0","0"
"1110","0","0","0"
"1111","0","0","0"
"1112","0","0","0"
"1113","0","0","0"
"1114","0","0","0"
"1115","0","0","0"
"1116","0","0","0"
"1117","0","0","0"
"1118","0","0","0"
"1119","0","0","0"
"1120","0","0","0"
"1121","0","0","0"
"1122","0","0","0"
"1123","0","0","0"
"1124","0","0","0"
"1125","0","0","0"
"1126","0","0","0"
"1127","0","0","0"
"1128","0","0","0"
"1129","0","0","0"
"1130","0","0","0"
"1131","0","0","0"
"1132","0","0","0"
"1133","0","0","0"
"1134","0","0","0"
"1135","0","0","0"
"1136","0","0","0"
"1137","0","0","0"
"1138","0","0","0"
"1139","0","0","0"
"1140","0","0","0"
"1141","0","0","0"
"1142","0","0","0"
"1143","0","0","0"
"1144","0","0","0"
"1145","0","0","0"
"1146","0","0","0"
"1147","0","0","0"
"1148","0","0","0"
"1149","0","0","0"
"1150","0","0","0"
"1151","0","0","0"
"1152","0","0","0"
"1153","0","0","0"
"1154","0","0","0"
"1155","0","0","0"
"1156","0","0","0"
"1157","0","0","0"
"1158","0","0","0"
"1159","0","0","0"
"1160","0","0","0"
"1161","0","0","0"
"1162","0","0","0"
"1163","0","0","0"
"1164","0","0","0"
"1165","0","0","0"
"1166","0","0","0"
"1167","0","0","0"
"1168","0","0","0"
"1169","0","0","0"
"1170","0","0","0"
"1171","0","0","0"
"1172","0","0","0"
"1173","0","0","0"
"1174","0","0","0"
"1175","0","0","0"
"1176","0","0","0"
"1177","0","0","0"
"1178","0","0","0"
"1179","0","0","0"
"1180","0","0","0"
"1181","0","0","0"
"1182","0","0","0"
"1183","0","0","0"
"1184","0","0","0"
"1185","0","0","0"
"1186","0","0","0"
"1187","0","0","0"
"1188","0","0","0"
"1189","0","0","0"
"1190","0","0","0"
"1191","0","0","0"
"1192","0","0","0"
"1193","0","0","0"
"1194","0","0","0"
"1195","0","0","0"
"1196","0","0","0"
"1197","0","0","0"
"1198","0","0","0"
"1199","0","0","0"
"1200","0","0","0"
"1201","0","0","0"
"1202","0","0","0"
"1203","0","0","0"
"1204","0","0","0"
"1205","0","0","0"
"1206","0","0","0"
"1207","0","0","0"
"1208","0","0","0"
"1209","0","0","0"
"1210","0","0","0"
"1211","0","0","0"
"1212","0","0","0"
"1213","0","0","0"
"1214","0","0","0"
"1215","0","0","0"
"1216","0","0","0"
"1217","0","0","0"
"1218","0","0","0"
"1219","0","0","0"
"1220","0","0","0"
"1221","0","0","0"
"1222","0","0","0"
"1223","0","0","0"
"1224","0","0","0"
"1225","0","0","0"
"1226","0","0","0"
"1227","0","0","0"
"1228","0","0","0"
"1229","0","0","0"
"1230","0","0","0"
"1231","0","0","0"
"1232","0","0","0"
"1233","0","0","0"
"1234","0","0","0"
"1235","0","0","0"
"1236","0","0","0"
"1237","0","0","0"
"1238","0","0","0"
"1239","0","0","0"
"1240","0","0","0"
"1241","0","0","0"
"1242","0","0","0"
"1243","0","0","0"
"1244","0","0","0"
"1245","0","0","0"
"1246","0","0","0"
"1247","0","0","0"
"1248","0","0","0"
"1249","0","0","0"
"1250","0","0","0"
"1251","0","0","0"
"1252","0","0","0"
"1253","0","0","0"
"1254","0","0","0"
"1255","0","0","0"
"1256","0","0","0"
"1257","0","0","0"
"1258","0","0","0"
"1259","0","0","0"
"1260","0","0","0"
"1261","0","0","0"
"1262","0","0","0"
"1263","0","0","0"
"1264","0","0","0"
"1265","0","0","0"
"1266","0","0","0"
"1267","0","0","0"
"1268","0","0","0"
"1269","0","0","0"
"1270","0","0","0"
"1271","0","0","0"
"1272","0","0","0"
"1273","0","0","0"
"1274","0","0","0"
"1275","0","0","0"
"1276","0","0","0"
"1277","0","0","0"
"1278","0","0","0"
"1279","0","0","0"
"1280","0","0","0"
"1281","0","0","0"
"1282","0","0","0"
"1283","0","0","0"
"1284","0","0","0"
"1285","0","0","0"
"1286","0","0","0"
"1287","0","0","0"
"1288","0","0","0"
"1289","0","0","0"
"1290","0","0","0"
"1291","0","0","0"
"1292","0","0","0"
"1293","0","0","0"
"1294","0","0","0"
"1295","0","0","0"
"1296","0","0","0"
"1297","0","0","0"
"1298","0","0","0"
"1299","0","0","0"
"1300","0","0","0"
"1301","0","0","0"
"1302","0","0","0"
"1303","0","0","0"
"1304","0","0","0"
"1305","0","0","0"
"1306","0","0","0"
"1307","0","0","0"
"1308","0","0","0"
"1309","0","0","0"
"1310","0","0","0"
"1311","0","0","0"
"1312","0","0","0"
"1313","0","0","0"
"1314","0","0","0"
"1315","0","0","0"
"1316","0","0","0"
"1317","0","0","0"
"1318","0","0","0"
"1319","0","0","0"
"1320","0","0","0"
"1321","0","0","0"
"1322","0","0","0"
"1323","0","0","0"
"1324","0","0","0"
"1325","0","0","0"
"1326","0","0","0"
"1327","0","0","0"
"1328","0","0","0"
"1329","0","0","0"
"1330","0","0","0"
"1331","0","0","0"
"1332","0","0","0"
"1333","0","0","0"
"1334","0","0","0"
"1335","0","0","0"
"1336","0","0","0"
"1337","0","0","0"
"1338","0","0","0"
"1339","0","0","0"
"1340","0","0","0"
"1341","0","0","0"
"1342","0","0","0"
"1343","0","0","0"
"1344","0","0","0"
"1345","0","0","0"
"1346","0","0","0"
"1347","0","0","0"
"1348","0","0","0"
"1349","0","0","0"
"1350","0","0","0"
"1351","0","0","0"
"1352","0","0","0"
"1353","0","0","0"
"1354","0","0","0"
"1355","0","0","0"
"1356","0","0","0"
"1357","0","0","0"
"1358","0","0","0"
"1359","0","0","0"
"1360","0","0","0"
"1361","0","0","0"
"1362","0","0","0"
"1363","0","0","0"
"1364","0","0","0"
"1365","0","0","0"
"1366","0","0","0"
"1367","0","0","0"
"1368","0","0","0"
"1369","0","0","0"
"1370","0","0","0"
"1371","0","0","0"
"1372","0","0","0"
"1373","0","0","0"
"1374","0","0","0"
"1375","0","0","0"
"1376","0","0","0"
"1377","0","0","0"
"1378","0","0","0"
"1379","0","0","0"
"1380","0","0","0"
"1381","0","0","0"
"1382","0","0","0"
"1383","0","0","0"
"1384","0","0","0"
"1385","0","0","0"
"1386","0","0","0"
"1387","0","0","0"
"1388","0","0","0"
"1389","0","0","0"
"1390","0","0","0"
"1391","0","0","0"
"1392","0","0","0"
"1393","0","0","0"
"1394","0","0","0"
"1395","0","0","0"
"1396","0","0","0"
"1397","0","0","0"
"1398","0","0","0"
"1399","0","0","0"
"1400","0","0","0"
"1401","0","0","0"
"1402","0","0","0"
"1403","0","0","0"
"1404","0","0","0"
"1405","0","0","0"
"1406","0","0","0"
"1407","0","0","0"
"1408","0","0","0"
"1409","0","0","0"
"1410","0","0","0"
"1411","0","0","0"
"1412","0","0","0"
"1413","0","0","0"
"1414","0","0","0"
"1415","0","0","0"
"1416","0","0","0"
"1417","0","0","0"
"1418","0","0","0"
"1419","0","0","0"
"1420","0","0","0"
"1421","0","0","0"
"1422","0","0","0"
"1423","0","0","0"
"1424","0","0","0"
"1425","0","0","0"
"1426","0","0","0"
"1427","0","0","0"
"1428","0","0","0"
"1429","0","0","0"
"1430","0","0","0"
"1431","0","0","0"
"1432","0","0","0"
"1433","0","0","0"
"1434","0","0","0"
"1435","0","0","0"
"1436","0","0","0"
"1437","0","0","0"
"1438","0","0","0"
"1439","0","0","0"
"1440","0","0","0"
"1441","0","0","0"
"1442","0","0","0"
"1443","0","0","0"
"1444","0","0","0"
"1445","0","0","0"
"1446","0","0","0"
"1447","0","0","0"
"1448","0","0","0"
"1449","0","0","0"
"1450","0","0","0"
"1451","0","0","0"
"1452","0","0","0"
"1453","0","0","0"
"1454","0","0","0"
"1455","0","0","0"
"1456","0","0","0"
"1457","0","0","0"
"1458","0","0","0"
"1459","0","0","0"
"1460","0","0","0"
"1461","0","0","0"
"1462","0","0","0"
"1463","0","0","0"
"1464","0","0","0"
"1465","0","0","0"
"1466","0","0","0"
"1467","0","0","0"
"1468","0","0","0"
"1469","0","0","0"
"1470","0","0","0"
"1471","0","0","0"
"1472","0","0","0"
"1473","0","0","0"
"1474","0","0","0"
"1475","0","0","0"
"1476","0","0","0"
"1477","0","0","0"
"1478","0","0","0"
"1479","0","0","0"
"1480","0","0","0"
"1481","0","0","0"
"1482","0","0","0"
"1483","0","0","0"
"1484","0","0","0"
"1485","0","0","0"
"1486","0","0","0"
"1487","0","0","0"
"1488","0","0","0"
"1489","0","0","0"
"1490","0","0","0"
"1491","0","0","0"
"1492","0","0","0"
"1493","0","0","0"
"1494","0","0","0"
"1495","0","0","0"
"1496","0","0","0"
"1497","0","0","0"
"1498","0","0","0"
"1499","0","0","0"
"1500","0","0","0"
"1501","0","0","0"
"1502","0","0","0"
"1503","0","0","0"
"1504","0","0","0"
"1505","0","0","0"
"1506","0","0","0"
"1507","0","0","0"
"1508","0","0","0"
"1509","0","0","0"
"1510","0","0","0"
"1511","0","0","0"
"1512","0","0","0"
"1513","0","0","0"
"1514","0","0","0"
"1515","0","0","0"
"1516","0","0","0"
"1517","0","0","0"
"1518","0","0","0"
"1519","0","0","0"
"1520","0","0","0"
"1521","0","0","0"
"1522","0","0","0"
"1523","0","0","0"
"1524","0","0","0"
"1525","0","0","0"
"1526","0","0","0"
"1527","0","0","0"
"1528","0","0","0"
"1529","0","0","0"
"1530","0","0","0"
"1531","0","0","0"
"1532","0","0","0"
"1533","0","0","0"
"1534","0","0","0"
"1535","0","0","0"
"1536","0","0","0"
"1537","0","0","0"
"1538","0","0","0"
"1539","0","0","0"
"1540","0","0","0"
"1541","0","0","0"
"1542","0","0","0"
"1543","0","0","0"
"1544","0","0","0"
"1545","0","0","0"
"1546","0","0","0"
"1547","0","0","0"
"1548","0","0","0"
"1549","0","0","0"
"1550","0","0","0"
"1551","0","0","0"
"1552","0","0","0"
"1553","0","0","0"
"1554","0","0","0"
"1555","0","0","0"
"1556","0","0","0"
"1557","0","0","0"
"1558","0","0","0"
"1559","0","0","0"
"1560","0","0","0"
"1561","0","0","0"
"1562","0","0","0"
"1563","0","0","0"
"1564","0","0","0"
"1565","0","0","0"
"1566","0","0","0"
"1567","0","0","0"
"1568","0","0","0"
"1569","0","0","0"
"1570","0","0","0"
"1571","0","0","0"
"1572","0","0","0"
"1573","0","0","0"
"1574","0","0","0"
"1575","0","0","0"
"1576","0","0","0"
"1577","0","0","0"
"1578","0","0","0"
"1579","0","0","0"
"1580","0","0","0"
"1581","0","0","0"
"1582","0","0","0"
"1583","0","0","0"
"1584","0","0","0"
"1585","0","0","0"
"1586","0","0","0"
"1587","0","0","0"
"1588","0","0","0"
"1589","0","0","0"
"1590","0","0","0"
"1591","0","0","0"
"1592","0","0","0"
"1593","0","0","0"
"1594","0","0","0"
"1595","0","0","0"
"1596","0","0","0"
"1597","0","0","0"
"1598","0","0","0"
"1599","0","0","0"
"1600","0","0","0"
"1601","0","0","0"
"1602","0","0","0"
"1603","0","0","0"
"1604","0","0","0"
"1605","0","0","0"
"1606","0","0","0"
"1607","0","0","0"
"1608","0","0","0"
"1609","0","0","0"
"1610","0","0","0"
"1611","0","0","0"
"1612","0","0","0"
"1613","0","0","0"
"1614","0","0","0"
"1615","0","0","0"
"1616","0","0","0"
"1617","0","0","0"
"1618","0","0","0"
"1619","0","0","0"
"1620","0","0","0"
"1621","0","0","0"
"1622","0","0","0"
"1623","0","0","0"
"1624","0","0","0"
"1625","0","0","0"
"1626","0","0","0"
"1627","0","0","0"
"1628","0","0","0"
"1629","0","0","0"
"1630","0","0","0"
"1631","0","0","0"
"1632","0","0","0"
"1633","0","0","0"
"1634","0","0","0"
"1635","0","0","0"
"1636","0","0","0"
"1637","0","0","0"
"1638","0","0","0"
"1639","0","0","0"
"1640","0","0","0"
"1641","0","0","0"
"1642","0","0","0"
"1643","0","0","0"
"1644","0","0","0"
"1645","0","0","0"
"1646","0","0","0"
"1647","0","0","0"
"1648","0","0","0"
"1649","0","0","0"
"1650","0","0","0"
"1651","0","0","0"
"1652","0","0","0"
"1653","0","0","0"
"1654","0","0","0"
"1655","0","0","0"
"1656","0","0","0"
"1657","0","0","0"
"1658","0","0","0"
"1659","0","0","0"
"1660","0","0","0"
"1661","0","0","0"
"1662","0","0","0"
"1663","0","0","0"
"1664","0","0","0"
"1665","0","0","0"
"1666","0","0","0"
"1667","0","0","0"
"1668","0","0","0"
"1669","0","0","0"
"1670","0","0","0"
"1671","0","0","0"
"1672","0","0","0"
"1673","0","0","0"
"1674","0","0","0"
"1675","0","0","0"
"1676","0","0","0"
"1677","0","0","0"
"1678","0","0","0"
"1679","0","0","0"
"1680","0","0","0"
"1681","0","0","0"
"1682","0","0","0"
"1683","0","0","0"
"1684","0","0","0"
"1685","0","0","0"
"1686","0","0","0"
"1687","0","0","0"
"1688","0","0","0"
"1689","0","0","0"
"1690","0","0","0"
"1691","0","0","0"
"1692","0","0","0"
"1693","0","0","0"
"1694","0","0","0"
"1695","0","0","0"
"1696","0","0","0"
"1697","0","0","0"
"1698","0","0","0"
"1699","0","0","0"
"1700","0","0","0"
"1701","0","0","0"
"1702","0","0","0"
"1703","0","0","0"
"1704","0","0","0"
"1705","0","0","0"
"1706","0","0","0"
"1707","0","0","0"
"1708","0","0","0"
"1709","0","0","0"
"1710","0","0","0"
"1711","0","0","0"
"1712","0","0","0"
"1713","0","0","0"
"1714","0","0","0"
"1715","0","0","0"
"1716","0","0","0"
"1717","0","0","0"
"1718","0","0","0"
"1719","0","0","0"
"1720","0","0","0"
"1721","0","0","0"
"1722","0","0","0"
"1723","0","0","0"
"1724","0","0","0"
"1725","0","0","0"
"1726","0","0","0"
"1727","0","0","0"
"1728","0","0","0"
"1729","0","0","0"
"1730","0","0","0"
"1731","0","0","0"
"1732","0","0","0"
"1733","0","0","0"
"1734","0","0","0"
"1735","0","0","0"
"1736","0","0","0"
"1737","0","0","0"
"1738","0","0","0"
"1739","0","0","0"
"1740","0","0","0"
"1741","0","0","0"
"1742","0","0","0"
"1743","0","0","0"
"1744","0","0","0"
"1745","0","0","0"
"1746","0","0","0"
"1747","0","0","0"
"1748","0","0","0"
"1749","0","0","0"
"1750","0","0","0"
"1751","0","0","0"
"1752","0","0","0"
"1753","0","0","0"
"1754","0","0","0"
"1755","0","0","0"
"1756","0","0","0"
"1757","0","0","0"
"1758","0","0","0"
"1759","0","0","0"
"1760","0","0","0"
"1761","0","0","0"
"1762","0","0","0"
"1763","0","0","0"
"1764","0","0","0"
"1765","0","0","0"
"1766","0","0","0"
"1767","0","0","0"
"1768","0","0","0"
"1769","0","0","0"
"1770","0","0","0"
"1771","0","0","0"
"1772","0","0","0"
"1773","0","0","0"
"1774","0","0","0"
"1775","0","0","0"
"1776","0","0","0"
"1777","0","0","0"
"1778","0","0","0"
"1779","0","0","0"
"1780","0","0","0"
"1781","0","0","0"
"1782","0","0","0"
"1783","0","0","0"
"1784","0","0","0"
"1785","0","0","0"
"1786","0","0","0"
"1787","0","0","0"
"1788","0","0","0"
"1789","0","0","0"
"1790","0","0","0"
"1791","0","0","0"
"1792","0","0","0"
"1793","0","0","0"
"1794","0","0","0"
"1795","0","0","0"
"1796","0","0","0"
"1797","0","0","0"
"1798","0","0","0"
"1799","0","0","0"
"1800","0","0","0"
"1801","0","0","0"
"1802","0","0","0"
"1803","0","0","0"
"1804","0","0","0"
"1805","0","0","0"
"1806","0","0","0"
"1807","0","0","0"
"1808","0","0","0"
"1809","0","0","0"
"1810","0","0","0"
"1811","0","0","0"
"1812","0","0","0"
"1813","0","0","0"
"1814","0","0","0"
"1815","0","0","0"
"1816","0","0","0"
"1817","0","0","0"
"1818","0","0","0"
"1819","0","0","0"
"1820","0","0","0"
"1821","0","0","0"
"1822","0","0","0"
"1823","0","0","0"
"1824","0","0","0"
"1825","0","0","0"
"1826","0","0","0"
"1827","0","0","0"
"1828","0","0","0"
"1829","0","0","0"
"1830","0","0","0"
"1831","0","0","0"
"1832","0","0","0"
"1833","0","0","0"
"1834","0","0","0"
"1835","0","0","0"
"1836","0","0","0"
"1837","0","0","0"
"1838","0","0","0"
"1839","0","0","0"
"1840","0","0","0"
"1841","0","0","0"
"1842","0","0","0"
"1843","0","0","0"
"1844","0","0","0"
"1845","0","0","0"
"1846","0","0","0"
"1847","0","0","0"
"1848","0","0","0"
"1849","0","0","0"
"1850","0","0","0"
"1851","0","0","0"
"1852","0","0","0"
"1853","0","0","0"
"1854","0","0","0"
"1855","0","0","0"
"1856","0","0","0"
"1857","0","0","0"
"1858","0","0","0"
"1859","0","0","0"
"1860","0","0","0"
"1861","0","0","0"
"1862","0","0","0"
"1863","0","0","0"
"1864","0","0","0"
"1865","0","0","0"
"1866","0","0","0"
"1867","0","0","0"
"1868","0","0","0"
"1869","0","0","0"
"1870","0","0","0"
"1871","0","0","0"
"1872","0","0","0"
"1873","0","0","0"
"1874","0","0","0"
"1875","0","0","0"
"1876","0","0","0"
"1877","0","0","0"
"1878","0","0","0"
"1879","0","0","0"
"1880","0","0","0"
"1881","0","0","0"
"1882","0","0","0"
"1883","0","0","0"
"1884","0","0","0"
"1885","0","0","0"
"1886","0","0","0"
"1887","0","0","0"
"1888","0","0","0"
"1889","0","0","0"
"1890","0","0","0"
"1891","0","0","0"
"1892","0","0","0"
"1893","0","0","0"
"1894","0","0","0"
"1895","0","0","0"
"1896","0","0","0"
"1897","0","0","0"
"1898","0","0","0"
"1899","0","0","0"
"1900","0","0","0"
"1901","0","0","0"
"1902","0","0","0"
"1903","0","0","0"
"1904","0","0","0"
"1905","0","0","0"
"1906","0","0","0"
"1907","0","0","0"
"1908","0","0","0"
"1909","0","0","0"
"1910","0","0","0"
"1911","0","0","0"
"1912","0","0","0"
"1913","0","0","0"
"1914","0","0","0"
"1915","0","0","0"
"1916","0","0","0"
"1917","0","0","0"
"1918","0","0","0"
"1919","0","0","0"
"1920","0","0","0"
"1921","0","0","0"
"1922","0","0","0"
"1923","0","0","0"
"1924","0","0","0"
"1925","0","0","0"
"1926","0","0","0"
"1927","0","0","0"
"1928","0","0","0"
"1929","0","0","0"
"1930","0","0","0"
"1931","0","0","0"
"1932","0","0","0"
"1933","0","0","0"
"1934","0","0","0"
"1935","0","0","0"
"1936","0","0","0"
"1937","0","0","0"
"1938","0","0","0"
"1939","0","0","0"
"1940","0","0","0"
"1941","0","0","0"
"1942","0","0","0"
"1943","0","0","0"
"1944","0","0","0"
"1945","0","0","0"
"1946","0","0","0"
"1947","0","0","0"
"1948","0","0","0"
"1949","0","0","0"
"1950","0","0","0"
"1951","0","0","0"
"1952","0","0","0"
"1953","0","0","0"
"1954","0","0","0"
"1955","0","0","0"
"1956","0","0","0"
"1957","0","0","0"
"1958","0","0","0"
"1959","0","0","0"
"1960","0","0","0"
"1961","0","0","0"
"1962","0","0","0"
"1963","0","0","0"
"1964","0","0","0"
"1965","0","0","0"
"1966","0","0","0"
"1967","0","0","0"
"1968","0","0","0"
"1969","0","0","0"
"1970","0","0","0"
"1971","0","0","0"
"1972","0","0","0"
"1973","0","0","0"
"1974","0","0","0"
"1975","0","0","0"
"1976","0","0","0"
"1977","0","0","0"
"1978","0","0","0"
"1979","0","0","0"
"1980","0","0","0"
"1981","0","0","0"
"1982","0","0","0"
"1983","0","0","0"
"1984","0","0","0"
"1985","0","0","0"
"1986","0","0","0"
"1987","0","0","0"
"1988","0","0","0"
"1989","0","0","0"
"1990","0","0","0"
"1991","0","0","0"
"1992","0","0","0"
"1993","0","0","0"
"1994","0","0","0"
"1995","0","0","0"
"1996","0","0","0"
"1997","0","0","0"
"1998","0","0","0"
"1999","0","0","0"
"2000","0","0","0"